land,date,election,institut,auftraggeber,methode,befragte,zeitraum,CDU/CSU,SPD,GRÜNE,FDP,LINKE,AfD,BSW,FW,PIRATEN,SSW,NPD,BIW,Sonstige,weitere
baden-wuerttemberg,1992-04-05,1,,,,,,39.6,29.4,9.5,5.9,,,,,,,,,2.9,REP=10.9;ÖDP=1.9
baden-wuerttemberg,1995-11-24,0,Infratest Burke,Stuttgarter Zeitung,T,1005,09.11.–17.11.,43,26,18,4,,,,,,,,,6,REP=3
baden-wuerttemberg,1996-01-19,0,Infratest Burke,Stuttgarter Zeitung,T,1003,04.01.–14.01.,43,26,17,6,,,,,,,,,4,REP=4
baden-wuerttemberg,1996-02-16,0,Infratest Burke,Stuttgarter Zeitung,T,1002,01.02.–08.02.,45,27,14,6,,,,,,,,,4,REP=4
baden-wuerttemberg,1996-03-16,0,Infratest Burke,Stuttgarter Zeitung,T,1508,04.03.–15.03.,42,30.5,14,6,,,,,,,,,,REP=4.5
baden-wuerttemberg,1996-03-24,1,,,,,,41.3,25.1,12.1,9.6,,,,,,,,,1.3,REP=9.1;ÖDP=1.5
baden-wuerttemberg,1999-05-22,0,Infratest dimap,Stuttgarter Zeitung,T,1000,27.04.–19.05.,48,29,9,8,,,,,,,,,2,REP=4
baden-wuerttemberg,1999-10-16,0,Infratest dimap,Stuttgarter Zeitung,T,1000,27.09.–13.10.,49,27,9,7,,,,,,,,,4,REP=4
baden-wuerttemberg,2000-01-13,0,Infratest dimap,SWR,T,1000,05.01.–10.01.,45,31,10,8,,,,,,,,,3,REP=3
baden-wuerttemberg,2000-06-08,0,Forsa,Stuttgarter Zeitung,T 1.001 29.05.–05.06.,,,42,28,8,12,,,,,,,,,4,REP=6
baden-wuerttemberg,2000-07-14,0,Infratest dimap,SWR,T,1000,06.07.–11.07.,44,31,9,9,,,,,,,,,3,REP=4
baden-wuerttemberg,2000-10-20,0,Infratest dimap,SWR,T,1000,12.10.–17.10.,43,32,9,10,,,,,,,,,3,REP=3
baden-wuerttemberg,2000-12-09,0,Forsa,Stuttgarter Zeitung,T 1.006 29.11.–05.12.,,,40,30,10,10,,,,,,,,,4,REP=6
baden-wuerttemberg,2000-12-15,0,Infratest dimap,Badische Zeitung,T,1000,07.12.–12.12.,42,32,9,10,,,,,,,,,3,REP=4
baden-wuerttemberg,2001-01-26,0,Infratest dimap,Badische Zeitung,T,1000,18.01.–23.01.,40,32,10,10,,,,,,,,,3,REP=5
baden-wuerttemberg,2001-02-17,0,Forsa,Stuttgarter Zeitung,T 1.018 08.02.–14.02.,,,39,31,10,10,,,,,,,,,4,REP=6
baden-wuerttemberg,2001-03-01,0,Infratest dimap,SWR,T,1000,19.02.–24.02.,39,35,8,10,,,,,,,,,3,REP=5
baden-wuerttemberg,2001-03-09,0,Forschungsgruppe Wahlen,"ZDF, SZ, Mannheimer Morgen",T,1010,05.03.–08.03.,41,36,8,8,,,,,,,,,2,REP=5
baden-wuerttemberg,2001-03-15,0,Infratest dimap,SWR,T,1000,09.03.–14.03.,41,35,8.5,8.5,,,,,,,,,2,REP=5
baden-wuerttemberg,2001-03-20,0,Forsa,Stuttgarter Zeitung,T 1.004 12.03.–17.03.,,,41,32,8,9,,,,,,,,,4,REP=6
baden-wuerttemberg,2001-03-25,1,,,,,,44.8,33.3,7.7,8.1,,,,,,,,,1.7,REP=4.4
baden-wuerttemberg,2003-02-11,0,Allensbach,Staats- ministerium,T,1100,03.02.–07.02.,54,24,10,8,,,,,,,,,4,
baden-wuerttemberg,2003-09-30,0,Allensbach,Staats- ministerium,T 12.09.–25.09.,,,52,25,11,7,,,,,,,,,5,
baden-wuerttemberg,2004-02-12,0,Infratest dimap,SWR,T,,,52,26,11,8,,,,,,,,,3,
baden-wuerttemberg,2004-07-06,0,Allensbach,Staats- ministerium,T,1000,05.06.–17.06.,50.5,25,11.5,7,,,,,,,,,6,
baden-wuerttemberg,2004-07-27,0,Infratest dimap,SWR,T,1004,23.07.–26.07.,48,23,17,6,,,,,,,,,6,
baden-wuerttemberg,2004-10-17,0,Emnid,FOCUS,T,,,49,26,15,7,,,,,,,,,3,
baden-wuerttemberg,2004-10-19,0,IfM Leipzig,Stuttgarter Zeitung,T,1008,,49,27,13,7,,,,,,,,,4,
baden-wuerttemberg,2004-11-02,0,Forsa,Stern,T,1002,29.10.–30.10.,50,28,9,6,,,,,,,,,7,
baden-wuerttemberg,2004-11-19,0,IfM Leipzig,Stuttgarter Zeitung,T,1000,16.11.–18.11.,49,29,10,6,,,,,,,,,6,
baden-wuerttemberg,2005-10-25,0,Allensbach,Staats- ministerium,T,1000,28.09.–13.10.,45,30,8.5,8.5,4,,,,,,,,4,
baden-wuerttemberg,2006-02-02,0,Infratest dimap,SWR,T,1000,30.01.–01.02.,45,29,9,9,,,,,,,,,4,
baden-wuerttemberg,2006-02-10,0,IfM Leipzig,Stuttgarter Zeitung,T,1001,06.02.–08.02.,49,30,7,8,,,,,,,,,2,REP=2
baden-wuerttemberg,2006-03-02,0,Infratest dimap,"ARD, SWR",T,1000,28.02.–01.03.,46,29,10,8,,,,,,,,,4,
baden-wuerttemberg,2006-03-16,0,IfM Leipzig,Stuttgarter Zeitung,T,1008,13.03.–15.03.,43,31,10,9,,,,,,,,,2,REP=3
baden-wuerttemberg,2006-03-16,0,Infratest dimap,SWR,T,1000,13.03.–15.03.,46,28,10,9,,,,,,,,,2,REP=3
baden-wuerttemberg,2006-03-17,0,Forschungsgruppe Wahlen,ZDF,T,1000,13.03.–16.03.,45,30,10,8,,,,,,,,,1,REP=3
baden-wuerttemberg,2006-03-21,0,Emnid,N24,T,1000,07.03.–18.03.,45,29,10,9,,,,,,,,,5,
baden-wuerttemberg,2006-03-26,1,,,,,,44.2,25.2,11.7,10.7,,,,,,,,,2.8,REP=2.5
baden-wuerttemberg,2006-07-06,0,Forsa,n-tv,T,1403,12.06.–04.07.,43,23,12,12,5,,,,,,,,5,
baden-wuerttemberg,2006-12-21,0,Forsa,n-tv,T,1220,20.11.–15.12.,44,20,13,12,4,,,,,,,,5,REP=2
baden-wuerttemberg,2007-03-29,0,Infratest dimap,SWR,T,10001604,,41,26,16,10,2,,,,,,,,5,
baden-wuerttemberg,2007-03-29,0,Infratest dimap,SWR,T,1000,26.03.–27.03.,41,26,14,9,4,,,,,,,,3,Rechte=3
baden-wuerttemberg,2007-04-19,0,Forsa,n-tv,T,,,40,26,13,12,3,,,,,,,,6,
baden-wuerttemberg,2007-07-26,0,Forsa,n-tv,T,1034,02.07.–24.07.,43,19,13,12,6,,,,,,,,7,
baden-wuerttemberg,2008-09-30,0,Uni Halle/ Uni Stuttgart,Stuttgarter Nachrichten,T,1000,08.09.–20.09.,39.9,26,17.2,10.2,4.8,,,,,,,,1.9,
baden-wuerttemberg,2009-06-12,0,Infratest dimap,SWR,T,1000,02.06.–03.06.,40,21,14,15,4,,,,,,,,6,
baden-wuerttemberg,2009-07-07,0,Infratest Sozialforschung,SPD- LT-Fraktion,T,1000,20.04.–03.05.,39,22,15,14,6,,,,,,,,4,
baden-wuerttemberg,2010-02-18,0,Infratest dimap,"SWR, Stuttgarter Zeitung",T,100017022010,,43,20,17,11,4,,,,,,,,5,
baden-wuerttemberg,2010-03-17,0,Allensbach,Staats- ministerium,T,1030,24.02.–08.03.,43,21,18,8,5.5,,,,,,,,4.5,
baden-wuerttemberg,2010-04-20,0,Infratest Politikforschung,SPD- LT-Fraktion,T,991,23.03.–13.04.,41,23,17,8,5,,,,,,,,6,
baden-wuerttemberg,2010-07-27,0,Infratest Politikforschung,SPD- LT-Fraktion,T,1000,12.07.–15.07.,37,25,20,7,5,,,,,,,,6,
baden-wuerttemberg,2010-09-01,0,Forsa,Stern,T,1068,16.08.–27.08.,37,24,24,6,4,,,,,,,,5,
baden-wuerttemberg,2010-09-08,0,Infratest dimap,"SWR, Stuttgarter Zeitung",T,1000,02.09.–07.09.,35,21,27,5,5,,,,,,,,7,
baden-wuerttemberg,2010-10-08,0,abs Marktforschung,Ulmer City Marketing,T,968,05.10.–06.10.,28,17,36,8,7,,,,,,,,,
baden-wuerttemberg,2010-10-09,0,TNS Forschung,SPIEGEL,T,1002,06.10.–07.10.,34,19,32,6,5,,,,,,,,4,
baden-wuerttemberg,2010-11-19,0,Allensbach,Allensbach,F,1096,01.10.–15.10.,38,22,26,5,5,,,,,,,,4,
baden-wuerttemberg,2010-11-26,0,Forschungsgruppe Wahlen,ZDF,T,1910,22.11.–24.11.,39,19,26,5,4,,,,,,,,7,
baden-wuerttemberg,2010-12-02,0,Infratest dimap,"SWR, Stuttgarter Zeitung",T,10100112,,39,18,28,5,5,,,,,,,,5,
baden-wuerttemberg,2010-12-19,0,Emnid,Focus,T,1001,07.12.–15.12.,41,19,29,4,4,,,,,,,,3,
baden-wuerttemberg,2011-01-29,0,Emnid,Focus,T,1022,24.01.–27.01.,40,20,27,5,4,,,,,,,,4,
baden-wuerttemberg,2011-02-03,0,Infratest dimap,"SWR, Stuttgarter Zeitung",T,1000,01.02.–02.02.,39,21,24,6,5,,,,,,,,5,
baden-wuerttemberg,2011-02-04,0,Forschungsgruppe Wahlen,ZDF,T,1146,31.01.–02.02.,41,19,25,6,4,,,,,,,,5,
baden-wuerttemberg,2011-02-13,0,Emnid,Focus,T,1000,04.02.–10.02.,40,19,25,7,4,,,,,,,,5,
baden-wuerttemberg,2011-02-20,0,Emnid,Focus,T,1000,11.02.–17.02.,40,20,23,7,5,,,,,,,,5,
baden-wuerttemberg,2011-02-26,0,Customer Research 42,Schwäbische Zeitung,T,705,08.02.–19.02.,35,21.6,21.2,5.2,5.9,,,,,,,,11.1,
baden-wuerttemberg,2011-02-26,0,Uni Freiburg,Badische Zeitung,T,1126,31.01.–22.02.,41.1,22.7,24.2,6,2.8,,,,,,,,3.2,
baden-wuerttemberg,2011-02-27,0,Emnid,Focus,T,1000,18.02.–24.02.,40,23,22,6,4,,,,,,,,5,
baden-wuerttemberg,2011-03-02,0,Forsa,"Stern, RTL",T,1001,21.02.–25.02.,39,26,19,6,4,,,,,,,,6,
baden-wuerttemberg,2011-03-04,0,Emnid,Focus,T,1000,24.02.–01.03.,38,25,21,8,4,,,,,,,,4,
baden-wuerttemberg,2011-03-11,0,Forsa,"StN, Reutlinger General-Anzeiger",T,1004,03.03.–08.03.,40,26,20,5,4,,,,,,,,5,
baden-wuerttemberg,2011-03-12,0,Emnid,Focus,T,1000,04.03.–10.03.,39,24,20,7,5,,,,,,,,5,
baden-wuerttemberg,2011-03-14,0,Infratest dimap,"SWR, Stuttgarter Zeitung",T,1001,10.03.–12.03.,42,22,21,6,4,,,,,,,,5,
baden-wuerttemberg,2011-03-17,0,Infratest dimap,ARD,T,1250,14.03.–17.03.,39,22,24,5.5,4.5,,,,,,,,5,
baden-wuerttemberg,2011-03-18,0,Forschungsgruppe Wahlen,ZDF,T,1382,15.03.–17.03.,38,22.5,25,5,4.5,,,,,,,,5,
baden-wuerttemberg,2011-03-20,0,Emnid,Focus,T,5001703,,38,22,25,6,4,,,,,,,,5,
baden-wuerttemberg,2011-03-24,0,Forsa,"stern.de, RTL",T,1025,16.03.–22.03.,38,24,24,5,4,,,,,,,,5,
baden-wuerttemberg,2011-03-25,0,Emnid,Focus,T,1000,18.03.–24.03.,38,23,25,5,4,,,,,,,,5,
baden-wuerttemberg,2011-03-25,0,YouGov,YouGov,O,1003,20.03.–24.03.,36,22,26,6,5,,,,,,,,5,
baden-wuerttemberg,2011-03-27,1,,,,,,39,23.1,24.2,5.3,2.8,,,,2.1,,,,2.4,REP=1.1
baden-wuerttemberg,2011-05-04,0,Forsa,"stern.de, RTL",T,1004,18.04.–29.04.,36,22,30,4,2,,,,,,,,,
baden-wuerttemberg,2011-08-18,0,Infratest dimap,"SWR, Stuttgarter Zeitung",T,1000,16.08.–17.08.,36,23,29,4,3,,,,,,,,5,
baden-wuerttemberg,2011-11-17,0,Infratest dimap,"SWR, Stuttgarter Zeitung, Uni Stuttgart, Bertelsmann Stift.",T,2403,08.11.–16.11.,37,22,29,3,2,,,,,,,,3,PIR=4
baden-wuerttemberg,2011-11-20,0,Emnid,Focus,T,1002,15.11.–17.11.,34,20,32,4,3,,,,,,,,,PIR=4
baden-wuerttemberg,2012-05-10,0,Infratest dimap,"SWR, Stuttgarter Zeitung",T,1000,07.05.–08.05.,37,21,28,4,2,,,,,,,,2,PIR=6
baden-wuerttemberg,2013-05-16,0,Infratest dimap,"SWR, Stuttgarter Zeitung",T,1005,13.05.–15.05.,39,19,28,4,2,2,,,,,,,3,PIR=3
baden-wuerttemberg,2013-11-07,0,Infratest dimap,"SWR, Stuttgarter Zeitung",T,1004,04.11.–05.11.,43,19,22,4,4,5,,,,,,,3,
baden-wuerttemberg,2014-05-13,0,Infratest dimap,SWR,T,1000,06.05.–11.05.,41,20,21,3,4,6,,,,,,,5,
baden-wuerttemberg,2014-09-17,0,TNS Infratest,SPD-LT Fraktion,T,707,,41,19,23,4,4,4,,,,,,,,
baden-wuerttemberg,2014-11-13,0,Infratest dimap,"SWR, Stuttgarter Zeitung",T,1000,10.11.–11.11.,41,20,22,3,4,5,,,,,,,5,
baden-wuerttemberg,2015-03-26,0,Infratest dimap,"SWR, Stuttgarter Zeitung",T,1000,19.03.–24.03.,38,18,25,5,5,4,,,,,,,5,
baden-wuerttemberg,2015-05-12,0,Forsa,stern,T,1010,23.04.–07.05.,38,20,26,4,4,4,,,,,,,4,
baden-wuerttemberg,2015-09-11,0,Allensbach,Allensbach,F,1047,18.07.–12.08.,40.5,20,24,4.5,4,3,,,,,,,4,
baden-wuerttemberg,2015-09-24,0,Infratest dimap,"SWR, Stuttgarter Zeitung",T,1000,17.09.–22.09.,39,17,26,5,4,5,,,,,,,4,
baden-wuerttemberg,2015-10-09,0,INSA,BILD,T,1003,24.09.–06.10.,40,16,24,5,5,8,,,,,,,2,
baden-wuerttemberg,2015-11-20,0,Forschungsgruppe Wahlen,ZDF,T,1040,16.11.–18.11.,37,18,27,5,3,6,,,,,,,4,
baden-wuerttemberg,2015-12-03,0,Infratest dimap,"SWR, Stuttgarter Zeitung",T,1000,26.11.–01.12.,37,18,25,5,4,8,,,,,,,3,
baden-wuerttemberg,2015-12-15,0,Forsa,stern,T,1064,02.12.–11.12.,35,19,28,5,3,7,,,,,,,3,
baden-wuerttemberg,2016-01-14,0,Infratest dimap,"SWR, Stuttgarter Zeitung",T,1000,07.01.–12.01.,35,15,28,6,3,10,,,,,,,3,
baden-wuerttemberg,2016-01-20,0,INSA,CDU-LV,T,1000,11.01.–18.01.,35,13,29,6.5,2.5,11.5,,,,,,,2.5,
baden-wuerttemberg,2016-01-21,0,Forschungsgruppe Wahlen,ZDF,T,1069,18.01.–20.01.,34,15,28,6,3,11,,,,,,,3,
baden-wuerttemberg,2016-02-05,0,INSA,BILD,T,1000,26.01.–01.02.,33.5,13.5,28.5,7,3.5,10,,,,,,,4,
baden-wuerttemberg,2016-02-12,0,Customer Research 42,Schwäbische Zeitung,T,1000,27.01.–07.02.,33.1,15.6,26.1,5.1,5.5,10.5,,,,,,,4.1,
baden-wuerttemberg,2016-02-18,0,Infratest dimap,"SWR, Stuttgarter Zeitung",T,1000,11.02.–16.02.,31,14,28,8,4,12,,,,,,,3,
baden-wuerttemberg,2016-02-22,0,INSA,BILD,T,1000,19.02.–20.02.,30,16,30.5,7,3,10,,,,,,,3.5,
baden-wuerttemberg,2016-02-26,0,Forsa,"EZ, LKZ, PZ, GEA",T,1069,16.02.–22.02.,30,16,30,6,3,11,,,,,,,4,
baden-wuerttemberg,2016-02-28,0,INSA,BILD,T,1030,25.02.–27.02.,30,16.5,30.5,6.5,3.5,9,,,,,,,4,
baden-wuerttemberg,2016-03-03,0,Infratest dimap,ARD,T,1002,29.02.–02.03.,28,13,32,8,4,13,,,,,,,2,
baden-wuerttemberg,2016-03-04,0,Forschungsgruppe Wahlen,ZDF,T,1058,29.02.–03.03.,30,13,32,7,4,11,,,,,,,3,
baden-wuerttemberg,2016-03-07,0,INSA,BILD,T,1005,01.03.–05.03.,28.5,12.5,33.5,6,3,12.5,,,,,,,4,
baden-wuerttemberg,2016-03-09,0,Forsa,RTL,T,1002,02.03.–08.03.,27,16,32,7,3,11,,,,,,,4,
baden-wuerttemberg,2016-03-10,0,Forschungsgruppe Wahlen,ZDF,T,1711,07.03.–10.03.,29,14,32,6,4,11,,,,,,,4,
baden-wuerttemberg,2016-03-10,0,YouGov,YouGov,O,974,02.03.–09.03.,30,12,32,8,4,11,,,,,,,3,
baden-wuerttemberg,2016-03-13,1,,,,,,27,12.7,30.3,8.3,2.9,15.1,,,,,,,3.7,
baden-wuerttemberg,2016-09-15,0,Infratest dimap,"SWR, Stuttgarter Zeitung",T,1001,09.09.–13.09.,26,13,31,7,3,17,,,,,,,3,
baden-wuerttemberg,2017-03-09,0,Infratest dimap,"SWR, Stuttgarter Zeitung",T,1004,03.03.–07.03.,28,20,27,7,4,11,,,,,,,3,
baden-wuerttemberg,2018-01-31,0,Infratest dimap,"SWR, Stuttgarter Zeitung",T,1003,26.01.–30.01.,29,12,29,8,6,12,,,,,,,4,
baden-wuerttemberg,2018-02-25,0,Forsa,RTL/n-tv,T,1003,08.02.–22.02.,27,12,32,9,4,12,,,,,,,4,
baden-wuerttemberg,2018-09-12,0,INSA,BILD,TOM,1046,01.09.–06.09.,25,12,27,9,5,18,,,,,,,4,
baden-wuerttemberg,2018-09-12,0,Infratest dimap,"SWR, Stuttgarter Zeitung",T,1003,05.09.–10.09.,28,11,29,7,7,15,,,,,,,3,
baden-wuerttemberg,2019-02-04,0,Forsa,RTL/n-tv,T,1007,29.01.–01.02.,23,9,33,9,6,13,,,,,,,7,
baden-wuerttemberg,2019-02-15,0,INSA,BILD,TOM,1006,07.02.–12.02.,27,13,29,9,5,12,,,,,,,5,
baden-wuerttemberg,2019-03-28,0,Infratest dimap,"SWR, Stuttgarter Zeitung",T,1002,20.03.–26.03.,28,12,32,9,4,11,,,,,,,4,
baden-wuerttemberg,2019-05-10,0,INSA,BILD,O,1040,06.05.–08.05.,27,11,28,10,6,12,,2,,,,,4,
baden-wuerttemberg,2019-09-19,0,Infratest dimap,"SWR, Stuttgarter Zeitung",T,1004,16.09.–17.09.,26,8,38,8,3,12,,,,,,,5,
baden-wuerttemberg,2019-10-30,0,INSA,BILD,O,1036,23.10.–28.10.,27,11,30,9,4,13,,,,,,,6,
baden-wuerttemberg,2020-03-12,0,Infratest dimap,"SWR, Stuttgarter Zeitung",T,1001,05.03.–10.03.,23,11,36,7,5,14,,,,,,,4,
baden-wuerttemberg,2020-04-22,0,INSA,BILD,TOM,1523,15.04.–20.04.,31,13,29,7,4,11,,,,,,,5,
baden-wuerttemberg,2020-04-30,0,Infratest dimap,SWR,T,1003,27.04.–28.04.,30,11,34,6,3,12,,,,,,,4,
baden-wuerttemberg,2020-09-10,0,INSA,BILD,O,1000,02.09.–07.09.,31,12,28,7,5,12,,,,,,,5,
baden-wuerttemberg,2020-10-15,0,Infratest dimap,"SWR, Stuttgarter Zeitung",T,1001,08.10.–13.10.,29,11,34,6,4,11,,,,,,,5,
baden-wuerttemberg,2020-11-19,0,INSA,BILD,O,1001,10.11.–16.11.,31,11,29,7,5,12,,,,,,,5,
baden-wuerttemberg,2020-12-17,0,Infratest dimap,SWR,T,1001,14.12.–16.12.,30,10,35,7,3,11,,,,,,,4,
baden-wuerttemberg,2021-01-13,0,INSA,BILD,O,1010,05.01.–11.01.,30,12,30,8,4,12,,,,,,,4,
baden-wuerttemberg,2021-02-04,0,Infratest dimap,"SWR, Stuttgarter Zeitung",T,1000,01.02.–02.02.,27,11,34,9,3,10,,,,,,,6,
baden-wuerttemberg,2021-02-05,0,Forschungsgruppe Wahlen,ZDF,T,1032,01.02.–04.02.,28,10,34,9,3,11,,,,,,,5,
baden-wuerttemberg,2021-02-13,0,INSA,BILD,O,1009,08.02.–11.02.,28,11,31,10,4,11,,1,,,,,4,
baden-wuerttemberg,2021-03-04,0,Infratest dimap,ARD,TOM,1185,01.03.–03.03.,25,10,33,10,4,12,,,,,,,6,
baden-wuerttemberg,2021-03-05,0,Forschungsgruppe Wahlen,ZDF,T,1032,01.03.–04.03.,24,10,35,10,3,11,,,,,,,7,
baden-wuerttemberg,2021-03-10,0,INSA,BILD,TOM,1558,01.03.–07.03.,25,10,32,11,3,12,,2,,,,,5,
baden-wuerttemberg,2021-03-11,0,Forschungsgruppe Wahlen,ZDF,T,1867,08.03.–11.03.,24,10,34,11,3,11,,,,,,,7,
baden-wuerttemberg,2021-03-12,0,INSA,BILD,TOM,1066,11.03.–12.03.,23,11,32,11,4,13,,,,,,,6,
baden-wuerttemberg,2021-03-14,1,,,,,,24.1,11,32.6,10.5,3.6,9.7,,3,,,,,5.5,
baden-wuerttemberg,2021-10-12,0,INSA,BILD,O,1000,04.10.–11.10.,20,21,24,16,3,9,,,,,,,7,
baden-wuerttemberg,2021-10-14,0,Infratest dimap,"SWR, Stuttgarter Zeitung",TOM,1162,07.10.–12.10.,17,20,27,15,3,9,,3,,,,,6,
baden-wuerttemberg,2022-01-20,0,Infratest dimap,"SWR, Stuttgarter Zeitung",TOM,1166,13.01.–18.01.,23,16,26,12,4,11,,,,,,,8,
baden-wuerttemberg,2022-03-10,0,Infratest dimap,"SWR, Stuttgarter Zeitung",TOM,1152,04.03.–08.03.,24,18,27,13,3,9,,,,,,,6,
baden-wuerttemberg,2022-04-06,0,INSA,BILD,O,1000,28.03.–04.04.,23,19,25,11,3,10,,,,,,,9,
baden-wuerttemberg,2022-04-21,0,Infratest dimap,SWR,TOM,1170,12.04.–19.04.,26,15,28,11,3,9,,,,,,,8,
baden-wuerttemberg,2022-07-13,0,INSA,BILD,O,1000,04.07.–11.07.,26,14,29,11,3,10,,,,,,,7,
baden-wuerttemberg,2022-10-27,0,Infratest dimap,"SWR, Stuttgarter Zeitung",TOM,1175,20.10.–25.10.,26,15,27,9,3,13,,,,,,,7,
baden-wuerttemberg,2022-11-02,0,INSA,BILD,O,1000,24.10.–31.10.,28,13,26,10,3,13,,,,,,,7,
baden-wuerttemberg,2023-03-23,0,Infratest dimap,"SWR, Stuttgarter Zeitung",TOM,1178,16.03.–21.03.,27,15,26,10,,12,,,,,,,10,
baden-wuerttemberg,2023-04-03,0,INSA,BILD,O,1000,20.03.–27.03.,27,13,28,9,3,12,,,,,,,8,
baden-wuerttemberg,2023-07-20,0,Infratest dimap,"SWR, Stuttgarter Zeitung",TOM,1185,13.07.–18.07.,26,13,24,7,,19,,,,,,,11,
baden-wuerttemberg,2023-09-27,0,Infratest dimap,"SWR, Stuttgarter Zeitung",TOM,1162,21.09.–25.09.,29,12,22,8,,20,,,,,,,9,
baden-wuerttemberg,2024-01-18,0,Infratest dimap,SWR,TOM,1152,11.01.–16.01.,32,9,22,7,,18,,3,,,,,9,
baden-wuerttemberg,2024-03-21,0,INSA,Schwäbische Zeitung,O,1000,04.03.–11.03.,30,11,23,7,3,16,7,,,,,,3,
baden-wuerttemberg,2024-05-16,0,Infratest dimap,"SWR, Stuttgarter Zeitung",TOM,1148,07.05.–14.05.,32,11,22,7,,14,4,3,,,,,7,
baden-wuerttemberg,2024-06-13,0,INSA,BILD,O,1000,04.06.–11.06.,30,12,19,7,3,15,7,,,,,,7,
baden-wuerttemberg,2024-08-15,0,INSA,Schwäbische Zeitung,O,1000,05.08.–12.08.,31,11,19,7,3,16,8,,,,,,5,
baden-wuerttemberg,2024-10-10,0,Infratest dimap,"SWR, Stuttgarter Zeitung",TOM,1166,01.10.–08.10.,34,13,18,5,,16,5,,,,,,9,
baden-wuerttemberg,2024-10-11,0,INSA,Schwäbische Zeitung,TOM,2000,26.09.–04.10.,32,13,18,6,3,18,6,,,,,,4,
baden-wuerttemberg,2024-12-07,0,INSA,Schwäbische Zeitung,O,1000,25.11.–02.12.,34,11,20,6,3,17,6,,,,,,3,
baden-wuerttemberg,2024-12-12,0,Infratest dimap,SWR,TOM,1156,05.12.–10.12.,33,13,22,4,,15,4,,,,,,9,
baden-wuerttemberg,2025-02-15,0,-->INSA-->,Schwäbische Zeitung,O,1000,03.02.–10.02.,31,13,20,5,4,18,5,,,,,,4,
baden-wuerttemberg,2025-02-15,0,INSA,Schwäbische Zeitung,O,1000,03.02.–10.02.,31,13,20,5,4,18,5,,,,,,4,
baden-wuerttemberg,2025-05-09,0,INSA,Schwäbische Zeitung,O,1000,29.04.–06.05.,31,12,17,6,8,19,4,,,,,,3,
baden-wuerttemberg,2025-05-15,0,Infratest dimap,"SWR, Stuttgarter Zeitung",TOM,1146,07.05.–13.05.,31,10,20,5,7,19,4,,,,,,4,
baden-wuerttemberg,2025-10-16,0,INSA,Schwäbische Zeitung,O,1000,07.10.–14.10.,31,11,17,7,7,20,3,,,,,,4,
baden-wuerttemberg,2025-10-16,0,Infratest dimap,"SWR, Stuttgarter Zeitung",TOM,1158,08.10.–14.10.,29,10,20,5,7,21,3,,,,,,5,
baden-wuerttemberg,2026-01-22,0,Infratest dimap,"SWR, Stuttgarter Zeitung",TOM,1168,14.01.–20.01.,29,8,23,5,7,20,,,,,,,8,
baden-wuerttemberg,2026-01-29,0,INSA,NIUS*,O,1000,20.01.–27.01.,29,10,21,5,7,20,3,,,,,,5,
baden-wuerttemberg,2026-02-23,0,INSA,BILD,O,1000,17.02.–23.02.,28,10,22,6,7,20,3,,,,,,4,
baden-wuerttemberg,2026-02-26,0,Infratest dimap,ARD,TOM,1530,23.02.–25.02.,28,7,27,6,5.5,18,,,,,,,8.5,
baden-wuerttemberg,2026-02-27,0,Forschungsgruppe Wahlen,ZDF,TSM,1049,23.02.–26.02.,27,9,25,6,6,19,,,,,,,8,
baden-wuerttemberg,2026-03-04,0,INSA,BILD,O,1000,24.02.–03.03.,27,9,24,6,6,20,,,,,,,8,
baden-wuerttemberg,2026-03-05,0,Forschungsgruppe Wahlen,ZDF,TSM,1069,04.03.–05.03.,28,8,28,5.5,5.5,18,,,,,,,7,
baden-wuerttemberg,2026-03-08,1,,,,,,29.7,5.5,30.2,4.4,4.4,18.8,,,,,,,7,
baden-wuerttemberg,2026-04-10,0,Allensbach,Allensbach,O,1017,02.04.–09.04.,26,5,32,4,5,22,,,,,,,6,
bayern,1990-10-14,1,,,,,,54.9,26,6.4,5.2,,,,,,,,,1.1,REP=4.9;ödp=1.7
bayern,1993-02-22,0,Infratest,Focus,1.002 1?.02.–1?.02,,,39,29,9,6,,,,,,,,,6,REP=11
bayern,1994-09-25,1,,,,,,52.8,30,6.1,2.8,,,,,,,,,2.2,REP=3.9;ödp=2.1
bayern,1997-08-31,0,Forsa,Bild am Sonntag,≈1.000,,,47,33,,,,,,3,,,,,,
bayern,1998-02-21,0,Forschungsgruppe Wahlen,"ZDF, SZ",1.009 16.02.–18.02.,,,46,32,7,3,,,,3,,,,,4,REP=5
bayern,1998-04-03,0,INRA,Sat.1 Bayern,1.000 ??.0?.–??.0?.,,,46,36,5,3,,,,3,,,,,,REP=3
bayern,1998-05-22,0,Forschungsgruppe Wahlen,"ZDF, SZ",1.011 15.05.–19.05.,,,46,34,5,3,,,,2,,,,,3,REP=4;ödp=3
bayern,1998-07-09,0,INRA,Sat.1 Bayern,??.0?.–??.0?.,,,46,35,,,,,,,,,,,,
bayern,1998-08-27,0,Forsa,RTL,,,,47,35,5,3,,,,,,,,,,
bayern,1998-08-28,0,Forschungsgruppe Wahlen,"ZDF, SZ, Antenne Bayern",979 24.08.–26.08.,,,51,32,5,2,,,,3,,,,,3,REP=4
bayern,1998-08-28,0,Infratest dimap,ARD,1.000 21.08.–26.08,,,50,32,5,3,,,,4,,,,,4,REP=2
bayern,1998-09-06,0,Polis,FOCUS,1.010 27.08.–01.09.,,,50,33,6,3,,,,3,,,,,2,REP=3
bayern,1998-09-11,0,Forsa,RTL,,,,49,34,5,2,,,,3,,,,,3,REP=4
bayern,1998-09-13,1,,,,,,52.9,28.7,5.7,1.7,,,,3.7,,,,,1.9,REP=3.6;ödp=1.8
bayern,1999-08-04,0,Infratest dimap,Bayerischer Rundfunk,August 1999,,,60,24,5,2,,,,,,,,,6,Rechte=3
bayern,2000-01-12,0,Infratest dimap,Bayerischer Rundfunk,1.000 03.01.–07.01,,,60,25,5,1,,,,,,,,,6,Rechte=3
bayern,2000-07-10,0,Infratest dimap,Bayerischer Rundfunk,1.000 26.06.–01.07.,,,57,27,6,3,,,,,,,,,5,Rechte=2
bayern,2001-01-10,0,Infratest dimap,Bayerischer Rundfunk,1.000 03.01.–06.01.,,,54,28,7,4,,,,,,,,,5,Rechte=2
bayern,2001-07-18,0,Infratest dimap,Bayerischer Rundfunk,1.000 09.07.–13.07.,,,54,29,7,3,,,,,,,,,5,Rechte=2
bayern,2002-01-18,0,Infratest dimap,Bayerischer Rundfunk,1.000 07.01.–12.01.,,,56,27,6,4,,,,,,,,,5,Rechte=2
bayern,2002-04-10,0,Infratest dimap,Bayerischer Rundfunk,1.000 03.04.–07.04.,,,55,28,5,4,,,,,,,,,6,Rechte=2
bayern,2002-08-07,0,Infratest dimap,Bayerischer Rundfunk,1.000 31.07.–04.08.,,,57,26,5,5,,,,,,,,,7,
bayern,2003-01-08,0,Infratest dimap,Bayerischer Rundfunk,1.000 02.01.–05.01.,,,61,24,7,3,,,,,,,,,5,
bayern,2003-05-21,0,Infratest dimap,Bayerischer Rundfunk,1.000 14.05.–18.05.,,,60,22,8,4,,,,,,,,,6,
bayern,2003-07-16,0,Forsa,Stern,1.266 01.07.–11.07.,,,59,24,8,3,,,,,,,,,6,
bayern,2003-08-13,0,Forsa,Stern,1.001 04.08.–08.08.,,,61,21,8,3,,,,,,,,,7,
bayern,2003-09-05,0,Forschungsgruppe Wahlen,ZDF,1.033 01.09.–04.09.,,,60,22,8,3,,,,4,,,,,3,
bayern,2003-09-09,0,Forsa,Stern,1.006 01.09.–05.09.,,,61,20,8,4,,,,,,,,,7,
bayern,2003-09-11,0,Infratest dimap,Bayerischer Rundfunk,1.000 06.09.–10.09.,,,59,20,8,4,,,,4,,,,,5,
bayern,2003-09-21,1,,,,,,60.7,19.6,7.7,2.6,,,,4,,,,,1.2,REP=2.2;ödp=2
bayern,2004-01-07,0,Infratest dimap,Bayerischer Rundfunk,1.000 02.01.–05.01.,,,62,19,9,3,,,,,,,,,7,
bayern,2004-07-28,0,Infratest dimap,Bayerischer Rundfunk,1.000 21.07.–25.07.,,,58,17,12,5,,,,,,,,,8,
bayern,2005-01-12,0,Infratest dimap,Bayerischer Rundfunk,1.000 05.01.–09.01.,,,56,22,10,5,,,,,,,,,7,
bayern,2005-07-27,0,Infratest dimap,Bayerischer Rundfunk,1.000 21.07.–24.07.,,,59,18,9,4,4,,,,,,,,6,
bayern,2005-11-09,0,Forsa,Abendzeitung,1.001 04.11.–07.11.,,,49,21,9,9,4,,,,,,,,5,Rechte=3
bayern,2005-11-17,0,Infratest dimap,Bayerischer Rundfunk,1.000 15.11.–16.11.,,,45,24,10,11,3,,,,,,,,7,
bayern,2006-01-02,0,GMS,Sat.1 Bayern,1.001 17.12.–21.12.,,,56,22,7,4,2,,,4,,,,,2,ödp=1;Rechte=2
bayern,2006-01-10,0,Peinelt,Süddeutsche Zeitung,1.067 17.11.–09.12.,,,45.9,21.5,8.6,11.8,,,,4.2,,,,,3.7,REP=4.3
bayern,2006-01-14,0,Forsa,n-tv,1.114 04.01.–11.01.,,,49,24,10,6,,,,,,,,,5,Rechte=3
bayern,2006-01-18,0,Infratest dimap,Bayerischer Rundfunk,1.000 12.01.–15.01.,,,53,22,10,7,,,,2,,,,,4,
bayern,2006-02-28,0,Forsa,Abendzeitung,1.003 22.02.–24.02.,,,52,21,9,6,3,,,4,,,,,5,
bayern,2006-05-18,0,Forsa,Abendzeitung,1.002 12.05.–17.05.,,,52,18,9,10,3,,,3,,,,,5,
bayern,2006-05-27,0,Emnid,FOCUS,1.000 20.04.–09.05.,,,53,23,9,5,,,,,,,,,10,
bayern,2006-06-19,0,GMS,Sat.1 Bayern,1.002 09.06.–14.06.,,,54,18,11,8,2.5,,,2,,,,,4.5,
bayern,2006-07-13,0,Forsa,"n-tv, Abendzeitung",1.004 03.07.–12.07.,,,56,16,10,6,4,,,3,,,,,5,
bayern,2006-09-07,0,Forsa,"n-tv, Abendzeitung",1.005 29.08.–05.09.,,,58,16,10,6,3,,,,,,,,7,
bayern,2006-10-04,0,Infratest dimap,Bayerischer Rundfunk,1.000 28.09.–01.10.,,,49,24,10,8,1,,,2,,,,,6,
bayern,2006-10-05,0,Forsa,"n-tv, Abendzeitung",1.006 18.09.–04.10.,,,54,18,9,8,3,,,2,,,,,6,
bayern,2006-10-12,0,GMS,Sat.1 Bayern,1.002 06.10.–08.10.,,,53,22,8,8,3,,,3,,,,,1,ödp=1;Rechte=1
bayern,2006-11-09,0,Forsa,"n-tv, Abendzeitung",1.004 23.10.–07.11.,,,54,19,9,7,3,,,2,,,,,6,
bayern,2006-12-06,0,Forsa,"n-tv, Abendzeitung",1.026 24.11.–05.12.,,,56,17,10,5,4,,,2,,,,,6,
bayern,2006-12-28,0,GMS,Sat.1 Bayern,1.006 18.12.–23.12.,,,54,20,10,8,2,,,2,,,,,1,ödp=2;Rechte=1
bayern,2007-01-03,0,Forsa,"n-tv, stern",1.009 27.12.–29.12.,,,54,18,9,5,4,,,3,,,,,7,
bayern,2007-01-07,0,Infratest dimap,ARD,1.000 03.01.–04.01.,,,54,22,9,7,,,,,,,,,8,
bayern,2007-01-13,0,Forschungsgruppe Wahlen **,ZDF,1.142 12.01.–13.01.,,,45,27,10,9,,,,,,,,,9,
bayern,2007-01-15,0,Forsa,stern,1.007 10.01.–12.01.,,,49,22,9,6,4,,,3,,,,,7,
bayern,2007-01-15,0,Infratest dimap,ARD,1.000 15.01.,,,50,24,11,8,,,,,,,,,7,
bayern,2007-01-21,0,Infratest dimap,ARD,1.000 19.01.–20.01.,,,52,24,9,7,,,,,,,,,8,
bayern,2007-01-26,0,GMS,Sat.1 Bayern,1.011 22.01.–25.01.,,,52,22,9,7,2,,,4,,,,,1,ödp=2;Rechte=1
bayern,2007-03-01,0,Forsa,"n-tv, Abendzeitung",1.002 15.02.–26.02.,,,53,19,9,6,3,,,3,,,,,7,
bayern,2007-03-09,0,GMS,Sat.1 Bayern,1.012 05.03.–08.03.,,,53,20,9,7,2,,,4,,,,,3,ödp=1;Rechte=1
bayern,2007-03-28,0,Infratest dimap,Bayerischer Rundfunk,1.002 22.03.–25.03.,,,53,23,10,6,2,,,2,,,,,4,
bayern,2007-04-05,0,Forsa,"n-tv, Abendzeitung",1.012 19.03.–02.04.,,,54,20,9,4,3,,,3,,,,,7,
bayern,2007-05-10,0,Forsa,"n-tv, Abendzeitung",1.036 25.04.–08.05.,,,56,17,9,6,3,,,3,,,,,6,
bayern,2007-06-20,0,GMS,Sat.1 Bayern,1.010 13.06.–18.06.,,,54,18,9,8,3,,,4,,,,,4,
bayern,2007-06-21,0,Forsa,"stern, Abendzeitung",1.001 04.06.–14.06.,,,56,16,9,6,3,,,3,,,,,7,
bayern,2007-07-23,0,dimap,CSU,1.000 13.07.–19.07.,,,58,18,11,4,4,,,,,,,,5,
bayern,2007-07-24,0,TNS Infratest,SPD- Landesverband,1.000 17.07.–19.07.,,,54,22,11,5,3,,,,,,,,5,
bayern,2007-08-02,0,Forsa,"n-tv, Abendzeitung",1.002 18.07.–30.07.,,,58,17,9,4,3,,,3,,,,,6,
bayern,2007-09-21,0,Forsa,"n-tv, Abendzeitung",1.003 29.08.–17.09.,,,57,19,9,4,3,,,2,,,,,6,
bayern,2007-09-24,0,mifm München,Antenne Bayern,1.003 07.09.–15.09.,,,53,17,10,7,3,,,3,,,,,1.5,REP=2.3;ödp=1.7;BP=1.1
bayern,2007-09-27,0,Forschungsgruppe Wahlen **,ZDF,1.143 24.09.–26.09.,,,56,22,9,4,3,,,4,,,,,2,
bayern,2007-10-22,0,GMS,Sat.1 Bayern,1.001 21.10.–22.10.,,,54,23,10,4,3,,,3,,,,,1,ödp=1;Rechte=1
bayern,2007-11-14,0,mifm München,Antenne Bayern,1.000 29.10.–07.11.,,,53.8,19.1,9.9,7,3.2,,,1.7,,,,,5.3,
bayern,2007-11-29,0,Forsa,"n-tv, Abendzeitung",1.002 05.11.–27.11.,,,56,17,9,4,4,,,3,,,,,7,
bayern,2008-01-04,0,GMS,Sat.1 Bayern,1.004 02.01.–03.01.,,,56,21,9,4,3,,,3,,,,,2,ödp=1;Rechte=1
bayern,2008-01-05,0,Emnid,Bild am Sonntag,800 10.12.–02.01.,,,54,20,10,6,4,,,,,,,,6,
bayern,2008-01-09,0,Infratest dimap,Bayerischer Rundfunk,1.000 03.01.–07.01.,,,52,21,10,6,3,,,2,,,,,6,
bayern,2008-02-15,0,mifm München,Antenne Bayern,1.000 31.01.–07.02.,,,50,20,11,7,3,,,4,,,,,5,
bayern,2008-03-02,0,Emnid,Bild am Sonntag,~500 13.02.–27.02.,,,51,19,11,6,4,,,3,,,,,6,
bayern,2008-04-07,0,GMS,Sat.1 Bayern,1.512 31.03.–06.04.,,,50,21,10,5,4,,,4,,,,,6,
bayern,2008-04-19,0,GMS,Sat.1 Bayern,1.010 08.04.–14.04.,,,51,20,10,6,4,,,4,,,,,4,ödp=1
bayern,2008-04-25,0,mifm München,Antenne Bayern,1.001 04.04.–14.04.,,,40,19,12,11,4,,,11,,,,,3,
bayern,2008-05-01,0,Infratest dimap,ARD,1.000 28.04.-30.04.,,,48,23,10,6,4,,,5,,,,,4,
bayern,2008-06-05,0,GMS,Sat.1 Bayern,1.009 02.06.–04.06.,,,49,20,9,5,5,,,5,,,,,3,ödp=2;Rechte=2
bayern,2008-07-10,0,GMS,Sat.1 Bayern,1.006 08.07.–09.07.,,,50,20,8,5,5,,,4,,,,,4,ödp=2;Rechte=2
bayern,2008-07-11,0,TNS Infratest,Agentur BUTTER,1.000 03.07.–08.07.,,,48,21,11,8,4,,,5,,,,,3,
bayern,2008-07-19,0,Emnid,Bild am Sonntag,~500 23.06.–17.07.,,,51,19,9,7,5,,,,,,,,7,Rechte=2
bayern,2008-07-30,0,Infratest dimap,Bayerischer Rundfunk,1.000 24.07.–28.07.,,,48,22,9,8,4,,,5,,,,,4,
bayern,2008-08-01,0,Forschungsgruppe Wahlen,ZDF,1.038 28.07.–30.07.,,,50,20,9,6,4,,,7,,,,,4,
bayern,2008-09-09,0,GMS,Sat.1 Bayern,1.006 05.09.–08.09.,,,49,19,11,7,4,,,5,,,,,2,ödp=2;Rechte=1
bayern,2008-09-17,0,Forsa,"Antenne Bayern, stern",1.101 08.09.–12.09.,,,50,19,9,6,4,,,8,,,,,4,
bayern,2008-09-18,0,Infratest dimap,ARD,1.000 15.09.–17.09.,,,47,21,9,8,4,,,7,,,,,4,
bayern,2008-09-19,0,Forschungsgruppe Wahlen,ZDF,1.105 16.09.–18.09.,,,47,20,8,9,4,,,8,,,,,4,
bayern,2008-09-22,0,GMS,Sat.1 Bayern,1.010 20.09.–21.09.,,,48,19,10,7,4,,,7,,,,,3,ödp=1;Rechte=1
bayern,2008-09-23,0,Emnid,Quelle: Münch- ner Merkur,1.010 10.09.–18.09.,,,49,20,8,8,5,,,7,,,,,3,
bayern,2008-09-28,1,,,,,,43.4,18.6,9.4,8,4.3,,,10.2,,,,,2.7,ödp=2;REP=1.4
bayern,2009-01-07,0,GMS,Sat.1 Bayern,1.002 04.01.–05.01.,,,45,19,10,8,4,,,8,,,,,6,
bayern,2009-01-14,0,Infratest dimap,Bayerischer Rundfunk,1.000 08.01.–11.01.,,,45,17,11,10,3,,,10,,,,,4,
bayern,2010-01-13,0,Infratest dimap,Bayerischer Rundfunk,1.001 07.01.–12.01.,,,41,17,15,11,5,,,6,,,,,5,
bayern,2011-01-04,0,Emnid,Bild,1.001 10.12.–30.12.,,,45,18,16,5,5,,,6,,,,,5,
bayern,2011-01-12,0,Infratest dimap,Bayerischer Rundfunk,1.000 06.01.–10.01.,,,46,17,17,6,4,,,4,1,,,,5,
bayern,2011-01-19,0,Forsa,stern,1.048 04.01.–14.01.,,,40,16,20,4,4,,,10,,,,,6,
bayern,2011-03-20,0,Emnid,Focus,1.000 11.03.–17.03.,,,46,17,17,4,4,,,7,,,,,5,
bayern,2011-06-10,0,Emnid,CSU,1.000 06.06.–08.06.,,,45,15,20,4,4,,,8,,,,,4,
bayern,2011-06-10,0,GMS,Sat.1 Bayern,1.002 06.06.–08.06.,,,42,19,18,4,4,,,6,,,,,7,
bayern,2011-08-31,0,Forsa,stern,1.007 15.08.–26.08.,,,41,21,16,3,4,,,10,,,,,5,
bayern,2011-09-06,0,Emnid,CSU,1.000 31.08.–01.09.,,,44,18,18,4,,,,9,,,,,,
bayern,2011-09-25,0,Emnid,Focus,??.09.–??.09.,,,43,20,17,2,3,,,9,,,,,6,
bayern,2011-12-11,0,Forsa,Bayernpartei,1.002 26.10.–25.11.,,,41,24,10,3,3,,,9,6,,,,3,BP=1
bayern,2011-12-21,0,Emnid,CSU,1.000 ??.12.–??.12.,,,44,21,13,2,2,,,9,5,,,,,
bayern,2012-01-04,0,GMS,Sat.1 Bayern,1.002 30.12.–03.01.,,,42,22,12,2,2,,,9,5,,,,6,
bayern,2012-01-04,0,Infratest dimap,Bayerischer Rundfunk,1.000 02.01.–03.01.,,,44,21,14,3,2,,,8,4,,,,4,
bayern,2012-03-24,0,Emnid,Focus,T,1001,15.03.–20.03.,46,20,13,2,2,,,8,5,,,,4,
bayern,2012-04-20,0,Emnid,CSU,T,1000,16.04.–18.04.,46,20,12,2,2,,,7,8,,,,3,
bayern,2012-06-24,0,Emnid,Focus,T,1000,20.06.–21.06.,44,22,13,3,1,,,6,7,,,,4,
bayern,2012-07-04,0,Forsa,stern,T,1150,21.06.–29.06.,43,23,11,2,2,,,9,6,,,,4,
bayern,2012-07-17,0,GMS,vbw,T,1000,,47,19,10,4,,,,,,,,,,
bayern,2012-08-13,0,Emnid,CSU,T,1000,27.07.–30.07.,46,20,12,3,2,,,8,6,,,,3,
bayern,2012-09-18,0,Emnid,CSU,T,,,47,21,10,3,2,,,9,5,,,,3,
bayern,2012-10-14,0,Emnid,Focus,T,1001,26.09.–10.10.,48,21,10,4,2,,,8,4,,,,3,
bayern,2012-10-19,0,GMS,Sat.1 Bayern,T,1007,16.10.–18.10.,48,20,10,5,2,,,8,4,,,,3,
bayern,2012-11-20,0,GMS,vbw,T,,22.10.–30.10.,48,20,10,5,2,,,8,4,,,,,
bayern,2012-12-15,0,GMS,CSU,T,1100,04.12.–07.12.,49,22,10,4,,,,8,4,,,,,
bayern,2013-01-09,0,Infratest dimap,Bayerischer Rundfunk,T,1000,03.01.–07.01.,47,19,14,3,2,,,9,3,,,,3,
bayern,2013-01-10,0,Forsa,stern,T,1119,17.12.–08.01.,46,18,13,3,4,,,9,2,,,,5,
bayern,2013-01-15,0,Emnid,CSU,T,,,48,20,12,3,3,,,8,3,,,,,
bayern,2013-02-10,0,Emnid,CSU,T,1001,05.02.–07.02.,48,20,12,3,2,,,9,3,,,,,
bayern,2013-02-12,0,TNS Infratest,GRÜNE LV,T,1001,28.01.–06.02.,46,19,15,3,2,,,8,3,,,,4,
bayern,2013-03-06,0,GMS,vbw,T,1004,04.02.–15.02.,48,21,12,3,3,,,8,2,,,,,
bayern,2013-04-22,0,INSA,Bild,T,1005,15.04.–17.04.,49,18,16,2,2,,,9,,,,,4,
bayern,2013-05-02,0,GMS,Sat.1 Bayern,T,1008,28.04.–30.04.,47,20,13,3,2,,,8,2,,,,5,
bayern,2013-05-28,0,Forsa,stern,T,1102,08.05.–23.05.,46,20,12,4,3,,,9,2,,,,5,
bayern,2013-06-11,0,GMS,Sat.1 Bayern,T,1309,03.06.–10.06.,46,20,11,4,3,,,9,2,,,,5,
bayern,2013-06-14,0,Forschungsgruppe Wahlen,Süddeutsche Zeitung,T,1009,10.06.–12.06.,46,20,13,4,,,,10,,,,,7,
bayern,2013-07-10,0,Emnid,CSU,T,1000,04.07.–06.07.,47,19,11,5,3,1,,9,3,,,,2,
bayern,2013-07-11,0,GMS,Sat.1 Bayern,T,1007,08.07.–10.07.,47,19,11,5,2,,,10,2,,,,4,
bayern,2013-07-17,0,Infratest dimap,Bayerischer Rundfunk,T,1004,11.07.–15.07.,47,18,15,3,3,,,8,,,,,6,
bayern,2013-08-28,0,Emnid,CSU,T,1000,23.08.–24.08.,48,18,13,4,3,,,8,3,,,,3,
bayern,2013-09-03,0,GMS,Sat.1 Bayern,T,1009,30.08.–02.09.,47,18,13,5,3,,,8,2,,,,4,
bayern,2013-09-05,0,Infratest dimap,ARD,T,1006,03.09.–05.09.,47,21,11,3,3,,,7,,,,,8,
bayern,2013-09-06,0,Forschungsgruppe Wahlen,ZDF,T,1010,03.09.–05.09.,48,20,10,4,,,,8,,,,,10,
bayern,2013-09-12,0,Emnid,N24,T,1000,04.09.–05.09.,47,18,12,4,4,,,8,3,,,,4,
bayern,2013-09-15,1,,,,,,47.7,20.6,8.6,3.3,2.1,,,9,2,,,,2.6,BP=2.1;ödp=2
bayern,2014-01-15,0,Infratest dimap,Bayerischer Rundfunk,T,1004,09.01.–13.01.,49,19,10,4,2,,,9,,,,,7,
bayern,2014-03-16,0,Infratest dimap,Bayerischer Rundfunk,T,1002,10.03.–12.03.,46,18,11,,,,,12,,,,,13,
bayern,2014-11-13,0,Emnid,Emnid,T,2114,01.10.–04.11.,48,18,9,2,2,5,,9,,,,,7,
bayern,2014-12-03,0,GMS,? (Quelle: PNP),T,20001111,,49,18,9,2,2,5,,7,,,,,,
bayern,2015-01-12,0,pollytix,SPD- Landesverband,O,1700,13.11.–23.11.,47,20,10,2,3,6,,8,,,,,4,
bayern,2015-01-14,0,Infratest dimap,Bayerischer Rundfunk,T,1004,08.01.–12.01.,46,19,9,3,3,4,,10,,,,,6,
bayern,2015-04-08,0,Forsa,stern,T,1266,19.03.–31.03.,47,19,11,3,2,4,,7,,,,,7,
bayern,2015-04-16,0,GMS,Sat.1 Bayern,T,1016,09.04.–15.04.,48,19,10,4,2,4,,7,,,,,6,
bayern,2015-05-15,0,GMS,Sat.1 Bayern,T,1008,07.05.–13.05.,48,18,10,4,,5,,7,,,,,8,
bayern,2015-06-19,0,INSA,BILD,O,651,05.06.–15.06.,46,20,8,4,3,4,,8,,,,,7,
bayern,2015-06-25,0,GMS,Sat.1 Bayern,T,1012,18.06.–24.06.,48,19,9,5,2,4,,7,,,,,6,
bayern,2015-07-23,0,GMS,Sat.1 Bayern,T,1011,16.07.–22.07.,47,20,10,5,,2,,6,,,,,10,
bayern,2015-09-17,0,GMS,Sat.1 Bayern,T,1007,10.09.–16.09.,49,20,10,5,,2,,6,,,,,8,
bayern,2015-10-07,0,Forsa,stern,T,1007,23.09.–02.10.,43,19,11,4,3,6,,5,,,,,9,
bayern,2015-10-08,0,GMS,Sat.1 Bayern,T,1019,01.10.–07.10.,46,18,12,6,,5,,6,,,,,7,
bayern,2015-11-19,0,GMS,Sat.1 Bayern,T,1016,12.11.–18.11.,46,18,11,4,3,8,,5,,,,,5,
bayern,2016-01-04,0,GMS,Sat.1 Bayern,T,1019,28.12.–03.01.,45,19,10,4,3,7,,6,,,,,6,
bayern,2016-01-13,0,Infratest dimap,Bayerischer Rundfunk,T,1000,07.01.–11.01.,47,16,12,3,3,8,,5,,,,,6,
bayern,2016-02-18,0,GMS,Sat.1 Bayern,T,1010,12.02.–17.02.,46,17,11,4,2,9,,5,,,,,6,
bayern,2016-03-17,0,GMS,Sat.1 Bayern,T,1015,14.03.–16.03.,48,16,11,5,2,9,,5,,,,,4,
bayern,2016-04-21,0,GMS,Sat.1 Bayern,T,1018,15.04.–19.04.,48,16,10,5,2,9,,6,,,,,4,
bayern,2016-06-02,0,GMS,Sat.1 Bayern,T,1021,27.05.–01.06.,48,17,10,5,2,8,,6,,,,,4,
bayern,2016-06-08,0,Forsa,stern,T,1010,23.05.–03.06.,40,16,14,4,3,10,,6,,,,,7,
bayern,2016-06-14,0,INSA,Cicero,T,1698,17.05.–08.06.,47.5,17.5,11.5,3.5,3.5,7,,4.5,,,,,5,
bayern,2016-07-14,0,GMS,Sat.1 Bayern,T,1015,08.07.–13.07.,47,17,11,5,2,7,,6,,,,,5,
bayern,2016-07-17,0,Infratest dimap,ARD,T,1000,11.07.–14.07.,45,17,13,4,,9,,5,,,,,7,
bayern,2016-07-20,0,Forsa,stern,T,1008,04.07.–15.07.,43,16,14,4,3,8,,6,,,,,6,
bayern,2016-09-15,0,GMS,Sat.1 Bayern,T,1015,09.09.–14.09.,45,18,12,5,2,9,,5,,,,,4,
bayern,2016-10-13,0,GMS,Sat.1 Bayern,T,1013,07.10.–12.10.,45,19,10,5,2,9,,6,,,,,4,
bayern,2016-11-03,0,GMS,Sat.1 Bayern,T,1005,27.10.–02.11.,44,18,10,6,2,9,,6,,,,,5,
bayern,2017-01-11,0,Infratest dimap,Bayerischer Rundfunk,T,1001,04.01.–09.01.,45,14,13,4,3,10,,7,,,,,4,
bayern,2017-10-19,0,GMS,Sat.1 Bayern,T,1004,13.10.–18.10.,41,15,11,7,3,13,,6,,,,,4,
bayern,2017-11-05,0,INSA,BILD,TOM,1033,02.11.–03.11.,37,17,10,8,4,13,,8,,,,,3,
bayern,2017-11-10,0,Forsa,"RTL, n-tv",T,1017,06.11.–09.11.,38,17,11,9,4,11,,7,,,,,3,
bayern,2017-11-30,0,GMS,Sat.1 Bayern,T,1006,27.11.–29.11.,37,15,10,8,3,14,,7,,,,,6,
bayern,2017-12-13,0,INSA,BILD,TOM,1003,12.12.–13.12.,40,15,12,7,4,12,,7,,,,,3,
bayern,2018-01-02,0,GMS,Sat.1 Bayern,T,1007,27.12.–01.01.,39,15,10,7,3,12,,7,,,,,7,
bayern,2018-01-10,0,Infratest dimap,Bayerischer Rundfunk,T,1002,03.01.–08.01.,40,16,14,5,3,10,,7,,,,,5,
bayern,2018-02-12,0,GMS,Sat.1 Bayern,T,1510,01.02.–09.02.,40,15,11,6,3,12,,6,,,,,7,
bayern,2018-02-25,0,Forsa,RTL/n-tv,T,1027,08.02.–22.02.,42,14,14,6,3,10,,7,,,,,4,
bayern,2018-03-22,0,GMS,Sat.1 Bayern,T,1004,16.03.–21.03.,43,15,11,6,3,12,,6,,,,,4,
bayern,2018-04-21,0,INSA,BILD,O,1005,17.04.–20.04.,42,13,13,7,3,13,,6,,,,,3,
bayern,2018-04-27,0,GMS,Sat.1 Bayern,T,1002,20.04.–26.04.,44,14,11,5,3,12,,6,,,,,5,
bayern,2018-05-02,0,Infratest dimap,Bayerischer Rundfunk,T,1002,22.04.–27.04.,41,12,14,6,3,12,,7,,,,,5,
bayern,2018-05-17,0,GMS,Sat.1 Bayern,T,1005,11.05.–16.05.,42,13,12,5,2,13,,7,,,,,6,
bayern,2018-06-25,0,Forsa,RTL/n-tv,T,1033,21.06.–22.06.,40,13,14,5,3,13,,8,,,,,4,
bayern,2018-06-27,0,INSA,BILD,TOM,1231,25.06.–27.06.,41,13,13,5,3,14,,6,,,,,5,
bayern,2018-07-09,0,Forsa,RTL/n-tv,T,1003,04.07.–06.07.,38,12,15,6,3,14,,8,,,,,4,
bayern,2018-07-12,0,GMS,Sat.1 Bayern,T,1007,05.07.–11.07.,39,12,14,6,3,14,,7,,,,,5,
bayern,2018-07-18,0,Infratest dimap,Bayerischer Rundfunk,T,1003,11.07.–16.07.,38,13,16,5,4,12,,9,,,,,3,
bayern,2018-08-01,0,GMS,Sat.1 Bayern,T,1004,25.07.–31.07.,39,12,14,6,3,13,,8,,,,,5,
bayern,2018-08-13,0,Forsa,RTL/n-tv,T,1105,25.07.–09.08.,37,12,17,5,4,13,,8,,,,,4,
bayern,2018-08-28,0,INSA,BILD,TOM,1033,23.08.–27.08.,36,13,15,6,3,14,,8,,,,,5,
bayern,2018-09-10,0,GMS,Sat.1 Bayern,T,1006,04.09.–10.09.,36,12,16,6,4,14,,7,,,,,5,
bayern,2018-09-12,0,Infratest dimap,Bayerischer Rundfunk,T,1000,05.09.–10.09.,35,11,17,5,5,11,,11,,,,,5,
bayern,2018-09-21,0,Forschungsgruppe Wahlen,ZDF,T,1114,17.09.–19.09.,35,13,18,5,4,10,,11,,,,,4,
bayern,2018-09-26,0,INSA,BILD,TOM,1064,21.09.–25.09.,34,11,17,6,4,14,,10,,,,,4,
bayern,2018-09-27,0,GMS,Sat.1 Bayern,T,1004,20.09.–26.09.,35,13,16,5,4,12,,10,,,,,5,
bayern,2018-10-04,0,Infratest dimap,ARD,T,1002,01.10.–02.10.,33,11,18,6,4.5,10,,11,,,,,6.5,
bayern,2018-10-05,0,Forschungsgruppe Wahlen,ZDF,T,1122,01.10.–04.10.,35,12,18,5.5,4.5,10,,10,,,,,5,
bayern,2018-10-09,0,INSA,BILD,TOM,1707,02.10.–08.10.,33,10,18,5.5,4.5,14,,11,,,,,4,
bayern,2018-10-11,0,Forschungsgruppe Wahlen,ZDF,T,1075,10.10.–11.10.,34,12,19,5.5,4,10,,10,,,,,5.5,
bayern,2018-10-14,1,,,,,,37.2,9.7,17.6,5.1,3.2,10.2,,11.6,,,,,5.4,
bayern,2019-01-03,0,GMS,Sat.1 Bayern,T,1003,27.12.–02.01.,38,9,18,5,4,10,,11,,,,,5,
bayern,2019-01-09,0,Infratest dimap,BR,T,1003,03.01.–07.01.,35,9,21,6,3,8,,13,,,,,5,
bayern,2019-01-28,0,Forsa,RTL/n-tv,T,1003,22.01.–25.01.,38,6,23,5,3,8,,12,,,,,5,
bayern,2019-06-25,0,GMS,Sat.1 Bayern,T,1005,18.06.–24.06.,37,8,23,5,3,9,,9,,,,,5,BP=1
bayern,2019-07-23,0,GMS,Sat.1 Bayern,T,1003,17.07.–22.07.,37,7,22,5,3,9,,11,,,,,5,BP=1
bayern,2019-09-25,0,INSA,BILD,TOM,1034,16.09.–23.09.,36,9,22,5,3,11,,10,,,,,4,
bayern,2019-10-08,0,GMS,Sat.1 Bayern,T,1005,01.10.–07.10.,37,8,22,5,3,10,,11,,,,,3,BP=1
bayern,2020-01-03,0,GMS,Sat.1 Bayern,T,1004,27.12.–02.01.,38,8,20,6,4,10,,10,,,,,3,BP=1
bayern,2020-01-15,0,Infratest dimap,BR,T,1004,08.01.–13.01.,36,7,25,4,3,10,,10,,,,,5,
bayern,2020-02-25,0,GMS,Sat.1 Bayern,T,1006,17.02.–24.02.,38,9,20,3,4,11,,11,,,,,3,BP=1
bayern,2020-04-08,0,Infratest dimap,BR,T,1003,02.04.–06.04.,49,10,17,,3,6,,8,,,,,7,
bayern,2020-05-05,0,GMS,Sat.1 Bayern,T,1006,28.04.–04.05.,47,10,15,3,3,7,,9,,,,,5,BP=1
bayern,2020-05-27,0,Infratest dimap,BR,T,1000,20.05.–25.05.,48,9,19,3,3,5,,8,,,,,5,
bayern,2020-05-30,0,INSA,BILD,TOM,1014,19.05.–25.05.,46,10,17,4,3,7,,8,,,,,5,
bayern,2020-06-16,0,GMS,Sat.1 Bayern,T,1002,09.06.–16.06.,48,9,16,4,3,6,,8,,,,,5,BP=1
bayern,2020-07-22,0,Infratest dimap,BR,T,1003,15.07.–22.07.,49,7,20,3,3,7,,5,,,,,6,
bayern,2020-07-28,0,GMS,Sat.1 Bayern,T,1004,22.07.–27.07.,49,7,19,3,3,7,,5,,,,,6,BP=1
bayern,2020-08-11,0,INSA,BILD,O,1001,05.08.–10.08.,47,10,18,3,3,7,,7,,,,,5,
bayern,2020-08-21,0,GMS,Sat.1 Bayern,T,1005,17.08.–20.08.,47,9,18,3,3,7,,6,,,,,5,BP=2
bayern,2020-10-07,0,Infratest dimap,BR,T,1001,30.09.–05.10,45,8,21,3,3,8,,7,,,,,5,
bayern,2020-10-13,0,GMS,Sat.1 Bayern,T,1003,07.10.–12.10.,46,8,19,4,3,8,,7,,,,,4,BP=1
bayern,2020-11-10,0,GMS,Sat.1 Bayern,T,1004,04.11.–09.11.,46,8,18,4,3,8,,6,,,,,6,BP=1
bayern,2021-01-05,0,GMS,Sat.1 Bayern,T,1005,29.12.–04.01.,48,8,18,4,2,6,,7,,,,,5,BP=2
bayern,2021-01-13,0,Infratest dimap,BR,T,1000,07.01.–11.11,48,7,19,3,3,7,,8,,,,,5,
bayern,2021-01-28,0,INSA,FDP LV,O,1016,21.01.–26.01.,46,9,18,5,3,7,,8,,,,,4,
bayern,2021-02-16,0,GMS,Sat.1 Bayern,T,1003,10.02.–15.02.,47,8,18,4,3,8,,8,,,,,3,BP=1
bayern,2021-03-30,0,GMS,Sat.1 Bayern,T,1005,24.03.–29.03.,40,8,20,6,3,9,,9,,,,,4,BP=1
bayern,2021-04-27,0,INSA,BILD,O,1400,22.04.–27.04.,36,9,24,7,3,9,,9,,,,,3,
bayern,2021-05-19,0,Forsa,RTL/n-tv,T,1016,10.05.–17.05.,38,7,22,6,3,9,,9,,,,,6,
bayern,2021-07-21,0,INSA,BILD,O,1000,12.07.–19.07.,37,10,21,8,3,8,,10,,,,,3,
bayern,2021-07-28,0,GMS,Sat.1 Bayern,T,1003,21.07.–27.07.,39,9,20,7,3,8,,9,,,,,4,BP=1
bayern,2021-10-12,0,INSA,BILD,O,1000,04.10.–11.10.,32,20,15,11,2,8,,8,,,,,4,
bayern,2022-01-05,0,GMS,Sat.1 Bayern,T,1005,29.12.–03.01.,35,14,15,9,2,10,,8,,,,,6,BP=1
bayern,2022-01-19,0,Infratest dimap,BR,T,1171,13.01.–17.01,36,14,16,7,,10,,8,,,,,9,
bayern,2022-03-01,0,GMS,Sat.1 Bayern,T,1002,23.02.–28.02.,37,13,15,8,4,9,,8,,,,,4,BP=2
bayern,2022-04-26,0,GMS,Sat.1 Bayern,T,1005,20.04.–25.04.,38,13,16,7,3,9,,8,,,,,5,BP=1
bayern,2022-05-24,0,Forsa,VNP,T,1235,27.04.–13.05.,39,10,20,5,2,6,,11,,,,,7,
bayern,2022-06-07,0,Forsa,RTL/n-tv,T,1049,23.05.–03.06.,40,9,20,6,1,7,,10,,,,,7,
bayern,2022-06-20,0,GMS,Sat.1 Bayern,T,1002,15.06.–20.06.,40,9,20,5,2,8,,9,,,,,6,BP=1
bayern,2022-06-29,0,INSA,BILD,O,1000,20.06.–27.06.,37,10,20,7,2,9,,10,,,,,5,
bayern,2022-09-21,0,GMS,Sat.1 Bayern,T,1004,14.09.–20.09.,40,8,18,6,2,11,,10,,,,,4,BP=1
bayern,2022-10-13,0,Infratest dimap,BR,TOM,11577101110,,37,10,18,3,,12,,11,,,,,9,
bayern,2022-10-18,0,INSA,BILD,O,1000,10.10.–17.10.,39,10,20,6,2,10,,9,,,,,4,
bayern,2022-10-26,0,GMS,Sat.1 Bayern,T,1002,19.10.–25.10.,39,9,18,4,2,13,,10,,,,,4,BP=1
bayern,2022-10-28,0,Forsa,CSU,T,1083,17.10.–25.10.,41,10,18,3,2,8,,11,,,,,7,
bayern,2023-01-04,0,GMS,Sat.1 Bayern,T,1003,28.12.–03.01.,41,9,18,4,2,10,,10,,,,,5,BP=1
bayern,2023-01-11,0,Infratest dimap,BR,TOM,1190,04.01.–09.01,38,9,18,4,,13,,10,,,,,8,
bayern,2023-01-12,0,INSA,BILD,O,1000,02.01.–09.01.,40,10,19,5,2,10,,10,,,,,5,
bayern,2023-02-17,0,Forsa,Forsa,T,1022,08.02.–16.02.,42,10,16,3,,9,,10,,,,,10,
bayern,2023-04-05,0,INSA,BILD,O,1000,27.03.–03.04.,40,10,18,5,2,11,,9,,,,,5,
bayern,2023-05-03,0,Forsa,Süddeutsche Zeitung,T,1009,20.04.–28.04.,41,10,15,4,2,10,,10,,,,,8,
bayern,2023-05-03,0,GMS,Sat.1 Bayern,T,1005,26.04.–02.05.,41,11,16,4,3,10,,9,,,,,4,BP=2
bayern,2023-05-16,0,Infratest dimap,BR,TOM,1176,09.05.–13.05,39,11,16,4,,12,,12,,,,,6,
bayern,2023-05-30,0,INSA,BILD,O,1000,16.05.–22.05.,40,11,15,5,2,12,,11,,,,,4,
bayern,2023-06-06,0,GMS,Sat.1 Bayern,T,1001,31.05.–05.06.,41,10,14,4,2,12,,11,,,,,5,BP=1
bayern,2023-07-04,0,GMS,"Sat.1 Bayern, Antenne Bayern",T,1006,28.06.–03.07.,40,9,15,4,2,13,,12,,,,,4,BP=1
bayern,2023-07-27,0,INSA,BILD,O,1000,17.07.–24.07.,38,11,15,5,2,14,,11,,,,,4,
bayern,2023-08-02,0,Forsa,Süddeutsche Zeitung,T,1012,24.07.–28.07.,39,9,14,4,2,13,,14,,,,,5,
bayern,2023-08-09,0,GMS,"Sat.1 Bayern, Antenne Bayern",T,1002,02.08.–08.08.,39,9,14,4,3,14,,12,,,,,4,BP=1
bayern,2023-09-05,0,INSA,BILD,O,1000,01.09.–05.09.,37,9,14,4,2,14,,15,,,,,5,
bayern,2023-09-06,0,GMS,"Sat.1 Bayern, Antenne Bayern",T,1003,04.09.–06.09.,38,8,13,4,1,14,,16,,,,,5,BP=1
bayern,2023-09-08,0,Forschungsgruppe Wahlen,ZDF,TSM,1254,04.09.–07.09.,36,9,16,4,,12,,16,,,,,7,
bayern,2023-09-12,0,Infratest dimap,BR,TOM,1171,05.09.–09.09.,36,9,15,3,,13,,17,,,,,7,
bayern,2023-09-19,0,GMS,"Sat.1 Bayern, Antenne Bayern",T,1004,13.09.–18.09.,36,9,14,3,1,14,,17,,,,,5,BP=1
bayern,2023-09-28,0,Infratest dimap,ARD,TOM,1512,25.09.–27.09.,36,9,15,4,,14,,16,,,,,6,
bayern,2023-09-29,0,Forschungsgruppe Wahlen,ZDF,TSM,1222,25.09.–28.09.,36,9,16,4,,14,,15,,,,,6,
bayern,2023-10-03,0,INSA,BILD,O,1000,25.09.–02.10.,36,9,15,4,2,14,,15,,,,,5,
bayern,2023-10-05,0,Forschungsgruppe Wahlen,ZDF,TSM,1209,04.10.–05.10.,37,9,16,3,,14,,15,,,,,6,
bayern,2023-10-08,1,,,,,,37,8.4,14.4,3,1.5,14.6,,15.8,,,,,5.2,
bayern,2024-01-03,0,GMS,Sat.1 Bayern,TOM,1002,27.12.–02.01.,41,6,13,3,1,14,,16,,,,,5,BP=1
bayern,2024-01-17,0,Infratest dimap,BR,TOM,1161,11.01.–15.01.,40,7,13,3,,15,,13,,,,,9,
bayern,2024-02-06,0,GMS,Sat.1 Bayern,TOM,1018,31.01.–05.02.,42,6,12,2,1,13,3,15,,,,,5,BP=1
bayern,2024-05-07,0,GMS,Sat.1 Bayern,TOM,1023,30.04.–06.05.,41,7,13,2,2,11,3,15,,,,,5,BP=1
bayern,2024-08-08,0,Forsa,Süddeutsche Zeitung,T,1036,22.07.–02.08.,43,8,11,2,,13,4,12,,,,,7,
bayern,2024-09-17,0,GMS,Sat.1 Bayern,TOM,1048,11.09.–16.09.,42,7,10,2,1,12,6,11,,,,,7,BP=2
bayern,2024-10-20,0,INSA,BILD,O,1000,07.10.–14.10.,43,8,10,,,18,5,11,,,,,5,
bayern,2025-09-12,0,Forsa,Süddeutsche Zeitung,T,1012,01.09.–10.09.,37,8,15,2,5,19,1,10,,,,,3,
bayern,2025-09-30,0,GMS,Sat.1 Bayern,TOM,1017,24.09.–29.09.,39,7,11,2,4,19,2,11,,,,,5,BP=1
bayern,2025-12-11,0,GMS,CSU,TOM,1005,05.12.–10.12.,40,6,12,2,3,19,2,10,,,,,6,
bayern,2026-01-05,0,GMS,Sat.1 Bayern,TOM,1006,23.12.–05.01.,39,6,11,2,3,19,2,12,,,,,5,BP=1
bayern,2026-01-14,0,Infratest dimap,BR,TOM,1177,08.01.–12.01.,39,8,13,,3,19,,9,,,,,9,
bayern,2026-03-03,0,GMS,Sat.1 Bayern,TOM,1003,25.02.–03.03.,39,7,13,2,3,18,2,10,,,,,5,BP=1
berlin,1998-03-19,0,Infratest dimap,"SFB, Tagesspiegel",T,1000,05.03.–11.03.,25,36,16,3,16,,,,,,,,4,
berlin,1999-01-22,0,Info GmbH,Berliner Zeitung,T,,,32,44,12,,9,,,,,,,,,
berlin,1999-01-26,0,Forsa,Berliner Morgenpost,T,1070,,31,32,,,,,,,,,,,,
berlin,1999-03-27,0,Infratest dimap,"SFB, Tagesspiegel",T,1000,15.03.–20.03.,35,29,12,4,14,,,,,,,,6,
berlin,1999-06-27,0,Forsa,Berliner Morgenpost,T,,,38,22,13,,16,,,,,,,,,
berlin,1999-07-03,0,Infratest dimap,"SFB, Tagesspiegel",T,,,44,23,11,2,15,,,,,,,,5,
berlin,1999-08-07,0,Info GmbH,Berliner Zeitung,T,1215,,38,21,13,,17,,,,,,,,,
berlin,1999-09-26,0,Forsa,Berliner Morgenpost,T,,,42,20,11,,17,,,,,,,,,
berlin,1999-10-01,0,Infratest dimap,"SFB, Tagesspiegel",T,1000,23.09.–28.09.,45,21,10,3,16,,,,,,,,5,
berlin,1999-10-02,0,Info GmbH,Berliner Zeitung,T,1201,,42.2,17.3,12.1,,16.6,,,,,,,,,
berlin,1999-10-10,1,,,,,,40.8,22.4,9.9,2.2,17.7,,,,,,,,7,
berlin,2000-04-17,0,Forsa,Berliner Morgenpost,T,,,39,25,12,3,15,,,,,,,,6,
berlin,2000-09-23,0,Emnid,DER SPIEGEL,T,,,37,33,18,5,4,,,,,,,,3,
berlin,2000-09-30,0,Infratest dimap,"SFB, Tagesspiegel",T,1000,20.09.–26.09.,35,30,11,4,17,,,,,,,,3,
berlin,2001-03-10,0,Forsa,Berliner Morgenpost,T,,,37,28,12,3,14,,,,,,,,6,
berlin,2001-03-17,0,Infratest dimap,"SFB, Tagesspiegel",T,1000,12.03.–14.03.,34,29,11,4,17,,,,,,,,5,
berlin,2001-06-02,0,Forsa,Berliner Morgenpost,T,,,31,29,14,7,14,,,,,,,,5,
berlin,2001-06-04,0,Emnid,DER SPIEGEL,T,,,33,30,10,7,16,,,,,,,,5,
berlin,2001-06-13,0,Forsa,Berliner Morgenpost,T,,,30,30,13,7,16,,,,,,,,4,
berlin,2001-06-22,0,Infratest dimap,"SFB, Tagesspiegel",T,,,30,28,9,7,22,,,,,,,,4,
berlin,2001-07-01,0,Forsa,Berliner Morgenpost,T,,,30,32,9,7,18,,,,,,,,4,
berlin,2001-07-20,0,Infratest dimap,SFB,T,,,26,28,11,9,21,,,,,,,,5,
berlin,2001-08-04,0,Forsa,Berliner Morgenpost,T,,,30,32,10,7,17,,,,,,,,4,
berlin,2001-09-06,0,Forsa,Die Woche,T,,,26,35,10,9,17,,,,,,,,3,
berlin,2001-09-27,0,Forsa,Die Woche,T,,,28,34,10,9,16,,,,,,,,3,
berlin,2001-10-04,0,Forsa,Die Woche,T,,,27,34,10,10,15,,,,,,,,4,
berlin,2001-10-05,0,Forschungsgruppe Wahlen,"ZDF, Der Tagesspiegel",T,993,01.10.–04.10.,26,36,10,9,15,,,,,,,,4,
berlin,2001-10-11,0,Forsa,Die Woche,T,,,26,36,10,7,16,,,,,,,,5,
berlin,2001-10-12,0,Infratest dimap,SFB,T,,,25,33,10,9,19,,,,,,,,4,
berlin,2001-10-18,0,Forsa,Die Woche,T,,,25,35,9,7,18,,,,,,,,5,
berlin,2001-10-21,1,,,,,,23.8,29.7,9.1,9.9,22.6,,,,,,,,4.9,
berlin,2001-12-09,0,Forsa,Berliner Morgenpost,T,,,25,31,9,7,23,,,,,,,,5,
berlin,2002-01-27,0,Forsa,Berliner Morgenpost,T,,,26,29,11,6,23,,,,,,,,5,
berlin,2002-03-03,0,Forsa,Berliner Morgenpost,T,,,23,30,10,9,22,,,,,,,,6,
berlin,2002-03-31,0,Forsa,Berliner Morgenpost,T,,,24,32,10,8,20,,,,,,,,6,
berlin,2002-04-26,0,Infratest dimap,SFB,T,1000,15.04.–18.04.,27,30,10,9,20,,,,,,,,4,
berlin,2002-04-28,0,Forsa,Berliner Morgenpost,T,,,26,32,10,10,18,,,,,,,,4,
berlin,2002-05-16,0,Forsa,Berliner Zeitung,T,,,26,30,9,11,19,,,,,,,,5,
berlin,2002-06-23,0,Emnid,Berliner Morgenpost,T,750,12.06.–18.06.,26,32,12,9,17,,,,,,,,4,
berlin,2002-07-13,0,Forsa,Berliner Zeitung,T,,,24,34,10,9,18,,,,,,,,5,
berlin,2002-07-14,0,Emnid,Berliner Morgenpost,T,750,08.07.–10.07.,27,31,13,9,16,,,,,,,,4,
berlin,2002-08-10,0,Forsa,Berliner Zeitung,T,1007,05.08.–08.08.,25,36,11,10,13,,,,,,,,5,
berlin,2002-09-15,0,Emnid,Berliner Morgenpost,T,75309109,,26,38,12,7,12,,,,,,,,3,
berlin,2002-10-12,0,Emnid,Berliner Morgenpost,T,753,07.10.–10.10.,27,39,14,6,10,,,,,,,,4,
berlin,2002-11-23,0,Forsa,Berliner Zeitung,T,1001,18.11.–21.11.,28,31,16,7,13,,,,,,,,5,
berlin,2002-12-01,0,Emnid,Berliner Morgenpost,T,750,,35,26,18,6,10,,,,,,,,5,
berlin,2002-12-29,0,Emnid,Berliner Morgenpost,T,750,,32,29,18,7,10,,,,,,,,4,
berlin,2003-02-02,0,Emnid,Berliner Morgenpost,T,751,,33,28,19,6,10,,,,,,,,5,
berlin,2003-02-15,0,Forsa,Berliner Zeitung,T,,,32,25,17,7,13,,,,,,,,6,
berlin,2003-03-30,0,Emnid,Berliner Morgenpost,T,,,29,32,19,7,10,,,,,,,,3,
berlin,2003-04-12,0,Forsa,Berliner Zeitung,T,1001,04.04.–10.04.,28,30,16,6,15,,,,,,,,5,
berlin,2003-04-27,0,Emnid,Berliner Morgenpost,T,,,32,28,19,8,9,,,,,,,,4,
berlin,2003-05-17,0,Forsa,Berliner Zeitung,T,1002,08.05.–15.05.,27,31,17,8,12,,,,,,,,5,
berlin,2003-06-01,0,Emnid,Berliner Morgenpost,T,,,29,31,18,7,10,,,,,,,,5,
berlin,2003-06-17,0,Forsa,Berliner Zeitung,T,1031,03.06.–11.06.,28,30,17,8,13,,,,,,,,4,
berlin,2003-06-29,0,Emnid,Berliner Morgenpost,T,,,31,28,19,7,11,,,,,,,,4,
berlin,2003-07-19,0,Forsa,Berliner Zeitung,T,,,30,30,16,8,12,,,,,,,,4,
berlin,2003-08-03,0,Emnid,Berliner Morgenpost,T,,,31,28,18,7,11,,,,,,,,5,
berlin,2003-08-18,0,Forsa,Berliner Zeitung,T,1004,07.08.–13.08.,29,31,16,7,11,,,,,,,,6,
berlin,2003-08-30,0,Infratest dimap,"RBB, Tagesspiegel",T,1000,22.08.–26.08.,30,29,13,8,15,,,,,,,,5,
berlin,2003-08-31,0,Emnid,Berliner Morgenpost,T,,,30,29,18,7,10,,,,,,,,6,
berlin,2003-09-13,0,Forsa,Berliner Zeitung,T,10010291009,,33,31,15,6,10,,,,,,,,5,
berlin,2003-09-28,0,Emnid,Berliner Morgenpost,T,,,33,26,18,6,11,,,,,,,,6,
berlin,2003-10-20,0,Forsa,Berliner Zeitung,T,,,31,28,16,6,12,,,,,,,,7,
berlin,2003-11-02,0,Emnid,Berliner Morgenpost,T,752,,33,24,18,7,11,,,,,,,,7,
berlin,2003-11-15,0,Forsa,Berliner Zeitung,T,1007,07.11.–13.11.,33,25,15,7,14,,,,,,,,6,
berlin,2003-11-30,0,Emnid,Berliner Morgenpost,T,,,32,25,17,7,13,,,,,,,,6,
berlin,2003-12-06,0,Infratest dimap,"RBB, Tagesspiegel",T,1000,01.12.–03.12.,33,25,16,7,15,,,,,,,,4,
berlin,2003-12-13,0,Forsa,Berliner Zeitung,T,1008,05.12.–11.12.,33,21,17,7,15,,,,,,,,7,
berlin,2003-12-28,0,Emnid,Berliner Morgenpost,T,759,,34,24,17,7,13,,,,,,,,5,
berlin,2004-01-19,0,Forsa,Berliner Zeitung,T,1000,12.12.–15.12.,34,20,17,7,15,,,,,,,,7,
berlin,2004-01-31,0,Emnid,Berliner Morgenpost,T,,,34,23,18,7,13,,,,,,,,5,
berlin,2004-02-16,0,Forsa,Berliner Zeitung,T,1005,09.02.–12.02.,33,21,16,9,14,,,,,,,,7,
berlin,2004-02-29,0,Emnid,Berliner Morgenpost,T,750,23.02.–25.02.,35,22,19,7,11,,,,,,,,6,
berlin,2004-03-13,0,Forsa,Berliner Zeitung,T,1007,08.03.–11.03.,34,20,18,5,14,,,,,,,,9,
berlin,2004-04-04,0,Emnid,Berliner Morgenpost,T,757,,34,21,19,6,13,,,,,,,,7,
berlin,2004-04-13,0,Forsa,Berliner Zeitung,T,,,35,21,16,5,14,,,,,,,,9,
berlin,2004-05-02,0,Emnid,Berliner Morgenpost,T,,,36,22,17,6,12,,,,,,,,7,
berlin,2004-05-17,0,Forsa,Berliner Zeitung,T,1005,07.05.–13.05.,33,24,16,5,14,,,,,,,,8,
berlin,2004-05-30,0,Emnid,Berliner Morgenpost,T,750,,36,24,15,6,13,,,,,,,,6,
berlin,2004-06-19,0,Forsa,Berliner Zeitung,T,1000,14.06.–17.06.,30,20,19,5,16,,,,,,,,10,
berlin,2004-07-04,0,Emnid,Berliner Morgenpost,T,,,32,22,18,6,15,,,,,,,,7,
berlin,2004-07-19,0,Forsa,Berliner Zeitung,T,1003,12.07.–15.07.,29,18,21,8,15,,,,,,,,9,
berlin,2004-08-01,0,Emnid,Berliner Morgenpost,T,750,,31,22,21,6,14,,,,,,,,6,
berlin,2004-08-16,0,Forsa,Berliner Zeitung,T,1004,09.08.–12.08.,30,17,18,8,17,,,,,,,,10,
berlin,2004-09-12,0,Forsa,Berliner Zeitung,T,1004,06.09.–09.09.,28,22,18,7,16,,,,,,,,9,
berlin,2004-10-02,0,Emnid,Berliner Morgenpost,T,,,27,24,21,7,15,,,,,,,,6,
berlin,2004-10-17,0,Forsa,Berliner Zeitung,T,1000,11.10.–14.10.,27,26,17,8,14,,,,,,,,8,
berlin,2004-10-31,0,Emnid,Berliner Morgenpost,T,,,28,27,19,7,13,,,,,,,,6,
berlin,2004-11-20,0,Forsa,Berliner Zeitung,T,,,26,28,17,7,15,,,,,,,,7,
berlin,2004-12-05,0,Emnid,Berliner Morgenpost,T,,,29,27,18,7,13,,,,,,,,6,
berlin,2004-12-20,0,Forsa,Berliner Zeitung,T,1003,13.12.–16.12.,28,28,15,7,15,,,,,,,,7,
berlin,2005-01-09,0,Emnid,Berliner Morgenpost,T,750,,27,30,17,8,13,,,,,,,,5,
berlin,2005-01-18,0,Forsa,Berliner Zeitung,T,,,26,29,16,7,15,,,,,,,,7,
berlin,2005-01-18,0,Forsa,Berliner Zeitung,T,1004,07.02.–10.02,27,29,15,7,14,,,,,,,,8,
berlin,2005-01-30,0,Emnid,Berliner Morgenpost,T,,,27,31,17,7,13,,,,,,,,5,
berlin,2005-03-06,0,Emnid,Berliner Morgenpost,T,,,26,29,18,8,14,,,,,,,,5,
berlin,2005-03-14,0,Forsa,Berliner Zeitung,T,1003,07.03.–10.03,28,29,15,7,13,,,,,,,,8,
berlin,2005-04-04,0,Emnid,Berliner Morgenpost,T,754,,29,29,16,8,13,,,,,,,,5,
berlin,2005-04-17,0,Forsa,Berliner Zeitung,T,1000,11.04.–14.04.,29,29,15,7,12,,,,,,,,8,
berlin,2005-04-30,0,Emnid,Berliner Morgenpost,T,,,29,28,18,6,14,,,,,,,,5,
berlin,2005-05-17,0,Forsa,Berliner Zeitung,T,1005,09.05.–12.05.,27,32,16,6,12,,,,,,,,7,
berlin,2005-06-04,0,Emnid,Berliner Morgenpost,T,,,32,31,15,5,12,,,,,,,,5,
berlin,2005-06-08,0,Infratest dimap,RBB,T,1000,06.06.–07.06.,30,26,13,9,17,,,,,,,,5,
berlin,2005-06-14,0,Forsa,Berliner Zeitung,T,1001,06.06.–09.06.,25,30,16,5,16,,,,,,,,8,
berlin,2005-07-02,0,Emnid,Berliner Morgenpost,T,,,31,27,15,6,16,,,,,,,,3,WASG=2
berlin,2005-07-16,0,Forsa,Berliner Zeitung,T,,,28,28,14,5,13,,,,,,,,6,WASG=6
berlin,2005-07-31,0,Emnid,Berliner Morgenpost,T,,,29,26,14,6,14,,,,,,,,5,WASG=6
berlin,2005-08-15,0,Forsa,Berliner Zeitung,T,1000,08.08.–11.08.,26,29,12,6,20,,,,,,,,7,
berlin,2005-08-17,0,Infratest dimap,RBB,T,1000,11.08.–15.08.,27,29,15,7,18,,,,,,,,4,
berlin,2005-09-04,0,Emnid,Berliner Morgenpost,T,,,25,32,15,6,18,,,,,,,,4,
berlin,2005-09-10,0,Forsa,Berliner Zeitung,T,1000,05.09.–08.09.,28,31,13,6,16,,,,,,,,6,
berlin,2005-10-15,0,Forsa,Berliner Zeitung,T,1002,10.10.–13.10.,20,34,15,8,17,,,,,,,,6,
berlin,2005-11-15,0,Forsa,Berliner Zeitung,T,1002,07.11.–10.11.,19,39,13,8,16,,,,,,,,5,
berlin,2005-12-19,0,Forsa,Berliner Zeitung,T,1001,12.12.–15.12.,21,35,14,8,16,,,,,,,,6,
berlin,2006-01-23,0,Forsa,Berliner Zeitung,T,1000,16.01.–19.01.,23,34,15,7,16,,,,,,,,5,
berlin,2006-02-12,0,Emnid,Berliner Morgenpost,T,1000,06.02.–08.02.,24,35,13,6,13,,,,,,,,2,WASG=4;REP/NPD=3
berlin,2006-02-19,0,Forsa,Berliner Zeitung,T,1003,13.02.–16.02.,25,36,14,6,13,,,,,,,,6,
berlin,2006-03-06,0,Emnid,Berliner Morgenpost,T,1000,27.02.–01.03.,25,37,12,7,13,,,,,,,,3,WASG=3
berlin,2006-03-19,0,Forsa,Berliner Zeitung,T,1001,06.03.–16.03.,24,33,14,7,14,,,,,,,,6,WASG=2
berlin,2006-04-02,0,Emnid,Berliner Morgenpost,T,750,27.03.–29.03.,26,34,12,7,15,,,,,,,,6,
berlin,2006-04-18,0,Forsa,Berliner Zeitung,T,1001,03.04.–12.04.,24,32,16,5,15,,,,,,,,8,
berlin,2006-05-07,0,Emnid,Berliner Morgenpost,T,1008,02.05.–04.05.,23,36,14,5,13,,,,,,,,2,WASG=3;REP/NPD=4
berlin,2006-05-16,0,Forsa,Berliner Zeitung,T,1001,02.05.–11.05.,26,32,14,6,15,,,,,,,,7,
berlin,2006-06-05,0,Emnid,Berliner Morgenpost,T,1006,29.05.–01.06.,21,36,12,7,15,,,,,,,,1,WASG=5;REP/NPD=3
berlin,2006-06-23,0,Forsa,Berliner Zeitung,T,1002,12.06.–22.06.,24,33,14,8,15,,,,,,,,6,
berlin,2006-07-02,0,Emnid,Berliner Morgenpost,T,1005,26.06.–29.06.,23,34,13,8,14,,,,,,,,1,WASG=4;REP/NPD=3
berlin,2006-07-26,0,Forsa,Berliner Zeitung,T,1002,10.07.–20.07.,21,30,16,10,17,,,,,,,,6,
berlin,2006-08-03,0,Infratest dimap,ARD,T,1000,31.07.–02.08.,23,35,13,8,15,,,,,,,,6,
berlin,2006-08-06,0,Emnid,Berliner Morgenpost,T,1000,31.07.–03.08.,22,32,14,9,15,,,,,,,,3,WASG=5
berlin,2006-08-19,0,Forsa,Berliner Zeitung,T,1001,07.08.–17.08.,21,32,14,10,16,,,,,,,,6,WASG=1
berlin,2006-08-24,0,Infratest dimap,RBB,T,1000,18.08.–22.08.,21,32,16,8,16,,,,,,,,2,GRAUE=3;WASG=2
berlin,2006-08-27,0,Emnid,Berliner Morgenpost,T,1000,21.08.–24.08.,21,33,14,9,16,,,,,,,,4,WASG=3
berlin,2006-09-07,0,Infratest dimap,RBB,T,1000,04.09.–06.09.,21,33,14,7,15,,,,,,,,4,GRAUE=3;WASG=3
berlin,2006-09-08,0,Forschungsgruppe Wahlen,ZDF,T,1027,04.09.–07.09.,22,32,13,8,17,,,,,,,,8,
berlin,2006-09-09,0,Forsa,Berliner Zeitung,T,1001,04.09.–07.09.,20,31,14,8,17,,,,,,,,8,WASG=2
berlin,2006-09-10,0,Emnid,Berliner Morgenpost,T,1001,04.09.–07.09.,22,33,14,9,15,,,,,,,,4,WASG=3
berlin,2006-09-17,1,,,,,,21.3,30.8,13.1,7.6,13.4,,,,,,,,4.4,GRAUE=3.8;WASG=2.9
berlin,2006-10-22,0,Forsa,Berliner Zeitung,T,1001,09.10.–19.10.,20,28,15,8,13,,,,,,,,14,WASG=2
berlin,2006-11-27,0,Forsa,Berliner Zeitung,T,1014,13.11.–23.11.,19,28,14,9,14,,,,,,,,15,WASG=1
berlin,2006-12-30,0,Forsa,Berliner Zeitung,T,1001,11.12.–21.12.,17,29,16,8,15,,,,,,,,15,
berlin,2007-01-24,0,Forsa,Berliner Zeitung,T,1000,08.01.–18.01.,19,30,15,8,12,,,,,,,,16,
berlin,2007-02-07,0,Infratest dimap,"RBB, Berliner Morgenpost",T,1000,02.02.–05.02.,21,33,14,8,14,,,,,,,,3,Rechte=4;GRAUE=3
berlin,2007-02-20,0,Forsa,Berliner Zeitung,T,1000,12.02.–15.02.,19,28,16,8,13,,,,,,,,16,
berlin,2007-03-08,0,Infratest dimap,"RBB, Berliner Morgenpost",T,1000,02.03.–05.03.,22,31,16,8,13,,,,,,,,3,GRAUE=4;Rechte=3
berlin,2007-03-19,0,Forsa,Berliner Zeitung,T,1001,05.03.–15.03.,20,26,17,8,13,,,,,,,,16,
berlin,2007-04-04,0,Infratest dimap,"RBB, Berliner Morgenpost",T,1000,30.03.–02.04.,22,33,15,8,13,,,,,,,,3,GRAUE=4;Rechte=2
berlin,2007-05-01,0,Forsa,Berliner Zeitung,T,1001,18.04.–26.04.,22,25,17,8,14,,,,,,,,14,
berlin,2007-05-02,0,Infratest dimap,"RBB, Berliner Morgenpost",T,1000,27.04.–29.04.,21,32,16,8,15,,,,,,,,8,
berlin,2007-05-28,0,Forsa,Berliner Zeitung,T,1005,21.05.–24.05.,21,27,17,8,13,,,,,,,,14,
berlin,2007-06-06,0,Infratest dimap,"RBB, Berliner Morgenpost",T,1000,01.06.–04.06.,23,30,17,7,15,,,,,,,,8,
berlin,2007-07-01,0,Forsa,Berliner Zeitung,T,1001,18.06.–28.06.,22,24,15,8,17,,,,,,,,14,
berlin,2007-07-04,0,Infratest dimap,"RBB, Berliner Morgenpost",T,1000,29.06.–02.07.,24,31,15,7,16,,,,,,,,7,
berlin,2007-07-27,0,Forsa,Berliner Zeitung,T,1001,16.07.–26.07.,24,26,14,7,15,,,,,,,,14,
berlin,2007-08-26,0,Forsa,Berliner Zeitung,T,1002,13.08.–23.08.,22,28,15,6,16,,,,,,,,13,
berlin,2007-09-12,0,Infratest dimap,"RBB, Berliner Morgenpost",T,1000,07.09.–09.09.,24,31,16,5,16,,,,,,,,8,
berlin,2007-09-25,0,Forsa,Berliner Zeitung,T,1001,11.09.–20.09.,24,26,13,8,17,,,,,,,,12,
berlin,2007-10-11,0,Infratest dimap,"RBB, Berliner Morgenpost",T,1000,05.10.–08.10.,25,33,14,6,14,,,,,,,,8,
berlin,2007-10-23,0,Forsa,Berliner Zeitung,T,1003,08.10.–18.10.,22,28,14,9,15,,,,,,,,12,
berlin,2007-11-15,0,Infratest dimap,"RBB, Berliner Morgenpost",T,1000,09.11.–12.11.,25,31,16,5,16,,,,,,,,7,
berlin,2007-11-21,0,Forsa,Berliner Zeitung,T,1000,05.11.–15.11.,22,30,15,7,15,,,,,,,,11,
berlin,2007-12-12,0,Infratest dimap,"RBB, Berliner Morgenpost",T,1000,07.12.–10.12.,23,31,16,7,15,,,,,,,,8,
berlin,2007-12-28,0,Forsa,Berliner Zeitung,T,1002,11.12.–20.12.,23,28,14,7,16,,,,,,,,12,
berlin,2008-01-29,0,Forsa,Berliner Zeitung,T,1000,14.01.–24.01.,25,28,15,7,15,,,,,,,,10,
berlin,2008-03-06,0,Forsa,Berliner Zeitung,T,1000,18.02.–28.02.,22,28,14,8,16,,,,,,,,12,
berlin,2008-03-12,0,Infratest dimap,"RBB, Berliner Morgenpost",T,100007031003,,23,29,16,7,18,,,,,,,,7,
berlin,2008-03-28,0,Forsa,Berliner Zeitung,T,1000,13.03.–27.03.,23,26,16,8,16,,,,,,,,11,
berlin,2008-04-18,0,Infratest dimap,"RBB, Berliner Morgenpost",T,2500,11.04.–16.04.,25,29,16,7,17,,,,,,,,6,
berlin,2008-05-05,0,Forsa,Berliner Zeitung,T,1204,14.04.–24.04.,23,28,16,8,16,,,,,,,,9,
berlin,2008-06-05,0,Forsa,Berliner Zeitung,T,1000,19.05.–29.05.,23,27,15,8,18,,,,,,,,9,
berlin,2008-06-11,0,Infratest dimap,"RBB, Berliner Morgenpost",T,1000,06.06.–09.06.,23,27,18,9,18,,,,,,,,5,
berlin,2008-06-29,0,Forsa,Berliner Zeitung,T,1000,16.06.–26.06.,21,28,15,9,18,,,,,,,,,
berlin,2008-07-28,0,Forsa,Berliner Zeitung,T,1001,14.07.–24.07.,20,26,17,8,20,,,,,,,,3,Rechte=4;GRAUE=2
berlin,2008-09-02,0,Forsa,Berliner Zeitung,T,1008,18.08.–28.08.,21,27,16,9,18,,,,,,,,,
berlin,2008-09-10,0,Infratest dimap,"RBB, Berliner Morgenpost",T,1000,04.09.–08.09.,21,29,18,9,16,,,,,,,,7,
berlin,2008-09-29,0,Forsa,Berliner Zeitung,T,1002,,18,28,17,10,18,,,,,,,,9,
berlin,2008-11-01,0,Forsa,Berliner Zeitung,T,1003,20.10.–30.10.,22,27,15,8,19,,,,,,,,9,
berlin,2008-11-29,0,Forsa,Berliner Zeitung,T,1006,17.11.–27.11.,20,26,17,9,19,,,,,,,,9,
berlin,2008-12-10,0,Infratest dimap,"RBB, Berliner Morgenpost",T,1000,04.12.–08.12.,24,28,17,9,16,,,,,,,,6,
berlin,2008-12-29,0,Forsa,Berliner Zeitung,T,,,20,28,16,11,17,,,,,,,,8,
berlin,2009-02-02,0,Forsa,Berliner Zeitung,T,10050101,,23,28,17,10,15,,,,,,,,7,
berlin,2009-03-03,0,Forsa,Berliner Zeitung,T,1001,,21,27,16,14,15,,,,,,,,7,
berlin,2009-03-31,0,Forsa,Berliner Zeitung,T,1004,16.03.–26.03.,20,29,18,12,14,,,,,,,,7,
berlin,2009-04-16,0,Infratest dimap,"RBB, Berliner Morgenpost",T,2500,06.04.–09.04.,22,29,17,11,15,,,,,,,,6,
berlin,2009-05-09,0,Forsa,Berliner Zeitung,T,1000,20.04.–27.04.,21,27,16,11,16,,,,,,,,9,
berlin,2009-06-02,0,Forsa,Berliner Zeitung,T,1007,18.05.–28.05.,21,26,18,11,16,,,,,,,,8,
berlin,2009-06-28,0,Forsa,Berliner Zeitung,T,1007,16.06.–25.06.,24,22,19,11,16,,,,,,,,8,
berlin,2009-07-08,0,Infratest dimap,"RBB, Berliner Morgenpost",T,1000,02.07.–06.07.,23,25,20,12,14,,,,,,,,6,
berlin,2009-07-27,0,Forsa,Berliner Zeitung,T,1003,14.07.–23.07.,23,22,19,12,15,,,,,,,,9,
berlin,2009-08-29,0,Forsa,Berliner Zeitung,T,1005,19.08.–27.08.,23,22,20,9,16,,,,,,,,10,
berlin,2009-09-11,0,Infratest dimap,"RBB, Berliner Morgenpost",T,1000,04.09.–07.09.,22,24,20,10,16,,,,,,,,8,
berlin,2009-09-25,0,Forsa,Berliner Zeitung,T,1007,15.09.–24.09.,21,24,20,8,15,,,,,,,,12,
berlin,2009-11-02,0,Forsa,Berliner Zeitung,T,1004,26.10.–29.10.,24,20,20,8,16,,,,,,,,12,
berlin,2009-12-01,0,Forsa,Berliner Zeitung,T,1002,19.11.–26.11.,23,22,21,7,17,,,,,,,,10,
berlin,2009-12-09,0,Infratest dimap,"RBB, Berliner Morgenpost",T,1000,04.12.–07.12.,25,23,19,9,17,,,,2,,,,5,
berlin,2009-12-28,0,Forsa,Berliner Zeitung,T,1005,14.12.–22.12.,25,21,19,7,18,,,,,,,,10,
berlin,2010-02-15,0,Forsa,Berliner Zeitung,T,1005,25.01.–05.02.,23,24,20,5,17,,,,,,,,11,
berlin,2010-03-01,0,Forsa,Berliner Zeitung,T,1001,12.02.–25.02.,22,25,19,6,18,,,,,,,,10,
berlin,2010-03-24,0,Infratest dimap,"RBB, Berliner Morgenpost",T,1000,19.03.–22.03.,25,23,21,6,19,,,,,,,,6,
berlin,2010-03-28,0,Forsa,Berliner Zeitung,T,1003,15.03.–25.03.,22,25,21,5,17,,,,,,,,10,
berlin,2010-05-04,0,Forsa,Berliner Zeitung,T,1006,19.04.–29.04.,20,26,23,7,15,,,,,,,,9,
berlin,2010-05-28,0,Forsa,Berliner Zeitung,T,1003,18.05.–27.05.,21,26,22,4,17,,,,,,,,10,
berlin,2010-06-09,0,Infratest dimap,"RBB, Berliner Morgenpost",T,1001,04.06.–07.06.,25,25,23,5,17,,,,,,,,5,
berlin,2010-06-25,0,Forsa,Berliner Zeitung,T,1001,17.06.–24.06.,19,27,25,3,17,,,,,,,,9,
berlin,2010-07-30,0,Forsa,Berliner Zeitung,T,1005,19.07.–29.07.,17,27,27,4,15,,,,,,,,10,
berlin,2010-08-30,0,Forsa,Berliner Zeitung,T,1001,17.08.–26.08.,17,26,27,4,16,,,,,,,,10,
berlin,2010-09-08,0,Infratest dimap,"RBB, Berliner Morgenpost",T,1000,03.09.–06.09.,22,24,28,4,16,,,,,,,,6,
berlin,2010-09-13,0,Emnid,B.Z.,T,,,19,28,25,4,15,,,,,,,,9,
berlin,2010-10-01,0,Forsa,Berliner Zeitung,T,1006,21.09.–29.09.,16,26,30,3,15,,,,,,,,10,
berlin,2010-10-27,0,Infratest dimap,"RBB, Berliner Morgenpost",T,1000,25.10.–26.10.,20,22,30,3,17,,,,,,,,8,
berlin,2010-11-01,0,Forsa,Berliner Zeitung,T,1004,19.10.–28.10.,17,27,29,3,14,,,,,,,,10,
berlin,2010-11-27,0,Forsa,Berliner Zeitung,T,1002,16.11.–25.11.,18,26,28,3,16,,,,,,,,9,
berlin,2010-12-08,0,Infratest dimap,"RBB, Berliner Morgenpost",T,1000,03.12.–06.12.,21,27,27,3,17,,,,,,,,5,
berlin,2010-12-18,0,Forsa,Berliner Zeitung,T,1004,07.12.–16.12.,19,27,25,4,15,,,,,,,,10,
berlin,2011-01-10,0,Infratest dimap,"RBB, Berliner Morgenpost",T,1000,05.01.–06.01.,20,29,25,4,17,,,,,,,,5,
berlin,2011-01-15,0,Forsa,Berliner Zeitung,T,1001,05.01.–13.01.,19,28,24,3,14,,,,,,,,12,
berlin,2011-02-16,0,Infratest dimap,"RBB, Berliner Morgenpost",T,1000,11.02.–14.02.,23,28,23,3,16,,,,,,,,7,
berlin,2011-02-25,0,Forsa,Berliner Zeitung,T,1006,15.02.–24.02.,18,30,23,4,13,,,,,,,,12,
berlin,2011-03-06,0,INFO GmbH,Berliner Kurier,T,1018,18.02.–01.03.,20,30,22,4,13,,,,,,,,9.3,Rechte=2.4
berlin,2011-03-26,0,Forsa,Berliner Zeitung,T,1001,14.03.–24.03.,19,29,24,3,13,,,,,,,,12,
berlin,2011-03-31,0,INFO GmbH,Berliner Kurier,T,1002,16.03.–21.03.,19,32,29,3,11,,,,,,,,,
berlin,2011-04-06,0,Infratest dimap,"RBB, Berliner Morgenpost",T,1000,01.04.–04.04.,21,26,28,3,15,,,,,,,,7,
berlin,2011-04-10,0,Emnid,Focus,T,1000,06.04.–07.04.,20,27,29,3,14,,,,,,,,7,
berlin,2011-04-23,0,INFO GmbH,Berliner Kurier,T,1043,08.04.–14.04.,20,27,30,3,13,,,,,,,,,
berlin,2011-05-01,0,Forsa,Berliner Zeitung,T,1004,18.04.–28.04.,18,29,29,2,10,,,,,,,,12,
berlin,2011-05-11,0,Infratest dimap,"RBB, Berliner Morgenpost",T,1003,06.05.–09.05.,21,29,26,3,13,,,,,,,,8,
berlin,2011-05-20,0,INFO GmbH,Berliner Kurier,T,10000505,,20,28,31,2,11,,,,,,,,4,Rechte=3
berlin,2011-05-29,0,Forsa,Berliner Zeitung,T,1005,18.05.–26.05.,17,31,27,3,10,,,,,,,,12,
berlin,2011-06-08,0,Infratest dimap,"RBB, Berliner Morgenpost",T,1000,03.06.–06.06.,21,30,25,4,12,,,,,,,,8,
berlin,2011-06-17,0,INFO GmbH,"Berliner Kurier, Berl. Rundf. 91,4",T,1002,06.06.–08.06.,17,33,29,3,12,,,,,,,,5,Rechte=1
berlin,2011-07-04,0,Forsa,Berliner Zeitung,T,1001,20.06.–29.06.,18,31,27,3,11,,,,,,,,10,
berlin,2011-07-06,0,Infratest dimap,"RBB, Berliner Morgenpost",T,1000,01.07.–04.07.,23,29,24,3,14,,,,2,,,,5,
berlin,2011-07-17,0,Emnid,Focus,T,1002,06.07.–14.07.,21,32,22,3,14,,,,,,,,8,
berlin,2011-07-21,0,INFO GmbH,"Berliner Kurier, Berl. Rundf. 91,4",T,1042,11.07.–14.07.,21,29,26,2,13,,,,,,,,7,Rechte=2
berlin,2011-07-31,0,Forsa,Berliner Zeitung,T,1003,18.07.–28.07.,19,30,24,3,13,,,,,,,,11,
berlin,2011-08-10,0,Infratest dimap,"RBB, Berliner Morgenpost",T,1000,05.08.–08.08.,22,31,22,4,12,,,,3,,,,6,
berlin,2011-08-18,0,INFO GmbH,"Berliner Kurier, Berl. Rundf. 91,4",T,1047,08.08.–12.08.,23,36,22,2,8,,,,4.5,,,,4,Rechte=1
berlin,2011-08-26,0,Forschungsgruppe Wahlen,ZDF,T,933,22.08.–25.08.,20.5,33,20.5,3.5,10.5,,,,4.5,,3,,4.5,
berlin,2011-08-30,0,Emnid,B.Z. (Quelle),T,576,22.08.–25.08.,24,33,19,5,11,,,,4,,1,,3,
berlin,2011-08-30,0,Infratest dimap,"RBB, Berliner Morgenpost",T,1000,26.08.–29.08.,22,30,22,3,11,,,,4.5,,,,7.5,
berlin,2011-09-02,0,Forsa,Berliner Zeitung,T,1100,05.08.–30.08.,21,32,19,4,11,,,,5,,,,8,
berlin,2011-09-04,0,Emnid,Focus,T,1001,29.08.–01.09.,23,32,20,4,11,,,,4,,,,6,
berlin,2011-09-08,0,Infratest dimap,ARD,T,1000,06.09.–08.09.,22,29.5,20,3,11,,,,6.5,,,,8,
berlin,2011-09-09,0,Forschungsgruppe Wahlen,ZDF,T,1492,05.09.–08.09.,21,32,19.5,3,11,,,,5.5,,,,8,
berlin,2011-09-15,0,INFO GmbH,"Berliner Kurier, Berl. Rundf. 91,4",T,1504,09.09.–11.09.,22,31,18,2,12,,,,9,,3,,3,
berlin,2011-09-18,1,,,,,,23.3,28.3,17.6,1.8,11.7,,,,8.9,,2.1,,6.2,
berlin,2011-10-05,0,Forsa,Berliner Zeitung,T,1008,20.09.–28.09.,24,29,15,2,11,,,,10,,,,9,
berlin,2011-10-31,0,Forsa,Berliner Zeitung,T,1004,18.10.–27.10.,24,29,15,2,11,,,,11,,,,8,
berlin,2011-11-28,0,Forsa,Berliner Zeitung,T,1005,15.11.–24.11.,24,31,14,1,11,,,,10,,,,9,
berlin,2011-12-07,0,Infratest dimap,"RBB, Berliner Morgenpost",T,1000,02.12.–05.12.,25,32,16,2,11,,,,9,,,,5,
berlin,2011-12-30,0,Forsa,Berliner Zeitung,T,1212,,24,28,16,1,11,,,,11,,,,9,
berlin,2012-01-30,0,Forsa,Berliner Zeitung,T,1002,16.01.–26.01.,22,29,16,,10,,,,14,,,,9,
berlin,2012-02-28,0,Forsa,Berliner Zeitung,T,1005,23.02.–24.02.,23,29,15,,10,,,,13,,,,10,
berlin,2012-04-02,0,Forsa,Berliner Zeitung,T,1008,20.03.–29.03.,24,29,15,,11,,,,13,,,,8,
berlin,2012-04-18,0,Infratest dimap,"RBB, Berliner Morgenpost",T,1000,13.04.–16.04.,25,29,16,1,10,,,,14,,,,5,
berlin,2012-05-03,0,Forsa,Berliner Zeitung,T,1005,17.04.–26.04.,23,28,16,,10,,,,15,,,,8,
berlin,2012-05-28,0,Forsa,Berliner Zeitung,T,1003,14.05.–24.05.,22,27,18,,10,,,,15,,,,8,
berlin,2012-06-13,0,Infratest dimap,"RBB, Berliner Morgenpost",T,1000,08.06.–11.06.,25,31,17,2,10,,,,10,,,,5,
berlin,2012-07-02,0,Forsa,Berliner Zeitung,T,1001,18.06.–28.06.,24,26,18,,11,,,,12,,,,9,
berlin,2012-07-27,0,Forsa,Berliner Zeitung,T,1004,17.07.–26.07.,26,25,18,,10,,,,13,,,,8,
berlin,2012-08-27,0,Forsa,Berliner Zeitung,T,1007,13.08.–23.08.,24,24,20,,10,,,,14,,,,8,
berlin,2012-09-19,0,Infratest dimap,"RBB, Berliner Morgenpost",T,1000,14.09.–17.09.,26,27,19,2,12,,,,8,,,,6,
berlin,2012-09-30,0,Forsa,Berliner Zeitung,T,1004,18.09.–27.09.,26,26,19,,10,,,,10,,,,9,
berlin,2012-10-29,0,Forsa,Berliner Zeitung,T,1002,17.10.–25.10.,27,26,19,,10,,,,10,,,,8,
berlin,2012-11-30,0,Forsa,Berliner Zeitung,T,1008,16.11.–29.11.,26,26,22,,11,,,,7,,,,8,
berlin,2012-12-05,0,Infratest dimap,"RBB, Berliner Morgenpost",T,1000,30.11.–03.12.,26,25,20,2,14,,,,7,,,,6,
berlin,2012-12-28,0,Forsa,Berliner Zeitung,T,1004,10.12.–20.12.,27,24,22,,12,,,,6,,,,9,
berlin,2013-02-03,0,Forsa,Berliner Zeitung,T,1007,21.01.–30.01.,26,25,25,,10,,,,7,,,,7,
berlin,2013-03-04,0,Forsa,Berliner Zeitung,T,1002,20.02.–28.02.,29,24,24,,10,,,,6,,,,7,
berlin,2013-03-25,0,Forsa,Berliner Zeitung,T,1006,12.03.–21.03.,27,25,24,,10,,,,5,,,,9,
berlin,2013-04-17,0,Infratest dimap,"RBB, Berliner Morgenpost",T,1001,12.04.–15.04.,28,24,21,2,13,,,,5,,,,7,
berlin,2013-04-30,0,Forsa,Berliner Zeitung,T,1004,16.04.–25.04.,28,24,21,,12,,,,5,,,,10,
berlin,2013-06-01,0,Forsa,Berliner Zeitung,T,1004,21.05.–30.05.,26,26,21,,12,,,,4,,,,11,
berlin,2013-06-12,0,Infratest dimap,"RBB, Berliner Morgenpost",T,1000,07.06.–10.06.,29,26,22,2,11,,,,4,,,,6,
berlin,2013-07-01,0,Forsa,Berliner Zeitung,T,1004,19.06.–27.06.,26,27,22,,12,,,,4,,,,9,
berlin,2013-07-31,0,Forsa,Berliner Zeitung,T,1005,16.07.–25.07.,28,26,22,,11,,,,3,,,,10,
berlin,2013-08-30,0,Forsa,Berliner Zeitung,T,1001,20.08.–29.08.,27,25,21,,12,4,,,5,,,,6,
berlin,2013-09-11,0,Infratest dimap,"RBB, Berliner Morgenpost",T,1752,05.09.–09.09.,26,29,18,2,14,2,,,5,,,,4,
berlin,2013-10-01,0,Forsa,Berliner Zeitung,T,1003,17.09.–26.09.,28,26,19,,14,4,,,3,,,,6,
berlin,2013-11-04,0,Forsa,Berliner Zeitung,T,1002,21.10.–31.10.,27,27,16,,16,5,,,3,,,,6,
berlin,2013-12-05,0,Forsa,Berliner Zeitung,T,1001,18.11.–28.11.,28,26,17,,15,4,,,4,,,,6,
berlin,2013-12-11,0,Infratest dimap,"RBB, Berliner Morgenpost",T,1000,06.12.–09.12.,29,26,16,,17,4,,,3,,,,5,
berlin,2014-01-02,0,Forsa,Berliner Zeitung,T,10031212,,27,26,17,,15,4,,,5,,,,6,
berlin,2014-02-04,0,Forsa,Berliner Zeitung,T,1006,20.01.–29.01.,25,26,18,,15,4,,,4,,,,8,
berlin,2014-02-08,0,Infratest dimap,"RBB, Berliner Morgenpost",T,8000702,,26,26,18,,14,5,,,4,,,,7,
berlin,2014-03-05,0,Forsa,Berliner Zeitung,T,10030202,,27,23,18,,17,4,,,4,,,,7,
berlin,2014-04-01,0,Forsa,Berliner Zeitung,T,1002,17.03.–27.03.,29,23,16,,18,3,,,4,,,,7,
berlin,2014-05-05,0,Forsa,Berliner Zeitung,T,1002,22.04.–30.04.,30,23,16,,15,5,,,5,,,,6,
berlin,2014-05-14,0,Infratest dimap,"RBB, Berliner Morgenpost",T,1001,08.05.–12.05.,28,24,16,,18,4,,,4,,,,6,
berlin,2014-05-30,0,Forsa,Berliner Zeitung,T,1008,20.05.–28.05.,26,21,19,,15,6,,,6,,,,7,
berlin,2014-06-30,0,Forsa,Berliner Zeitung,T,1003,16.06.–26.06.,28,23,19,,15,4,,,4,,,,7,
berlin,2014-08-04,0,Forsa,Berliner Zeitung,T,1003,21.07.–31.07.,28,21,21,,15,4,,,4,,,,7,
berlin,2014-08-30,0,Forsa,Berliner Zeitung,T,1003,19.08.–28.08.,29,24,19,,14,4,,,4,,,,6,
berlin,2014-09-22,0,Forsa,Berliner Zeitung,T,1007,08.09.–18.09.,27,25,18,,14,7,,,3,,,,6,
berlin,2014-10-22,0,Infratest dimap,"RBB, Berliner Morgenpost",T,1001,20.10.–21.10.,26,27,17,,16,7,,,3,,,,4,
berlin,2014-11-01,0,Forsa,Berliner Zeitung,T,10031010,,26,26,19,,15,5,,,3,,,,6,
berlin,2014-12-04,0,Forsa,Berliner Zeitung,T,1009,17.11.–27.11.,27,27,19,,13,4,,,3,,,,7,
berlin,2015-02-02,0,Forsa,Berliner Zeitung,T,1003,19.01.–29.01.,26,27,18,3,14,5,,,3,,,,4,
berlin,2015-02-28,0,Forsa,Berliner Zeitung,T,1002,16.02.–26.02.,25,29,18,4,13,4,,,3,,,,4,
berlin,2015-03-25,0,Infratest dimap,"RBB, Berliner Morgenpost",T,1001,20.03.–24.03.,26,28,18,,14,5,,,3,,,,6,
berlin,2015-03-30,0,Forsa,Berliner Zeitung,T,1002,18.03.–26.03.,23,29,17,,15,4,,,4,,,,8,
berlin,2015-05-04,0,Forsa,Berliner Zeitung,T,1005,17.04.–29.04.,25,29,16,,14,4,,,4,,,,8,
berlin,2015-06-05,0,Forsa,Berliner Zeitung,T,1005,22.05.–28.05.,24,28,16,,15,4,,,5,,,,8,
berlin,2015-06-29,0,Forsa,Berliner Zeitung,T,1001,15.06.–24.06.,24,27,17,,16,4,,,4,,,,8,
berlin,2015-08-05,0,Forsa,Berliner Zeitung,T,1003,21.07.–30.07.,24,29,17,,15,3,,,3,,,,9,
berlin,2015-09-01,0,Forsa,Berliner Zeitung,T,1006,17.08.–27.08.,23,29,18,,16,2,,,4,,,,8,
berlin,2015-09-30,0,Forsa,Berliner Zeitung,T,1001,14.09.–24.09.,23,29,18,2,15,3,,,3,,,,7,
berlin,2015-11-02,0,Forsa,Berliner Zeitung,T,1003,19.10.–29.10.,22,29,16,4,17,3,,,4,,,,5,
berlin,2015-11-20,0,Infratest dimap,"RBB, Berliner Morgenpost",T,1000,12.11.–16.11.,23,27,17,3,14,9,,,2,,,,5,
berlin,2015-11-30,0,Forsa,Berliner Zeitung,T,1001,16.11.–26.11.,22,30,18,3,15,4,,,3,,,,5,
berlin,2015-12-21,0,Forsa,Berliner Zeitung,T,1005,07.12.–17.12.,23,29,17,4,14,5,,,3,,,,5,
berlin,2016-02-02,0,Forsa,Berliner Zeitung,T,1002,18.01.–28.01.,20,29,18,3,15,7,,,3,,,,5,
berlin,2016-02-25,0,Infratest dimap,"RBB, Berliner Morgenpost",T,1004,18.02.–23.02.,21,25,19,4,16,10,,,,,,,5,
berlin,2016-03-02,0,Forsa,Berliner Zeitung,T,1003,15.02.–25.02.,21,29,17,4,14,7,,,3,,,,5,
berlin,2016-03-29,0,Forsa,Berliner Zeitung,T,1001,14.03.–23.03.,19,27,18,6,14,9,,,2,,,,5,
berlin,2016-04-13,0,Infratest dimap,"RBB, Berliner Morgenpost",T,1000,07.04.–11.04.,21,23,17,5,16,13,,,,,,,5,
berlin,2016-04-29,0,Forsa,Berliner Zeitung,T,1002,18.04.–28.04.,18,27,20,6,14,7,,,3,,,,5,
berlin,2016-05-11,0,Infratest dimap,"RBB, Berliner Morgenpost",T,1003,04.05.–09.05.,19,23,18,4,16,15,,,,,,,5,
berlin,2016-05-27,0,Forsa,Berliner Zeitung,T,1003,17.05.–25.05.,18,26,20,5,14,8,,,3,,,,6,
berlin,2016-06-15,0,Infratest dimap,"RBB, Berliner Morgenpost",T,1000,09.06.–13.06.,18,23,19,4,17,15,,,,,,,4,
berlin,2016-07-04,0,Forsa,Berliner Zeitung,T,1001,20.06.–30.06.,18,27,19,6,14,8,,,,,,,8,
berlin,2016-07-07,0,INSA,BILD,T,1003,23.06.–04.07.,19,21,19,4,18,14,,,1,,,,4,
berlin,2016-07-13,0,Infratest dimap,"RBB, Berliner Morgenpost",T,1000,07.07.–11.07.,20,21,19,4,18,13,,,,,,,5,
berlin,2016-07-31,0,Forsa,Berliner Zeitung,T,1002,18.07.–28.07.,18,26,20,5,16,8,,,,,,,7,
berlin,2016-08-11,0,INSA,BILD,T,1000,02.08.–09.08.,18,23,19,5,15,14,,,3,,,,3,
berlin,2016-08-17,0,Infratest dimap,"RBB, Berliner Morgenpost",T,1001,11.08.–15.08.,20,21,17,5,16,15,,,,,,,6,
berlin,2016-08-29,0,-->Forsa-->,Berliner Zeitung,T,1009,16.08.–25.08.,17,24,19,5,17,10,,,,,,,8,
berlin,2016-08-29,0,Forsa,Berliner Zeitung,T,1009,16.08.–25.08.,17,24,19,5,17,10,,,,,,,8,
berlin,2016-09-08,0,Infratest dimap,ARD,T,1002,06.09.–07.09.,19,21,16,5,15,15,,,,,,,9,
berlin,2016-09-09,0,Forschungsgruppe Wahlen,ZDF,T,1334,06.09.–08.09.,19,24,15,5,14,14,,,,,,,9,
berlin,2016-09-12,0,INSA,Cicero,T,1000,05.09.–09.09.,18,22,18,6,14,14,,,,,,,8,
berlin,2016-09-15,0,-->Forsa-->,Berliner Zeitung,T,1005,05.09.–14.09.,17,24,17,5,15,13,,,3,,,,6,
berlin,2016-09-15,0,Forsa,Berliner Zeitung,T,1005,05.09.–14.09.,17,24,17,5,15,13,,,3,,,,6,
berlin,2016-09-15,0,Forschungsgruppe Wahlen,ZDF,T,1420,14.09.–15.09.,18,23,15,6.5,14.5,14,,,,,,,9,
berlin,2016-09-18,1,,,,,,17.6,21.6,15.2,6.7,15.6,14.2,,,1.7,,,,7.4,
berlin,2016-10-30,0,-->Forsa-->,Berliner Zeitung,T,1002,19.10.–27.10.,18,20,16,7,16,13,,,,,,,10,
berlin,2016-10-30,0,Forsa,Berliner Zeitung,T,1002,19.10.–27.10.,18,20,16,7,16,13,,,,,,,10,
berlin,2016-11-24,0,Infratest dimap,"RBB, Berliner Morgenpost",T,1003,21.11.–23.11.,19,21,15,7,17,13,,,,,,,8,
berlin,2016-11-27,0,Forsa,Berliner Zeitung,T,1001,14.11.–24.11.,20,19,17,7,16,13,,,,,,,8,
berlin,2017-01-02,0,Forsa,Berliner Zeitung,T,1003,12.12.–23.12.,20,20,16,7,17,12,,,,,,,8,
berlin,2017-01-30,0,Forsa,Berliner Zeitung,T,1008,16.01.–26.01.,20,20,15,8,16,12,,,,,,,9,
berlin,2017-02-27,0,Forsa,Berliner Zeitung,T,1004,13.02.–23.02.,17,25,13,8,16,10,,,,,,,11,
berlin,2017-04-03,0,Forsa,Berliner Zeitung,T,1005,20.03.–30.03.,20,25,13,7,16,8,,,,,,,11,
berlin,2017-05-03,0,Forsa,Berliner Zeitung,T,1002,19.04.–27.04.,20,24,12,8,16,9,,,,,,,11,
berlin,2017-05-23,0,Infratest dimap,"RBB, Berliner Morgenpost",T,1000,17.05.–20.05.,24,22,13,8,17,10,,,,,,,6,
berlin,2017-05-30,0,Forsa,Berliner Zeitung,T,1001,16.05.–24.05.,23,22,13,8,16,8,,,,,,,10,
berlin,2017-07-06,0,Forsa,Berliner Zeitung,T,1003,22.06.–29.06.,22,21,14,9,17,8,,,,,,,9,
berlin,2017-08-01,0,Forsa,Berliner Zeitung,T,1007,18.07.–27.07.,22,20,14,9,18,8,,,,,,,9,
berlin,2017-09-03,0,Forsa,Berliner Zeitung,T,1005,22.08.–30.08.,21,19,14,11,17,9,,,,,,,9,
berlin,2017-09-12,0,Infratest dimap,"RBB, Berliner Morgenpost",T,1000,06.09.–09.09.,23,21,14,7,19,10,,,,,,,6,
berlin,2017-10-08,0,Forsa,Berliner Zeitung,T,1002,26.09.–05.10.,19,18,15,9,19,11,,,,,,,9,
berlin,2017-11-01,0,Forsa,Berliner Zeitung,T,1011,17.10.–26.10.,20,19,14,9,18,11,,,,,,,9,
berlin,2017-11-26,0,Forsa,Berliner Zeitung,T,1002,13.11.–23.11.,21,18,16,8,18,11,,,,,,,8,
berlin,2018-01-02,0,Forsa,Berliner Zeitung,T,1002,12.12.–21.12.,20,20,17,6,18,11,,,,,,,8,
berlin,2018-01-31,0,Forsa,Berliner Zeitung,T,1008,15.01.–25.01.,19,20,17,7,18,11,,,,,,,8,
berlin,2018-02-26,0,Forsa,Berliner Zeitung,T,1006,12.02.–22.02.,19,19,18,6,20,12,,,,,,,6,
berlin,2018-04-04,0,Forsa,Berliner Zeitung,T,1003,19.03.–28.03.,20,20,17,7,18,12,,,,,,,6,
berlin,2018-04-14,0,INSA,B.Z.,TOM,1039,03.04.–09.04.,19,19,17,8,19,13,,,,,,,3,Die PARTEI=2
berlin,2018-05-04,0,Forsa,Berliner Zeitung,T,1001,17.04.–26.04.,19,19,18,7,19,11,,,,,,,7,
berlin,2018-05-16,0,Infratest dimap,"RBB, Berliner Morgenpost",T,100009051205,,21,18,15,6,22,11,,,,,,,7,
berlin,2018-06-01,0,Forsa,Berliner Zeitung,T,1004,22.05.–31.05.,19,18,18,7,20,11,,,,,,,7,
berlin,2018-07-01,0,Forsa,Berliner Zeitung,T,1009,20.06.–28.06.,18,19,16,8,21,11,,,,,,,7,
berlin,2018-07-18,0,INSA,BILD,TOM,1012,09.07.–16.07.,18,17,18,7,17,14,,,,,,,5,Die PARTEI=4
berlin,2018-07-31,0,Forsa,Berliner Zeitung,T,1009,16.07.–26.07.,19,17,17,7,21,13,,,,,,,6,
berlin,2018-09-03,0,Forsa,Berliner Zeitung,T,1004,21.08.–30.08.,19,17,18,6,21,12,,,,,,,7,
berlin,2018-10-01,0,Forsa,Berliner Zeitung,T,1005,19.09.–27.09.,17,16,18,7,22,13,,,,,,,7,
berlin,2018-10-26,0,Forsa,Berliner Zeitung,T,10051010,,16,15,22,8,19,13,,,,,,,7,
berlin,2018-11-07,0,INSA,BILD,TOM,1019,23.10.–02.11.,16,16,22,7,17,15,,,,,,,7,
berlin,2018-11-21,0,Infratest dimap,"RBB, Berliner Morgenpost",T,1002,14.11.–17.11.,18,15,24,6,18,13,,,,,,,6,
berlin,2018-12-06,0,Forsa,Berliner Zeitung,T,1003,19.11.–29.11.,18,15,23,7,18,13,,,,,,,6,
berlin,2018-12-18,0,INSA,BILD,TOM,1007,10.12.–17.12.,18,16,21,8,16,14,,,,,,,7,
berlin,2019-01-01,0,Forsa,Berliner Zeitung,T,1009,11.12.–19.12.,17,15,23,7,18,13,,,,,,,7,
berlin,2019-02-05,0,Forsa,Berliner Zeitung,T,1002,22.01.–31.01.,19,16,21,8,20,11,,,,,,,5,
berlin,2019-03-05,0,Forsa,Berliner Zeitung,T,1001,20.02.–28.02.,20,17,22,7,18,11,,,,,,,5,
berlin,2019-04-04,0,Forsa,Berliner Zeitung,T,1003,19.03.–28.03.,18,15,25,8,18,10,,,,,,,6,
berlin,2019-04-09,0,INSA,B.Z.,O,1030,05.04.–08.04.,19,16,19,9,19,12,,,,,,,6,
berlin,2019-04-26,0,Forsa,Berliner Zeitung,T,1005,16.04.–25.04.,17,16,25,7,18,11,,,,,,,6,
berlin,2019-05-08,0,Infratest dimap,"RBB, Berliner Morgenpost",T,1000,30.04.–04.05.,17,15,23,6,19,10,,,,,,,10,
berlin,2019-06-03,0,Forsa,Berliner Zeitung,T,1006,20.05.–27.05.,15,16,26,7,17,11,,,,,,,8,
berlin,2019-07-01,0,Forsa,Berliner Zeitung,T,1004,17.06.–27.06.,17,15,25,7,17,10,,,,,,,9,
berlin,2019-07-29,0,Forsa,Berliner Zeitung,T,1001,17.07.–25.07.,17,16,25,5,18,10,,,,,,,9,
berlin,2019-08-31,0,Forsa,Berliner Zeitung,T,1003,20.08.–29.08.,16,16,24,6,17,11,,,,,,,10,
berlin,2019-09-18,0,INSA,BILD,O,1018,10.09.–16.09.,17,15,24,6,18,14,,,,,,,6,
berlin,2019-10-02,0,Forsa,Berliner Zeitung,T,1002,17.09.–26.09.,17,16,24,6,16,11,,,,,,,10,
berlin,2019-11-06,0,Forsa,Berliner Zeitung,T,1002,22.10.–31.10.,18,15,25,5,16,11,,,,,,,10,
berlin,2019-11-20,0,Infratest dimap,"RBB, Berliner Morgenpost",T,1003,11.11.–16.11.,18,16,23,5,17,14,,,,,,,7,
berlin,2019-12-03,0,Forsa,Berliner Zeitung,T,1006,21.11.–28.11.,17,16,24,5,17,11,,,,,,,10,
berlin,2019-12-26,0,Forsa,Berliner Zeitung,T,1005,12.12.–19.12.,17,15,22,6,19,11,,,,,,,10,
berlin,2020-01-02,0,INSA,BILD,O,1006,10.12.–18.12.,18,15,23,7,19,13,,,,,,,5,
berlin,2020-02-11,0,Forsa,Berliner Zeitung,T,1011,29.01.–06.02.,16,15,25,6,17,11,,,,,,,10,
berlin,2020-04-29,0,Infratest dimap,"RBB, Berliner Morgenpost",T,1002,22.04.–25.04.,23,20,21,5,14,10,,,,,,,7,
berlin,2020-07-15,0,INSA,BILD,O,1012,07.07.–13.07.,21,16,19,5,18,12,,,,,,,9,
berlin,2020-09-23,0,Infratest dimap,"RBB, Berliner Morgenpost",T,1001,15.09.–19.09.,22,15,26,6,15,10,,,,,,,6,
berlin,2020-10-12,0,INSA,BILD,O,1007,28.09.–05.10.,21,18,20,6,16,12,,,,,,,7,
berlin,2020-12-18,0,INSA,BILD,O,1002,11.12.–18.12.,22,18,18,7,16,12,,,,,,,7,
berlin,2021-02-24,0,Infratest dimap,"RBB, Berliner Morgenpost",T,1007,16.02.–20.02.,22,18,23,6,15,9,,,,,,,7,
berlin,2021-04-23,0,INSA,BILD,O,1024,12.04.–20.04.,16,19,25,10,14,12,,,,,,,4,
berlin,2021-04-28,0,Infratest dimap,"RBB, Berliner Morgenpost",TOM,,20.04.–24.04.,18,17,27,7,14,9,,,,,,,8,
berlin,2021-05-18,0,INSA,BILD,O,1000,11.05.–17.05.,16,20,25,9,13,12,,3,,,,,2,
berlin,2021-06-16,0,Infratest dimap,"RBB, Berliner Morgenpost",TOM,1198,09.06.–14.06.,21,17,22,9,12,10,,,,,,,9,
berlin,2021-06-24,0,INSA,BILD,O,1000,16.06.–22.06.,18,18,22,10,13,12,,2,,,,,5,
berlin,2021-08-13,0,Forsa,Der Haupt- stadtbrief,T,2007,05.08.–10.08.,17,21,21,7,14,10,,,,,,,10,
berlin,2021-08-25,0,INSA,BILD,O,1000,16.08.–23.08.,16,22,18,9,15,12,,3,,,,,5,
berlin,2021-08-25,0,Infratest dimap,"RBB, Berliner Morgenpost",TOM,1160,18.08.–21.08.,19,23,17,8,12,11,,,,,,,10,
berlin,2021-09-17,0,Forschungsgruppe Wahlen,ZDF,T,1000,13.09.–16.09.,17,21,20,8,12,9,,,,,,,13,
berlin,2021-09-17,0,Infratest dimap,ARD,TOM,1510,13.09.–15.09.,16,24,18,7,13,10,,,,,,,9,TSP=3
berlin,2021-09-23,0,Forschungsgruppe Wahlen,ZDF,T,1103,20.09.–22.09.,17,22,19,7,13,9,,,,,,,13,
berlin,2021-09-24,0,INSA,Cicero,O,1000,22.09.–24.09.,15,23,17,8,14,11,,3,,,,,6,TSP=3
berlin,2021-09-26,1,,,,,,18,21.4,18.9,7.1,14.1,8,,,,,,,10.2,TSP=2.2
berlin,2021-12-14,0,INSA,BILD,O,1000,06.12.–13.12.,19,22,20,7,15,9,,,,,,,8,
berlin,2022-03-23,0,Infratest dimap,"RBB, Berliner Morgenpost",TOM,1170,16.03.–19.03.,20,20,21,8,12,8,,,,,,,11,
berlin,2022-06-19,0,INSA,BILD,O,1000,10.06.–15.06.,21,21,20,8,12,8,,,,,,,10,
berlin,2022-07-12,0,INSA,BILD,O,1000,04.07.–11.07.,20,20,21,7,12,8,,,,,,,12,
berlin,2022-09-21,0,Infratest dimap,"RBB, Berliner Morgenpost",TOM,1173,13.09.–17.09.,21,17,22,6,12,10,,,,,,,12,
berlin,2022-11-16,0,INSA,BILD,O,1000,07.11.–14.11.,21,20,20,7,12,10,,,,,,,10,
berlin,2022-11-23,0,Infratest dimap,"RBB, Berliner Morgenpost",TOM,1179,17.11.–21.11.,21,19,22,5,11,10,,,,,,,12,
berlin,2022-12-21,0,INSA,BILD,O,1000,12.12.–19.12.,21,21,20,6,12,10,,,,,,,10,
berlin,2023-01-18,0,Infratest dimap,"RBB, Berliner Morgenpost",TOM,1162,12.01.–16.01.,23,18,21,6,11,11,,,,,,,10,
berlin,2023-02-02,0,Infratest dimap,ARD,TOM,1540,30.01.–01.02.,25,19,18,6,12,10,,,,,,,10,
berlin,2023-02-03,0,Forschungsgruppe Wahlen,ZDF,T,1151,31.01.–02.02.,24,21,18,6,11,10,,,,,,,10,
berlin,2023-02-05,0,Forsa,Berliner Zeitung,O,1005,30.01.–03.02.,26,17,18,5,12,10,,,,,,,12,
berlin,2023-02-09,0,Forschungsgruppe Wahlen,ZDF,T,1059,08.02.–09.02.,25,21,17,6,11,10,,,,,,,10,
berlin,2023-02-09,0,INSA,BILD,O,1000,02.02.–09.02.,25,19,18,6,12,10,,,,,,,10,
berlin,2023-02-12,1,,,,,,28.2,18.4,18.4,4.6,12.2,9.1,,,,,,,9,
berlin,2023-04-05,0,INSA,BILD,O,1000,27.03.–03.04.,30,18,18,5,11,9,,,,,,,9,
berlin,2023-09-27,0,INSA,BILD,O,1000,18.09.–26.09.,26,17,18,5,10,14,,,,,,,10,
berlin,2023-10-18,0,Infratest dimap,"RBB, Berliner Morgenpost",TOM,1159,12.10.–16.10.,29,15,19,4,10,15,,,,,,,8,
berlin,2024-01-30,0,INSA,BILD,O,1000,22.01.–29.01.,29,16,17,4,10,13,,,,,,,11,
berlin,2024-04-24,0,Infratest dimap,RBB,TOM,1174,18.04.–22.04.,27,15,20,3,10,12,6,,,,,,7,
berlin,2024-07-13,0,INSA,BILD,O,1000,01.07.–09.07.,26,18,15,4,7,12,12,,,,,,6,
berlin,2024-11-20,0,Infratest dimap,RBB,TOM,1179,14.11.–18.11.,27,12,20,4,6,15,7,,,,,,9,
berlin,2025-05-21,0,INSA,BILD,O,1000,13.05.–20.05.,24,17,15,3,13,13,7,,,,,,8,
berlin,2025-06-18,0,Infratest dimap,RBB,TOM,1148,12.06.–16.06.,25,14,15,,19,13,4,,,,,,10,
berlin,2025-10-28,0,INSA,NIUS*,O,1000,21.10.–28.10.,23,16,14,4,17,15,5,,,,,,6,
berlin,2025-11-19,0,Infratest dimap,RBB,TOM,1185,13.11.–17.11.,22,13,16,,19,16,4,,,,,,10,
berlin,2026-01-14,0,INSA,NIUS*,O,1000,07.01.–14.01.,22,17,14,3,17,16,4,,,,,,7,
berlin,2026-01-16,0,Infratest dimap,RBB,TOM,1173,12.01.–14.01.,22,14,16,,18,17,3,,,,,,10,
berlin,2026-02-25,0,INSA,BILD,O,1000,17.02.–24.02.,22,16,15,4,15,17,4,,,,,,7,
berlin,2026-04-14,0,INSA,BILD,O,1000,07.04.–14.04.,21,17,15,3,15,17,4,,,,,,8,
berlin,2026-04-29,0,Infratest dimap,RBB,TOM,1155,23.04.–27.04.,19,14,18,3,18,18,3,,,,,,7,
berlin,2026-05-15,0,INSA,NIUS*,O,1000,04.05.–08.05.,20,16,15,4,15,18,4,,,,,,8,
berlin,2026-07-01,0,Infratest dimap,RBB,TOM,1165,25.06.–29.06.,17,13,19,3,20,18,3,,,,,,7,
berlin,2026-07-16,0,Infratest dimap,RBB,TOM,1147,13.07.–15.07.,20,12,17,3,22,16,3,,,,,,7,
berlin,2026-07-23,0,INSA,NIUS*,O,1000,14.07.–21.07.,18,13,16,4,18,19,4,,,,,,8,
berlin,2026-08-14,0,INSA,BILD,O,1000,07.08.–13.08.,20,15,16,3,19,17,3,,,,,,7,
berlin,2026-08-22,0,Forsa,t-online,O,1535,04.08.–18.08.,18,12,16,3,22,18,4,,,,,,7,
berlin,2026-09-02,0,Infratest dimap,RBB,TOM,1279,27.08.–31.08.,21,11,18,,19,18,4,,,,,,9,
berlin,2026-09-04,0,INSA,BILD,O,1000,26.08.–02.09.,20,15,15,3,19,18,3,,,,,,7,
berlin,2026-09-10,0,Infratest dimap,ARD,TOM,1527,07.09.–09.09.,20,12,16,,21,18,4,,,,,,9,
berlin,2026-09-11,0,Forschungsgruppe Wahlen,ZDF,TSM,1100,07.09.–10.09.,21,10,16,,23,17,3,,,,,,10,
berlin,2026-09-14,0,INSA,BILD,O,1000,07.09.–14.09.,20,12,16,3,20,18,5,,,,,,6,
berlin,2026-09-17,0,Forschungsgruppe Wahlen,ZDF,TSM,1611,14.09.–17.09.,20,12,15,,22,18,4,,,,,,9,
berlin,2026-09-18,0,INSA,Volt LV,O,1000,10.09.–16.09.,20,12,15,,21,18,5,,,,,,9,
berlin,2026-09-20,1,,,,,,18.8,12.1,14.3,2.5,25.7,16.3,4.7,,,,,,5.7,
brandenburg,1990-10-14,1,,,,,,29.4,38.2,,6.6,13.4,,,,,,,,3.1,
brandenburg,1994-09-11,1,,,,,,18.7,54.1,2.9,2.2,18.7,,,,,,,,3.3,
brandenburg,1998-04-07,0,Infratest dimap,,T,1000,21.03.–29.03.,15,58,4,2,17,,,,,,,,4,
brandenburg,1998-12-04,0,Infratest dimap,,T,1000,23.11.–28.11.,18,55,4,3,18,,,,,,,,4,
brandenburg,1999-03-26,0,Infratest dimap,,T,1000,15.03.–21.03.,23,51,3,2,18,,,,,,,,3,
brandenburg,1999-05-29,0,Infratest dimap,,T,1000,17.05.–22.05.,25,50,3,1,18,,,,,,,,3,
brandenburg,1999-06-26,0,dimap,,T,1021,18.06.–22.06.,27,40,3,2,21,,,,,,,,7,
brandenburg,1999-07-09,0,Infratest dimap,,T,1000,28.06.–04.07.,29,42,3,1,20,,,,,,,,5,
brandenburg,1999-08-12,0,Forsa,,T,1002,,23,44,2,2,23,,,,,,,,2,DVU=4
brandenburg,1999-08-18,0,dimap,,T,1014,02.08.–11.08.,27,42,3,3,20,,,,,,,,2,DVU=3
brandenburg,1999-08-27,0,Infratest dimap,,T,1000,18.08.–24.08.,23,44,2,1,23,,,,,,,,2,DVU=5
brandenburg,1999-09-05,1,,,,,,26.6,39.3,1.9,1.9,23.3,,,,,,,,1.7,DVU=5.3
brandenburg,2000-09-06,0,Infratest dimap,,T,1000,25.04.–29.04.,26,42,3,1,23,,,,,,,,2,DVU=3
brandenburg,2000-09-06,0,Infratest dimap,,T,1000,29.08.–02.09.,25,44,3,3,21,,,,,,,,4,
brandenburg,2002-03-28,0,Forsa,,T,10142032032002,,28,37,3,3,24,,,,,,,,5,
brandenburg,2002-05-05,0,Infratest dimap,,T,1000,24.04.–28.04.,30,35,2,5,24,,,,,,,,4,
brandenburg,2002-07-05,0,Infratest dimap,,T,1000,24.06.–25.06.,29,40,2,6,21,,,,,,,,2,
brandenburg,2002-09-05,0,Infratest dimap,,T,1000,28.08.–01.09.,23,46,3,6,20,,,,,,,,2,
brandenburg,2002-12-15,0,dimap,,T,,,36,34,4,2,20,,,,,,,,4,
brandenburg,2003-03-12,0,Infratest dimap,,T,1000,06.03.–09.03.,35,36,4,5,17,,,,,,,,3,
brandenburg,2003-06-20,0,Infratest dimap,,T,1000,09.06.–15.06.,34,34,6,5,17,,,,,,,,4,
brandenburg,2003-10-22,0,Infratest dimap,,T,1000,15.10.–20.10.,32,34,4,6,19,,,,,,,,5,
brandenburg,2004-03-25,0,Infratest dimap,,T,1001,15.03.–19.03.,34,30,5,5,20,,,,,,,,6,
brandenburg,2004-06-03,0,Forsa,,T,1000,,30,33,6,3,22,,,,,,,,6,
brandenburg,2004-07-29,0,Usuma,,T,1007,,36,31,5,4,22,,,,,,,,2,
brandenburg,2004-08-09,0,Forsa,,T,1001,29.07.–05.08.,27,32,3,3,30,,,,,,,,5,
brandenburg,2004-08-11,0,Infratest dimap,,T,1000,05.08.–09.08.,26,28,5,4,29,,,,,,,,4,DVU=4
brandenburg,2004-08-24,0,Forsa,,T,1009,16.08.–20.08.,22,27,4,3,36,,,,,,,,4,DVU=4
brandenburg,2004-09-01,0,Infratest,,T,1000,,22,28,5.5,4,34,,,,,,,,3,DVU=3.5
brandenburg,2004-09-04,0,Emnid,,T,751,30.08.–01.09.,25,29,5,4,31,,,,,,,,3,DVU=3
brandenburg,2004-09-07,0,Forsa,,T,1003,30.08.–04.09.,23,28,4,2,35,,,,,,,,4,DVU=4
brandenburg,2004-09-09,0,Infratest dimap,,T,1000,06.09.–08.09.,24,27,5,4,31,,,,,,,,4,DVU=5
brandenburg,2004-09-10,0,Forschungsgruppe Wahlen,,T,1034,06.09.–09.09.,23,29,6,5,27,,,,,,,,4,DVU=6
brandenburg,2004-09-19,1,,,,,,19.4,31.9,3.6,3.3,28,,,,,,,,7.7,DVU=6.1
brandenburg,2005-06-08,0,Infratest dimap,,T,1000,01.06.–06.06.,29,34,5,4,23,,,,,,,,5,
brandenburg,2005-08-22,0,Infratest dimap,,T,1000,11.08.–15.08.,22,36,4,4,31,,,,,,,,3,
brandenburg,2005-12-09,0,Infratest,,752 02.12.–06.12.,,,21,39,4,4,27,,,,,,,,5,
brandenburg,2006-04-07,0,Forsa,,T,100013,,18,37,4,4,25,,,,,,,,12,
brandenburg,2006-06-01,0,Infratest dimap,,T,1000,28.05.–30.05.,23,39,3,5,24,,,,,,,,3,DVU/NPD=3
brandenburg,2006-11-22,0,Infratest dimap,,T,1000,17.11.–20.11.,21,40,3,6,23,,,,,,2,,2,DVU=3
brandenburg,2007-03-14,0,Infratest dimap,,T,1000,08.03.–12.03.,21,39,4,5,25,,,,,,,,3,DVU/NPD=3
brandenburg,2007-03-28,0,Infratest,,T,1000,26.02.–04.03.,19,39,4,6,26,,,,,,,,6,
brandenburg,2007-10-31,0,Infratest dimap,,T,1000,25.10.–28.10.,23,40,4,4,24,,,,,,,,2,DVU/NPD=3
brandenburg,2008-01-14,0,Emnid,,T,1002,03.12.–15.12.,21,37,4,5,26,,,,,,4,,2,DVU=1
brandenburg,2008-02-23,0,Infratest,,T,1000,21.01.–07.02.,21,40,4,5,26,,,,,,,,,
brandenburg,2008-03-02,0,Emnid,,T,500,13.02.–27.02.,22,38,4,4,26,,,,,,,,,DVU=1
brandenburg,2008-04-08,0,Infratest dimap,,T,1000,02.04.–06.04.,21,35,5,5,30,,,,,,,,4,
brandenburg,2008-04-17,0,Forsa,,T,1084,01.04.–15.04.,21,30,5,5,30,,,,,,,,9,
brandenburg,2008-09-17,0,Infratest dimap,,T,1000,11.09.–14.09.,20,36,4,6,27,,,,,,,,3,Rechte=4
brandenburg,2009-02-12,0,Emnid,,T,1001,26.01.–06.02.,21,36,5,7,26,,,,,,2,,2,DVU=1
brandenburg,2009-03-05,0,Infratest,,T,1000,02.02.–22.02.,22,35,5,6,26,,,,,,,,6,
brandenburg,2009-04-03,0,GESS,,T,1003,24.03.–31.03.,21,34,5,7,25,,,,,,,,4,Rechte=4
brandenburg,2009-05-12,0,Infratest dimap,,T,1000,07.05.–10.05.,22,34,5,6,27,,,,,,,,2,Rechte=4
brandenburg,2009-09-09,0,Infratest dimap,,T,1001,04.09.–07.09.,22,31,4,8,28,,,,,,,,3,Rechte=4
brandenburg,2009-09-16,0,Infratest dimap,,T,1000,14.09.–15.09.,21,34,4,7,28,,,,,,,,5,DVU=1
brandenburg,2009-09-18,0,Forschungsgruppe Wahlen,,T,1000,14.09.–17.09.,22,32,5,7,27,,,,,,,,7,
brandenburg,2009-09-27,1,,,,,,19.8,33,5.7,7.2,27.2,,,1.7,,,2.5,,3,
brandenburg,2009-12-03,0,Infratest dimap,"RBB, Märkische Allgemeine",T,1000,01.12.–02.12.,25,31,7,7,23,,,,,,4,,3,
brandenburg,2010-02-10,0,Infratest dimap,"RBB, Märkische Allgemeine",T,1002,04.02.–08.02.,22,31,8,6,27,,,,,,,,6,
brandenburg,2010-04-01,0,Infratest Politikforschung,SPD- Landesverband,T,1000,15.03.–24.03.,21,34,8,5,28,,,,,,,,4,
brandenburg,2010-09-22,0,Infratest dimap,"RBB, Märkische Allgemeine",T,1000,16.09.–20.09.,21,31,12,4,26,,,,,,,,6,
brandenburg,2011-03-10,0,Infratest Politikforschung,SPD- Landesverband,T,1000,28.02.–06.03.,24,35,8,3,24,,,,,,,,6,
brandenburg,2011-08-24,0,Infratest dimap,"RBB, Märkische Allgemeine",T,1003,18.08.–22.08.,22,35,11,3,22,,,,2,,,,5,
brandenburg,2011-12-13,0,Infratest dimap,"RBB, Märkische Allgemeine",T,1004,06.12.–11.12.,25,35,8,3,20,,,,4,,,,5,
brandenburg,2012-02-08,0,Emnid,DIE LINKE- Landesverband,T,1002,16.01.–25.01.,24,34,8,2,21,,,,7,,2,,2,
brandenburg,2012-03-07,0,Infratest Politikforschung,SPD- Landesverband,T,1001,13.02.–26.02.,23,38,7,2,21,,,,5,,,,4,
brandenburg,2012-03-21,0,Infratest dimap,"RBB, Märkische Allgemeine",T,1000,16.03.–20.03.,21,37,7,3,22,,,,6,,,,4,
brandenburg,2012-08-27,0,GMS,CDU- Landesverband,T,1006,21.08.–23.08.,24.5,35.1,7.5,3,20,,,,4.8,,,,3,NPD/DVU/ REP=2.1
brandenburg,2012-09-20,0,Infratest dimap,"RBB, Märkische Allgemeine",T,1000,17.09.–19.09.,23,39,7,2,22,,,,4,,,,3,
brandenburg,2013-01-02,0,Forsa,Märkische Allgemeine,T,758,17.12.–19.12.,22,36,7,3,24,,,,2,,,,6,
brandenburg,2013-02-26,0,Emnid,DIE LINKE- Landesverband,T,1000,21.01.–01.02.,23,36,8,3,22,,,,4,,2,,2,
brandenburg,2013-05-29,0,Infratest dimap,"RBB, Märkische Oderzeitung",T,100124052705,,27,35,9,2,21,,,,,,,,6,
brandenburg,2013-08-26,0,GMS,CDU- Landesverband,T,1006,12.08.–16.08.,27,35,10,3,20,,,,,,,,5,
brandenburg,2013-08-28,0,Infratest dimap,"RBB, Märkische Oderzeitung",T,100223082608,,30,33,6,3,20,3,,,,,,,5,
brandenburg,2013-12-04,0,Infratest dimap,"RBB, Märkische Oderzeitung",T,100028110212,,30,32,6,2,22,3,,,,,,,5,
brandenburg,2014-01-05,0,Forsa,Märkische Allgemeine,T,1001,11.12.–19.12.,23,34,5,4,25,4,,,,,,,5,
brandenburg,2014-03-14,0,Emnid,DIE LINKE- Landesverband,T,1002,24.02.–05.03.,24,32,6,3,25,5,,,2,,2,,,
brandenburg,2014-06-04,0,Infratest dimap,"RBB, Märkische Oderzeitung",T,1001,30.05.–02.06.,28,30,6,2,23,6,,,,,,,5,
brandenburg,2014-08-08,0,INSA,BILD,?,500,23.07.–01.08.,25,34,5,3,22,5,,,,,,,6,
brandenburg,2014-08-23,0,Forsa,Märkische Allgemeine,T,1002,11.08.–18.08.,23,34,6,3,22,6,,,,,,,6,
brandenburg,2014-08-27,0,Infratest dimap,"RBB, Märkische Oderzeitung",T,1001,22.08.–26.08.,27,33,5,2,21,6,,,,,,,6,
brandenburg,2014-09-04,0,Forschungsgruppe Wahlen,ZDF,T,1012,01.09.–03.09.,25,33,6,,21,8,,,,,,,7,
brandenburg,2014-09-04,0,Infratest dimap,"RBB, Märkische Oderzeitung",T,1003,02.09.–04.09.,24,31,6,2,22,9,,,,,,,6,
brandenburg,2014-09-11,0,Forschungsgruppe Wahlen,ZDF,T,1062,10.09.–11.09.,24,32.5,5.5,,20,9.5,,,,,,,8.5,
brandenburg,2014-09-14,1,,,,,,23,31.9,6.2,1.5,18.6,12.2,,2.7,1.5,,2.2,,,
brandenburg,2015-01-04,0,Forsa,Märkische Allgemeine,T,10011212,,22,34,8,,19,8,,,,,,,9,
brandenburg,2015-02-11,0,Infratest dimap,"RBB, Märkische Oderzeitung",T,1000,05.02.–08.02.,25,34,5,,19,10,,,,,,,7,
brandenburg,2015-09-19,0,Forsa,Märkische Allgemeine,T,1002,31.08.–14.09.,24,35,7,,20,7,,,,,,,7,
brandenburg,2015-11-18,0,Infratest dimap,"RBB, Märkische Oderzeitung",T,1000,12.11.–16.11.,23,33,6,,19,13,,,,,,,6,
brandenburg,2016-01-04,0,Forsa,Märkische Allgemeine,T,1002,09.12.–17.12.,21,36,6,,18,11,,,,,,,8,
brandenburg,2016-03-19,0,Forsa,Märkische Allgemeine,T,1003,14.03.–17.03.,19,31,7,3,16,19,,,,,,,5,
brandenburg,2016-05-25,0,Infratest dimap,"RBB, Märkische Oderzeitung",T,1002,19.05.–23.05.,23,29,6,,17,20,,,,,,,5,
brandenburg,2016-09-30,0,Forsa,Märkische Allgemeine,T,1001,20.09.–26.09.,17,30,6,4,17,20,,,,,,,6,
brandenburg,2016-11-30,0,Infratest dimap,"RBB, Märkische Oderzeitung",T,1000,24.11.–28.11.,25,30,6,,17,16,,,,,,,6,
brandenburg,2017-01-18,0,Forsa,Märkische Allgemeine,T,1003,09.01.–13.01.,21,30,7,4,15,18,,,,,,,5,
brandenburg,2017-06-21,0,Infratest dimap,RBB,T,1000,15.06.–19.06.,25,28,6,3,18,15,,,,,,,5,
brandenburg,2017-11-10,0,Forsa,Märkische Allgemeine,T,1002,07.11.–09.11.,22,25,6,5,18,18,,,,,,,6,
brandenburg,2017-11-14,0,Infratest dimap,RBB,T,1005,07.11.–11.11.,22,23,6,7,17,20,,,,,,,5,
brandenburg,2018-04-18,0,Infratest dimap,"RBB, Antenne Brandenburg",T,1000,11.04.–16.04.,23,23,7,4,17,22,,,,,,,4,
brandenburg,2018-08-17,0,INSA,BILD,TOM,1048,10.08.–17.08.,18,23,8,5,18,21,,4,,,,,3,
brandenburg,2018-09-19,0,Infratest dimap,"RBB, Antenne Brandenburg",T,1000,12.09.–17.09.,21,23,7,5,17,23,,,,,,,4,
brandenburg,2019-01-01,0,Forsa,Märkische Allgemeine,T,1005,17.12.–20.12.,19,20,12,5,17,20,,,,,,,7,
brandenburg,2019-01-10,0,pmg – policy matters,SPD-LV,T,1006,19.11.–06.12.,21,23,10,3,18,21,,,,,,,4,
brandenburg,2019-02-07,0,INSA,BILD,TOM,1006,28.01.–04.02.,21,21,10,5,17,19,,4,,,,,3,
brandenburg,2019-04-09,0,Infratest dimap,"RBB, Antenne Brandenburg",T,1000,02.04.–06.04.,20,22,12,5,16,19,,,,,,,6,
brandenburg,2019-05-30,0,INSA,BILD,TOM,1011,13.05.–28.05.,20,19,12,5,18,20,,3,,,,,3,
brandenburg,2019-06-11,0,Infratest dimap,RBB,T,1000,03.06.–06.06.,17,18,17,5,14,21,,4,,,,,4,
brandenburg,2019-07-02,0,INSA,BILD,TOM,1001,24.06.–01.07.,18,19,16,6,16,19,,3,,,,,3,
brandenburg,2019-08-09,0,Forsa,Märkische Allgemeine,T,1009,25.07.–05.08.,18,17,16,5,14,21,,4,,,,,5,
brandenburg,2019-08-22,0,Infratest dimap,ARD,T,1002,19.08.–21.08.,18,22,12,5,15,22,,4,,,,,2,
brandenburg,2019-08-23,0,Forschungsgruppe Wahlen,ZDF,T,1112,19.08.–22.08.,18,21,14,5,14,20,,4,,,,,4,
brandenburg,2019-08-27,0,INSA,BILD,TOM,1019,19.08.–26.08.,17,21,14,5,15,21,,5,,,,,2,
brandenburg,2019-08-29,0,Forschungsgruppe Wahlen,ZDF,T,1653,26.08.–29.08.,16.5,22,14.5,5,14,21,,4,,,,,3,
brandenburg,2019-09-01,1,,,,,,15.6,26.2,10.8,4.1,10.7,23.5,,5,,,,,4.1,
brandenburg,2019-11-19,0,Infratest dimap,RBB,T,1000,11.11.–16.11.,14,25,12,5,12,22,,5,,,,,5,
brandenburg,2020-02-26,0,Forsa,Märkische Allgemeine,T,1001,20.02.–25.02.,14,22,15,3,15,18,,7,,,,,6,
brandenburg,2020-04-07,0,Infratest dimap,RBB,T,1000,31.03.–04.04.,19,27,12,4,11,20,,3,,,,,4,
brandenburg,2020-10-08,0,INSA,BILD,TOM,1043,29.09.–06.10.,17,21,16,4,13,20,,5,,,,,4,
brandenburg,2020-11-19,0,Infratest dimap,RBB,T,1002,12.11.–17.11.,20,26,12,5,11,19,,3,,,,,4,
brandenburg,2020-12-20,0,Forsa,Märkische Allgemeine,T,1001,10.12.–15.12.,20,23,15,4,12,16,,6,,,,,4,
brandenburg,2021-05-18,0,Infratest dimap,RBB,TOM,1183,12.05.–15.05.,16,23,16,7,11,18,,4,,,,,5,
brandenburg,2021-09-01,0,Infratest dimap,RBB,TOM,1157,25.08.–30.08.,13,34,8,7,9,17,,7,,,,,5,
brandenburg,2021-12-20,0,-->Forsa-->,Märkische Allgemeine,T,1008,09.12.–17.12.,14,28,11,6,11,17,,8,,,,,5,
brandenburg,2021-12-20,0,Forsa,Märkische Allgemeine,T,1008,09.12.–17.12.,14,28,11,6,11,17,,8,,,,,5,
brandenburg,2022-04-27,0,Infratest dimap,RBB,TOM,1182,21.04.–24.04.,18,30,10,6,7,19,,4,,,,,3,TSP=3
brandenburg,2022-09-28,0,Infratest dimap,RBB,TOM,1165,22.09.–26.09.,18,24,11,4,9,24,,4,,,,,6,
brandenburg,2022-10-11,0,INSA,BILD,O,1000,04.10.–10.10.,17,22,11,4,10,25,,5,,,,,6,
brandenburg,2022-12-28,0,pmg – policy matters,SPD-LV,TOM,1011,28.11.–15.12.,17,27,7,6,9,23,,5,,,,,6,
brandenburg,2023-04-05,0,INSA,Nordkurier,O,1000,27.03.–04.04.,19,21,10,4,10,25,,5,,,,,6,
brandenburg,2023-04-26,0,Infratest dimap,RBB,TOM,1200,19.04.–24.04.,23,22,9,5,7,23,,5,,,,,6,
brandenburg,2023-06-09,0,IFM,DIE LINKE LV,TOM,1000,22.05.–01.06.,17,24,10,4,12,24,,8,,,,,2,
brandenburg,2023-07-04,0,INSA,BILD,O,1000,26.06.–03.07.,18,21,9,3,10,28,,5,,,,,6,
brandenburg,2023-09-13,0,Infratest dimap,RBB,TOM,1160,08.09.–11.09.,18,20,8,4,8,32,,6,,,,,4,
brandenburg,2023-11-29,0,INSA,BILD,O,1000,13.11.–22.11.,18,20,8,3,6,27,11,3,,,,,4,
brandenburg,2024-01-11,0,Forsa,"RTL, n-tv",O,1007,06.01.–10.01.,16,22,7,3,6,32,4,5,,,,,5,
brandenburg,2024-01-17,0,INSA,"MAZ, MOZ, LR",O,1000,08.01.–15.01.,18,17,8,3,6,28,13,4,,,,,2,Plus BB=1
brandenburg,2024-04-03,0,INSA,CDU LV,O,1000,14.03.–22.03.,19,19,8,3,7,25,12,4,,,,,3,
brandenburg,2024-04-10,0,Infratest dimap,RBB,TOM,1161,04.04.–08.04.,18,22,8,,6,26,10,3,,,,,7,
brandenburg,2024-05-24,0,INSA,"MAZ, MOZ, LR",O,1000,13.05.–21.05.,19,19,7,3,6,25,13,5,,,,,3,
brandenburg,2024-07-11,0,Infratest dimap,RBB,TOM,1153,04.07.–09.07.,19,19,7,3,4,23,16,3,,,,,6,
brandenburg,2024-07-16,0,INSA,BILD,O,1000,08.07.–15.07.,18,19,7,3,5,24,17,4,,,,,3,
brandenburg,2024-08-06,0,INSA,Nordkurier,O,1000,29.07.–05.08.,19,20,5,2,5,24,17,4,,,,,4,
brandenburg,2024-09-05,0,Infratest dimap,RBB,TOM,1207,03.09.–04.09.,18,23,5,,4,27,15,3,,,,,5,
brandenburg,2024-09-12,0,Infratest dimap,ARD,TOM,1513,09.09.–11.09.,16,26,4.5,,4,27,13,4.5,,,,,5,
brandenburg,2024-09-13,0,Forschungsgruppe Wahlen,ZDF,TSM,1060,10.09.–12.09.,15,26,5,,3,29,14,3,,,,,5,
brandenburg,2024-09-17,0,INSA,"MAZ, MOZ, LR",O,1000,09.09.–16.09.,16,25,4,2,3,28,14,4,,,,,4,
brandenburg,2024-09-19,0,Forschungsgruppe Wahlen,ZDF,TSM,1118,18.09.–19.09.,14,27,4.5,,4,28,13,3.5,,,,,6,
brandenburg,2024-09-22,1,,,,,,12.1,30.9,4.1,0.8,3,29.2,13.5,2.6,,,,,3.8,
brandenburg,2024-12-10,0,Infratest dimap,"RBB, Antenne Brandenburg",TOM,1183,04.12.–07.12.,15,28,5,,4,30,12,,,,,,6,
brandenburg,2025-01-28,0,INSA,"MAZ, MOZ, LR",O,1000,20.01.–27.01.,17,25,3,2,5,29,13,2,,,,,4,
brandenburg,2025-06-25,0,Infratest dimap,RBB,TOM,1185,19.06.–23.06.,14,23,5,,9,32,9,,,,,,8,
brandenburg,2025-09-18,0,INSA,"MAZ, MOZ, LR",O,1000,09.09.–16.09.,13,24,4,2,9,34,9,2,,,,,3,
brandenburg,2025-12-10,0,Infratest dimap,RBB,TOM,1184,03.12.–08.12.,14,22,5,,9,35,7,,,,,,8,
brandenburg,2026-01-15,0,INSA,Nordkurier,O,1000,09.01.–14.01.,13,25,5,,8,34,8,,,,,,7,
brandenburg,2026-03-20,0,INSA,"MAZ, MOZ, LR",O,1000,11.03.–18.03.,14,24,5,,7,34,8,,,,,,8,
brandenburg,2026-06-24,0,Infratest dimap,RBB,TOM,1159,18.06.–22.06.,12,22,6,,12,37,4,,,,,,7,
bremen,1999-05-28,0,Uni Bremen,ZDF,T,1100,03.05.–20.05.,32.5,46.5,9.5,3,,,,,,,,,5.5,DVU=3
bremen,1999-06-06,1,,,,,,37.1,42.6,8.9,2.5,,,,,,,,,3,DVU=3
bremen,2003-04-16,0,Infratest,SPD,T,,,35,42,13,4,,,,,,,,,6,
bremen,2003-05-03,0,Infratest dimap,FOCUS Quelle,T,1000,25.04.–28.04.,34,42.5,13,4.5,2,,,,,,,,4,
bremen,2003-05-06,0,Forsa,"Stern, RTL",T,1194,24.04.–30.04.,38,37,14,4,,,,,,,,,7,
bremen,2003-05-09,0,Forschungsgruppe Wahlen,ZDF,T,1003,05.05.–08.05.,36,38,14,5,,,,,,,,,7,
bremen,2003-05-16,0,Infratest dimap,ARD,T,1000,13.05.–15.05.,36,38,12,5,2,,,,,,,,3,DVU=2;Schill=2
bremen,2005-04-01,0,Emnid,GRÜNE,T,1400,14.02.–22.02.,28,38,16,6,4,,,,,,,,5,DVU=3
bremen,2007-04-26,0,Infratest dimap,ARD,T,1000,23.04.–25.04.,26,42,14.5,5,,,,,,,,,5,DVU=2
bremen,2007-05-04,0,Forschungsgruppe Wahlen,ZDF,T,1036,30.04.–03.05.,28,40,14,6,,,,,,,,,3.5,DVU=4
bremen,2007-05-13,1,,,,,,25.6,36.7,16.5,6,8.4,,,,,,,,3.1,DVU=2.7;BIW=0.8
bremen,2010-03-30,0,Emnid,GRÜNE-Bürg.- Fraktion,T,1000,12.02.–17.02.,25,35,17,5,11,,,,2,,,,2,Rechte=3
bremen,2010-12-22,0,Konkret Marktforschung,BILD,O,500,17.12.–19.12.,22.8,33.4,19.4,3.3,8.5,,,,,,,,7.1,BIW=5.5
bremen,2011-02-19,0,Forsa,Weser-Kurier,T,13080102,,23,38,22,4,7,,,,,,,,6,
bremen,2011-04-30,0,Emnid,FOCUS,T,1004,20.04.–28.04.,22,37,24,4,7,,,,,,,,6,
bremen,2011-05-12,0,Infratest dimap,ARD,T,1001,10.05.–12.05.,20,36,24,3,7,,,,,,,,7,BIW=3
bremen,2011-05-13,0,Forschungsgruppe Wahlen,ZDF,T,1037,10.05.–12.05.,19,37,24,4,6,,,,,,3,,7,
bremen,2011-05-22,1,,,,,,20.4,38.6,22.5,2.4,5.6,,,,,,,3.7,6.9,
bremen,2014-02-14,0,Emnid,GRÜNE,T,1401,15.01.–25.01.,21,37,17,3,9,5,,,3,,,,2,Rechte=3
bremen,2014-06-26,0,FGW Telefonfeld*,CDU-LV,T,1002,31.03.–09.04.,28,40,16,,8,3,,,,,,,5,
bremen,2015-04-18,0,Infratest dimap,Weser-Kurier,T,1001,10.04.–14.04.,23,38,16,5,6,5,,,,,,3,4,
bremen,2015-04-23,0,INSA,BILD,T,500,16.04.–20.04,25,37,12,6,9,5,,,,,,3,3,
bremen,2015-04-30,0,Forschungsgruppe Wahlen,ZDF,T,1013,27.04.–29.04,23,37,15,5,9,5,,,,,,3,3,
bremen,2015-04-30,0,Infratest dimap,ARD,T,1001,28.04.–29.04.,22,37,16,6,8,5,,,,,,3,3,
bremen,2015-05-07,0,Forschungsgruppe Wahlen,ZDF,T,1000,06.05.–07.05,23,36,15,6.5,8.5,5,,,,,,3,3,
bremen,2015-05-10,1,,,,,,22.4,32.8,15.1,6.6,9.5,5.5,,,,,,3.2,4.8,
bremen,2016-05-10,0,Infratest dimap,Weser-Kurier,T,1000,26.04.–02.05.,22,29,16,7,10,11,,,,,,,5,
bremen,2017-01-19,0,Infratest dimap,Radio Bremen,T,1003,09.01.–14.01.,24,29,13,8,11,11,,,,,,,4,
bremen,2018-05-01,0,Infratest dimap,Weser-Kurier,T,1002,13.04.–18.04.,24,26,14,7,15,9,,,,,,,5,
bremen,2018-05-28,0,INSA,BILD,T,1003,14.05.–18.05.,24,22,14,9,17,10,,,,,,,4,
bremen,2018-08-03,0,pollytix,SPD-Landes- organisation,T,1000,22.06.–02.07.,24,28,14,10,14,8,,,,,,,2,
bremen,2018-09-10,0,FGW Telefonfeld*,CDU-LV,T,1015,20.08.–23.08.,26,26,20,7,12,6,,,,,,,3,
bremen,2019-02-07,0,Infratest dimap,Weser-Kurier,T,1000,24.01.–30.01.,25,24,18,6,13,8,,,,,,,6,
bremen,2019-04-02,0,INSA,BILD,T,1000,22.03.–01.04.,25,25,19,7,11,7,,,,,,2,4,
bremen,2019-05-07,0,Infratest dimap,Radio Bremen,T,1000,25.04.–02.05.,26,25,18,6,12,8,,,,,,,5,
bremen,2019-05-16,0,Forschungsgruppe Wahlen,ZDF,T,1021,13.05.–15.05.,26,24.5,18,5.5,12,8,,,,,,3,3,
bremen,2019-05-16,0,Infratest dimap,ARD,T,1007,13.05.–15.05.,27,24,18,5,12,6,,,,,,3,5,
bremen,2019-05-21,0,INSA,BILD,T,1000,15.05.–20.05.,28,23,18,6,11,6,,,,,,2,6,
bremen,2019-05-23,0,Forschungsgruppe Wahlen,ZDF,T,1664,20.05.–23.05.,26,24.5,18,5,12,7,,,,,,3,4.5,
bremen,2019-05-26,1,,,,,,26.7,24.9,17.4,5.9,11.3,6.1,,,,,,2.4,5.2,
bremen,2022-05-18,0,Infratest dimap,Weser-Kurier,TOM,1145,11.05.–16.05.,22,30,21,6,8,6,,,,,,,7,
bremen,2023-03-01,0,Infratest dimap,Weser-Kurier,TOM,1179,22.02.–27.02.,27,28,19,4,8,7,,,,,,,7,
bremen,2023-04-20,0,Infratest dimap,Radio Bremen Nordsee-Zeitung,TOM,1155,13.04.–17.04.,28,31,17,6,7,,,,,,,6,5,
bremen,2023-04-29,0,INSA,BIW,TOM,500,21.04.–28.04.,30,30,15,7,6,,,,,,,7,5,
bremen,2023-05-04,0,Infratest dimap,ARD,TOM,1450,01.05.–03.05.,27,30,13,6,10,,,,,,,9,5,
bremen,2023-05-05,0,Forschungsgruppe Wahlen,ZDF,T,1024,27.04.–04.05.,27,30,13,6,9,,,,,,,9,6,
bremen,2023-05-09,0,INSA,BILD,TOM,1000,02.05.–08.05.,28,30,12,6,9,,,,,,,8,7,
bremen,2023-05-11,0,Forschungsgruppe Wahlen,ZDF,T,1088,10.05.–11.05.,26,29,13,6,11,,,,,,,10,5,
bremen,2023-05-14,1,,,,,,26.2,29.8,11.9,5.1,10.9,,,,,,,9.4,6.7,
bremen,2025-04-28,0,Infratest dimap,Radio Bremen,TOM,1128,22.04.–24.04.,22,25,14,,13,15,,,,,,3,8,
bremen,2026-03-19,0,Infratest dimap,Weser-Kurier,TOM,1147,12.03.–17.03.,24,22,15,,13,15,3,,,,,,8,
bremen,2026-08-19,0,INSA,INSA (INSA-Abo),O,1000,28.07.–04.08.,21,20,15,4,14,17,3,,,,,3,3,
hamburg,1997-02-22,0,Psephos,,T,1001002,,30,37,18,5,,,,,,,,,4,DVU+REP=5;STATT=1
hamburg,1997-09-21,1,,,,,,30.7,36.2,13.9,3.5,,,,,,,,,5,DVU=4.976;STATT=3.8;REP=1.8
hamburg,1999-09-11,0,Infratest dimap,,T,1000,07.09.–09.09.,42,37,9,3,,,,,,,,,4,Rechte=5
hamburg,1999-11-11,0,Psephos,,T,1001,04.11.–09.11.,44,35,11,4,,,,,,,,,5,STATT=1
hamburg,2000-05-27,0,Psephos,,T,1004,24.05.–25.05.,33,38,11,6,,,,,,,,,4,STATT=2;Rechte=3;Offensive (Ex-Schill)=3
hamburg,2000-12-01,0,Infratest dimap,,T,1000,27.11.–29.11.,30,37,12,5,,,,,,,,,7,Rechte=3;Offensive (Ex-Schill)=6
hamburg,2001-02-06,0,Psephos,,T,1007,01.02.–02.02.,32,36,13,3,,,,,,,,,4,Rechte=2;STATT=1;Offensive (Ex-Schill)=9
hamburg,2001-03-30,0,Forsa,,T,1002203203,,31,36,13,4,1,,,,,,,,4,Regenbogen=2;STATT=1;Offensive (Ex-Schill)=8
hamburg,2001-05-11,0,Forsa,,T,1008,02.05.–07.05.,33,34,12,5,,,,,,,,,6,Regenbogen=1;STATT=1;Offensive (Ex-Schill)=8
hamburg,2001-06-14,0,Infratest dimap,,T,1002,05.06.–10.06.,31,35,11,6,,,,,,,,,5,Offensive (Ex-Schill)=9
hamburg,2001-07-05,0,Forsa,,T,1050,26.06.–02.07.,31,37,9,5,3,,,,,,,,6,Offensive (Ex-Schill)=9
hamburg,2001-07-12,0,Infratest dimap,,T,,,29,35,11,8,,,,,,,,,2,Regenbogen=1;Rechte=3;Offensive (Ex-Schill)=10
hamburg,2001-08-16,0,Infratest dimap,,T,1000,06.08.–11.08.,30,35,10,7,,,,,,,,,3,Regenbogen=1;Rechte=2;Offensive (Ex-Schill)=12
hamburg,2001-08-29,0,Forsa,,T,1007,22.08.–27.08.,28,34,10,5,,,,,,,,,2,Regenbogen=3;DVU=3;Offensive (Ex-Schill)=15
hamburg,2001-09-06,0,Infratest dimap,,T,1000,27.08.–02.09.,28,35,10,7,,,,,,,,,2,Regenbogen=2;Rechte=2;Offensive (Ex-Schill)=14
hamburg,2001-09-08,0,Forschungsgruppe Wahlen,,T,,,27,36,12,7,,,,,,,,,2,Regenbogen=2;Offensive (Ex-Schill)=14
hamburg,2001-09-12,0,Emnid,,T,,,30,34,10,6,,,,,,,,,6,Offensive (Ex-Schill)=14
hamburg,2001-09-13,0,Infratest dimap,,T,,03.09.–08.09.,28,35,9,5,,,,,,,,,1,Regenbogen=2;REP=2;DVU=2;Offensive (Ex-Schill)=16
hamburg,2001-09-20,0,Forsa,,T,1041,13.09.–17.09.,28,36,11,5,,,,,,,,,2,Regenbogen=3;DVU=1;Offensive (Ex-Schill)=14
hamburg,2001-09-23,1,,,,,,26.2,36.5,8.6,5.1,,,,,,,,,1.8,Regenbogen=1.7;DVU=0.7;Offensive (Ex-Schill)=19.4
hamburg,2002-01-25,0,Forsa,,T,1001,22.01.–23.01.,31,35,10,4,,,,,,,,,5,Offensive (Ex-Schill)=15
hamburg,2002-02-02,0,Psephos,,T,100300,,32,36,9,5,,,,,,,,,4,Offensive (Ex-Schill)=14
hamburg,2002-02-07,0,Emnid,,T,,,32,37,9,6,,,,,,,,,4,Offensive (Ex-Schill)=12
hamburg,2002-09-09,0,Emnid,,T,1008,02.09.–04.09.,32,40,11,4,,,,,,,,,3,Offensive (Ex-Schill)=10
hamburg,2002-10-25,0,Psephos,,T,1003,,34,36,13,5,,,,,,,,,4,Offensive (Ex-Schill)=8
hamburg,2003-02-09,0,Emnid,,T,1000,04.02.–05.02.,42,26,13,5,,,,,,,,,2,Offensive (Ex-Schill)=12
hamburg,2003-08-21,0,Emnid,,T,10022008,,38,35,13,5,,,,,,,,,3,Offensive (Ex-Schill)=6
hamburg,2003-08-23,0,NFO Infratest,,T,1000,20.08.–21.08,40,37,11,4,,,,,,,,,3,Offensive (Ex-Schill)=5
hamburg,2003-08-23,0,Psephos,,T,731,,40,36,10,5,,,,,,,,,3,Offensive (Ex-Schill)=6
hamburg,2003-09-11,0,Infratest dimap,,T,1000,05.09.–09.09,39,36,13,4,,,,,,,,,3,Offensive (Ex-Schill)=5
hamburg,2003-10-10,0,Psephos,,T,,,39,37,10,4,,,,,,,,,4,Offensive (Ex-Schill)=6
hamburg,2003-12-05,0,Emnid,,T,1000,02.12.–03.12.,41,35,13,3,,,,,,,,,3,Offensive (Ex-Schill)=5
hamburg,2003-12-09,0,Infratest dimap,,T,1000,08.12.–09.12.,40,35,13,4,,,,,,,,,3,Offensive (Ex-Schill)=5
hamburg,2003-12-11,0,Psephos,,808 09.12.–10.12.,,,41,36,11,3,,,,,,,,,4,Offensive (Ex-Schill)=5
hamburg,2003-12-12,0,Emnid,,T,10001012,,43,37,12,4,,,,,,,,,2,Offensive (Ex-Schill)=2
hamburg,2003-12-15,0,Infratest,,T,1000,10.12.–11.12.,43,33,12,4,,,,,,,,,4,Offensive (Ex-Schill)=4
hamburg,2003-12-17,0,Forsa,,T,,,46,31,13,4,,,,,,,,,3,Offensive (Ex-Schill)=3
hamburg,2004-01-09,0,Psephos,,T,1002,,47,30,11,2,,,,,,,,,4,Offensive (Ex-Schill)=2;Pro DM Schill=4
hamburg,2004-01-14,0,Infratest dimap,,T,1000,08.01.–12.01.,45,30,13,4,,,,,,,,,3,Offensive (Ex-Schill)=1;Pro DM Schill=4
hamburg,2004-02-02,0,Emnid,,T,10002901,,46,31,12,4,,,,,,,,,3,Offensive (Ex-Schill)=2;Pro DM Schill=2
hamburg,2004-02-03,0,Forsa,,1001 20.01.–24.01.,,,48,28,13,4,,,,,,,,,3,Offensive (Ex-Schill)=1;Pro DM Schill=3
hamburg,2004-02-04,0,Infratest dimap,,T,1000,28.01.–01.02.,45,30,15,3,,,,,,,,,3,Offensive (Ex-Schill)=1;Pro DM Schill=3
hamburg,2004-02-10,0,Forsa,,804 06.02.–09.02.,,,46,29,14,4,,,,,,,,,3,Offensive (Ex-Schill)=1;Pro DM Schill=3
hamburg,2004-02-17,0,Forsa,,T,1002,10.02.–14.02.,45,30,14,4,,,,,,,,,3,Offensive (Ex-Schill)=1;Pro DM Schill=3
hamburg,2004-02-18,0,Infratest dimap,,T,1000,12.02.–16.02.,45,29,14,4,,,,,,,,,3,Offensive (Ex-Schill)=1;Pro DM Schill=4
hamburg,2004-02-20,0,Forschungsgruppe Wahlen,,T,1008,16.02.–19.02.,47,29,13,4,,,,,,,,,4,Pro DM Schill=3
hamburg,2004-02-24,0,Psephos,,T,1003,19.02.–22.02.,46,30,12,3.5,,,,,,,,,4,Offensive (Ex-Schill)=1;Pro DM Schill=3.5
hamburg,2004-02-25,0,Emnid,,T,10002402,,46,30,13,3,,,,,,,,,4,Offensive (Ex-Schill)=1;Pro DM Schill=3
hamburg,2004-02-25,0,Forsa,,T,1005,18.02.–23.02.,45,29,14,4,,,,,,,,,1.5,Regenbogen=2.5;Offensive (Ex-Schill)=1;Pro DM Schill=3
hamburg,2004-02-27,0,Forsa,,T,1009,20.02.–26.02.,44,30,14,4,,,,,,,,,3,Offensive (Ex-Schill)=1;Pro DM Schill=4
hamburg,2004-02-29,1,,,,,,47.2,30.5,12.3,2.8,,,,,,,,,2.5,Regenbogen=1.1;Offensive (Ex-Schill)=0.4;Pro DM Schill=3.1
hamburg,2004-06-25,0,Psephos,,T,1007,18.06.–22.06.,50,25,16,4,,,,,,,,,4.5,Pro DM Schill=0.5
hamburg,2004-06-25,0,Psephos,Hamburger Abendblatt,T,1007,18.06.–22.06.,50,25,16,4,,,,,,,,,5,
hamburg,2004-08-12,0,Emnid,BILD,T;,,,48,25,17,3,,,,,,,,,7,
hamburg,2004-10-26,0,Psephos,Hamburger Abendblatt,T,1001,21.10.–23.10.,48,28,14,4,,,,,,,,,6,
hamburg,2005-02-25,0,Psephos,Hamburger Abendblatt,T,1005,21.02.–24.02.,48,29,14,3,,,,,,,,,6,
hamburg,2005-04-27,0,Psephos,Hamburger Abendblatt,T,1002,21.04.–24.04.,46,29,14,4,,,,,,,,,7,
hamburg,2005-08-06,0,Emnid,"Die Welt, BILD, Radio Hamburg",T,1000,02.08.–03.08.,48,28,14,2,5,,,,,,,,2,Schill-Partei=1
hamburg,2005-09-10,0,Psephos,Hamburger Abendblatt,T,1011,03.09.–06.09.,49,30,12,3,3,,,,,,,,1.5,Rechte=1.5
hamburg,2006-01-09,0,Psephos,Hamburger Abendblatt,T,721,,46,31,13,3,4,,,,,,,,3,
hamburg,2006-02-13,0,Emnid,Die Welt,T,1000,06.02.–08.02.,46,33,13,3,3,,,,,,,,2,
hamburg,2006-02-17,0,Psephos,Hamburger Abendblatt,T,1005,,47,32,12,3,3,,,,,,,,3,
hamburg,2006-05-05,0,Psephos,Hamburger Abendblatt,T,1004,,45,33,12,2,2.5,,,,,,,,5.5,
hamburg,2006-08-10,0,Forsa,n-tv,T,1001,01.08.–08.08.,44,27,14,5,5,,,,,,,,5,
hamburg,2006-10-26,0,Infratest dimap,Hamburger Morgenpost,T,1000,19.10.–22.10.,35,36,14,6,4,,,,,,,,5,
hamburg,2007-01-05,0,Psephos,"NDR, Hamburger Abendblatt",T,1002,,44,33,13,3,4,,,,,,,,3,
hamburg,2007-02-12,0,Emnid,Die Welt Bild,T,1000,05.02.–07.02.,43,32,13,3,4,,,,,,,,2,Heimat HH=3
hamburg,2007-02-28,0,Psephos,"Hamburg 1, Hamburger Abendblatt",958 26.02.–27.02.,,,45,31,14,3,3,,,,,,,,4,
hamburg,2007-03-19,0,Emnid,Bild,T,1000,12.03.–14.03.,44,32,12,5,4,,,,,,,,1,Heimat HH=2
hamburg,2007-05-23,0,Forsa,Stern,T,1001,14.05.–18.05.,41,29,16,4,6,,,,,,,,4,
hamburg,2007-07-06,0,Psephos,"NDR, Hamburger Abendblatt",T,1005,28.06.–03.07.,45,30,14,3,5,,,,,,,,3,
hamburg,2007-08-28,0,TNS Infratest,Cicero,T,1001,13.08.–15.08.,42,33,13,3,6,,,,,,,,3,
hamburg,2007-09-06,0,Infratest dimap,ARD,T,1000,03.09.–05.09.,42,32,13,4,7,,,,,,,,2,
hamburg,2007-12-08,0,Emnid,Emnid,T,603,22.11.–05.12.,41,31,12,5,8,,,,,,,,3,
hamburg,2007-12-08,0,Psephos,Hamburger Abendblatt,T,1007,03.12.–07.12.,44,33,12,3,5,,,,,,,,3,
hamburg,2007-12-11,0,TNS Infratest,SPD-Landes- organisation,T,1216,04.12.–07.12.,40,33,13,3,7,,,,,,,,,
hamburg,2007-12-14,0,Infratest dimap,NDR,T,1000,07.12.–12.12.,41,34,12,3,7,,,,,,,,3,
hamburg,2007-12-29,0,AMR Düsseldorf,Der Spiegel,T,1000,,42,33,12,4,7,,,,,,,,2,
hamburg,2008-01-05,0,Emnid,Bild am Sonntag,T,600,10.12.–02.01.,42,31,13,5,7,,,,,,,,2,
hamburg,2008-01-07,0,Infratest dimap,NDR,T,1000,02.01.–04.01.,40,35,11,4,6,,,,,,,,4,
hamburg,2008-01-23,0,election.de,Hamburger Morgenpost,T,750,16.01.–22.01.,37,38,13,5,6,,,,,,,,1,
hamburg,2008-01-24,0,Psephos,Hamburger Abendblatt,T,1003,18.01.–23.01.,42,36,10,3.5,5,,,,,,,,3.5,
hamburg,2008-02-01,0,Infratest dimap,NDR,T,1000,29.01.–30.01.,41,33,10,5,7,,,,,,,,4,
hamburg,2008-02-14,0,Infratest dimap,NDR,T,1000,12.02.–13.02.,39,35,10,5,8,,,,,,,,3,
hamburg,2008-02-15,0,Forschungsgruppe Wahlen,ZDF,T,1018,12.02.–14.02.,41,34,10,5,7,,,,,,,,3,
hamburg,2008-02-16,0,Emnid,Quelle: FOCUS,T,1000,05.02.–12.02.,42,32,11,5,7,,,,,,,,,
hamburg,2008-02-17,0,Infratest dimap,NDR,T,1000,14.02.–15.02.,39,35,9,5,9,,,,,,,,3,
hamburg,2008-02-18,0,Psephos,Hamburger Abendblatt,T,1006,12.02.–16.02.,42,34,9,5,7,,,,,,,,3,
hamburg,2008-02-20,0,election.de,RTL,T,1010,14.02.–19.02.,41,35,10,4,6,,,,,,,,4,
hamburg,2008-02-21,0,GMS,Sat.1,T,1002,18.02.–20.02.,40,35,9,4,8,,,,,,,,4,
hamburg,2008-02-24,1,,,,,,42.6,34.1,9.6,4.8,6.4,,,,,,,,2.5,
hamburg,2008-05-06,0,Psephos,"NDR, Hamburger Abendblatt",T,1004,29.04.–05.05.,43,34,10,4.5,7,,,,,,,,1.5,
hamburg,2008-11-28,0,Psephos,Hamburger Abendblatt,T,1003,22.11.–27.11.,44,31,11,5,6,,,,,,,,3,
hamburg,2009-02-26,0,Infratest dimap,NDR,T,1000,19.02.–22.02.,36,33,12,9,8,,,,,,,,2,
hamburg,2009-12-02,0,Psephos,"Hamburg 1, BILD",T,1004,26.11.–30.11.,36,33,13,8,8,,,,,,,,2,
hamburg,2009-12-20,0,Psephos,Hamburger Abendblatt,T,1001,,38,34,11,6,8,,,,,,,,3,
hamburg,2010-02-22,0,Infratest dimap,NDR,T,1000,17.02.–21.02.,31,31,16,7,10,,,,,,,,5,
hamburg,2010-04-26,0,Psephos,Hamburger Abendblatt,T,1004,19.04.–23.04.,34,37,10,8,8,,,,,,,,,
hamburg,2010-07-08,0,Psephos,"Sat.1, BILD, DIE WELT",T,1007,29.06.–02.07.,36,39,11,5,6,,,,,,,,3,
hamburg,2010-07-21,0,Psephos,Hamburger Abendblatt,T,1005,19.07.–20.07.,35,41,10,4,6,,,,,,,,4,
hamburg,2010-10-20,0,Trend Research Hamburg,"Radio Hamburg, Oldie 95",O,612,15.10.–19.10.,25,35,17,4,11,,,,,,,,8,
hamburg,2010-11-12,0,Psephos,"Sat.1, BILD, DIE WELT",T,1004,06.11.–10.11.,35,40,12,4,6,,,,,,,,3,
hamburg,2010-12-01,0,Forschungsgruppe Wahlen,ZDF,T,1006,29.11.–30.11.,22,41,21,4,7,,,,,,,,5,
hamburg,2010-12-01,0,Psephos,Hamburger Abendblatt,T,1002,29.11.–01.12.,28,45,14,3,6,,,,,,,,4,
hamburg,2010-12-02,0,Trend Research Hamburg,"Radio Hamburg, Oldie 95",O,653,29.11.–02.12.,24,44,17,4,7,,,,,,,,5,
hamburg,2010-12-08,0,Trend Research Hamburg,"Radio Hamburg, Oldie 95",O,678,02.12.–07.12.,22,45,17,3,7,,,,,,,,3,Scheuerl-Partei=3
hamburg,2010-12-13,0,Infratest dimap,NDR,T,1000,10.12.–12.12.,22,43,19,4,7,,,,,,,,5,
hamburg,2010-12-15,0,Trend Research Hamburg,"Radio Hamburg, Oldie 95",O,648,10.12.–14.12.,24,45,16,3,8,,,,,,,,4,
hamburg,2011-01-13,0,Infratest dimap,NDR,T,1000,07.01.–11.01.,26,43,17,4,5,,,,,,,,5,
hamburg,2011-02-01,0,Trend Research Hamburg,"Radio Hamburg, Oldie 95",O,627,26.01.–31.01.,25,45,16,4,6,,,,,,,,4,
hamburg,2011-02-03,0,Infratest dimap,NDR,T,1000,28.01.–02.02.,25,46,14,5,6,,,,,,,,4,
hamburg,2011-02-10,0,Infratest dimap,ARD,T,1004,08.02.–10.02.,23.5,45,14,5,5.5,,,,,,,,7,
hamburg,2011-02-11,0,Forschungsgruppe Wahlen,ZDF,T,1686,07.02.–10.02.,23,46,14.5,5,6,,,,,,,,5.5,
hamburg,2011-02-13,0,Emnid,Focus,T,1002,04.02.–10.02.,24,45,15,5,6,,,,,,,,5,
hamburg,2011-02-17,0,GMS,Sat.1,T,1002,15.02.–17.02.,25,43,15,5,6,,,,,,,,6,
hamburg,2011-02-20,1,,,,,,21.9,48.4,11.2,6.7,6.4,,,,2.1,,,,3.4,
hamburg,2011-06-13,0,Psephos,Hamburger Abendblatt,T,1003,01.06.–09.06.,20,47,14,7,7,,,,,,,,5,
hamburg,2011-12-07,0,YouGov,Hamburger Morgenpost,O,1031,21.11.–02.12.,21,44,13,3,7,,,,9,,,,3,
hamburg,2012-01-19,0,Infratest dimap,NDR,T,1000,13.01.–18.01.,20,51,14,3,4,,,,5,,,,3,
hamburg,2012-02-19,0,GESS Phone & Field,Hamburger Abendblatt,T,1006,07.02.–14.02.,21,52,12,2,6,,,,4,,,,,
hamburg,2012-10-18,0,Universität Hamburg,Universität Hamburg,T,468,16.04.–03.08.,20.8,42,21.5,4.4,4.5,,,,6.1,,0.1,,0.7,
hamburg,2013-02-09,0,GESS Phone & Field,Hamburger Abendblatt,T,1003,29.01.–04.02.,23,51,13,2,4,,,,2,,,,5,
hamburg,2013-06-26,0,Universität Hamburg,Universität Hamburg,T,636,08.05.–24.06.,21,43,18,4,8,,,,4,,,,2,
hamburg,2014-01-15,0,Infratest dimap,NDR,T,1000,09.01.–13.01.,25,42,13,5,9,3,,,,,,,3,
hamburg,2014-02-15,0,GESS Phone & Field,"Hamburger Abendblatt, WELT",T,1003,27.01.–04.02.,24,48,11,3,8,,,,,,,,,
hamburg,2014-05-09,0,mafo.de,Hamburger Morgenpost,O,50000,,22.6,38.5,13.7,2.9,7.8,5.8,,,,,,,8.7,
hamburg,2014-11-08,0,GESS Phone & Field,"Hamburger Abendblatt, WELT",T,1002,24.10.–03.11.,27,45,11,2,7,4,,,,,,,4,
hamburg,2014-12-11,0,Infratest dimap,NDR,T,1005,05.12.–09.12.,24,43,14,2,9,4,,,,,,,4,
hamburg,2014-12-15,0,mafo.de,Hamburger Morgenpost,O,50011,,22,42,14,2,8,6,,,,,,,3,Neue Lib.=3
hamburg,2015-01-14,0,INSA,BILD,T,1000,07.01.–13.01.,23,42,14,4,7,6,,,,,,,4,
hamburg,2015-01-14,0,Infratest dimap,NDR,T,1000,09.01.–12.01.,22,43,14,4,8,5,,,,,,,4,
hamburg,2015-01-29,0,Infratest dimap,NDR,T,1000,23.01.–27.01.,20,44,13,5,9,6,,,,,,,3,
hamburg,2015-02-05,0,Infratest dimap,ARD,T,1001,03.02.–04.02.,18,46,11,5.5,9,5.5,,,,,,,5,
hamburg,2015-02-06,0,Forschungsgruppe Wahlen,ZDF,T,1176,03.02.–05.02.,19,45,11,6,9.5,5,,,,,,,4.5,
hamburg,2015-02-10,0,Universität Hamburg,Universität Hamburg,T,235,05.01.–21.01.,22.6,44.6,14.9,2.8,9.1,2.9,,,,,,,3.2,
hamburg,2015-02-10,0,Universität Hamburg,Universität Hamburg,T,511,05.11.–23.12.,20.6,39.7,21.8,2.8,8.9,3.2,,,,,,,3,
hamburg,2015-02-12,0,Forschungsgruppe Wahlen,ZDF,T,1113,11.02.–12.02.,17,47,12,6,8.5,5,,,,,,,4.5,
hamburg,2015-02-15,1,,,,,,15.9,45.6,12.3,7.4,8.5,6.1,,,1.6,,,,2.6,
hamburg,2016-01-21,0,Trend Research Hamburg,Radio Hamburg,O,759,14.01.–18.01.,14,37,13,8,10,13,,,,,,,5,
hamburg,2016-04-07,0,Infratest dimap,NDR,T,1000,31.03.–05.04.,18,39,15,6,11,8,,,,,,,3,
hamburg,2016-11-24,0,Universität Hamburg,Universität Hamburg,T,1004,08.09.–17.11.,18,48,16,5,8,4,,,,,,,2,
hamburg,2018-03-07,0,pmg – policy matters,DIE ZEIT,O,1025,23.02.–02.03.,22,28,15,8,14,10,,,,,,,3,
hamburg,2018-04-16,0,Forsa,"DIE WELT, BILD",T,1001,19.03.–04.04.,16,36,18,7,12,7,,,,,,,4,
hamburg,2019-01-07,0,Forsa,Hamburger Abendblatt,T,1004,27.12.–03.01.,14,30,24,9,11,7,,,,,,,5,
hamburg,2019-02-25,0,Infratest dimap,NDR,T,1005,18.02.–21.02.,17,31,22,8,10,8,,,,,,,4,
hamburg,2019-03-20,0,Universität Hamburg,Universität Hamburg,T,1069,06.01.–02.03.,15,35,29,6,9,4,,,,,,,3,
hamburg,2019-05-29,0,pmg – policy matters,"DIE ZEIT, Körber-Stiftung",O,1002,06.05.–16.05.,16,30,22,9,11,10,,,,,,,2,
hamburg,2019-09-17,0,Trend Research Hamburg,Hamburg Zwei,O,618,06.09.–11.09.,14,28,28,6,11,9,,,,,,,4,
hamburg,2019-11-12,0,INSA,BILD,TOM,1020,23.10.–04.11.,17,25,26,8,12,8,,,,,,,4,
hamburg,2019-11-18,0,Trend Research Hamburg,Radio Hamburg,O,652,05.11.–10.11.,13,32,23,7,12,8,,,,,,,4,
hamburg,2019-12-17,0,Infratest dimap,NDR,T,1004,11.12.–16.12.,17,28,26,6,11,7,,,,,,,5,
hamburg,2020-01-06,0,Forsa,Hamburger Abendblatt,T,1009,18.12.–02.01.,16,29,26,7,10,7,,,,,,,5,
hamburg,2020-01-09,0,Infratest dimap,NDR,T,1000,02.01.–07.01.,15,29,29,7,9,7,,,,,,,4,
hamburg,2020-01-09,0,Trend Research Hamburg,Radio Hamburg,O,678,27.12.–31.12.,13,32,23,8,13,8,,,,,,,4,
hamburg,2020-01-23,0,Infratest dimap,NDR,T,1002,16.01.–21.01.,16,32,27,6,8,7,,,,,,,4,
hamburg,2020-02-06,0,Infratest dimap,NDR,T,1000,30.01.–04.02.,14,34,27,5,8,7,,,,,,,5,
hamburg,2020-02-10,0,Trend Research Hamburg,Radio Hamburg,O,675,24.01.–29.01.,14,33,24,7,10,7,,,,,,,5,
hamburg,2020-02-13,0,Infratest dimap,ARD,T,1003,10.02.–12.02.,14,38,23,5,8,6,,,,,,,6,
hamburg,2020-02-14,0,Forschungsgruppe Wahlen,ZDF,T,1128,11.02.–13.02.,13,37,25,4.5,8,7,,,,,,,5.5,
hamburg,2020-02-18,0,INSA,BILD,TOM,1006,12.02.–17.02.,13,38,23,5,8,7,,,,,,,6,
hamburg,2020-02-19,0,Universität Hamburg,Universität Hamburg,T,1004,02.01.–14.02.,12,34,32,6,7,5,,,,,,,5,
hamburg,2020-02-20,0,Forschungsgruppe Wahlen,ZDF,T,1184,19.02.–20.02.,12,39,24,5,8.5,6,,,,,,,5.5,
hamburg,2020-02-23,1,,,,,,11.2,39.2,24.2,4.96,9.1,5.3,,,0.5,,,,5.6,
hamburg,2020-06-25,0,pmg – policy matters,Körber-Stiftung,O,1020,02.06.–11.06.,13,39,23,5,10,6,,,,,,,4,
hamburg,2023-11-01,0,Trend Research Hamburg,Hamburger Abendblatt,O,1068,17.10.–24.10.,18,31,19,4,10,14,,,,,,,4,
hamburg,2024-02-07,0,Infratest dimap,NDR,TOM,1164,01.02.–05.02.,20,30,21,5,7,9,,,,,,,8,
hamburg,2024-10-31,0,Forsa,Hamburger Abendblatt,O,1017,24.10.–28.10.,21,30,21,4,5,8,4,,,,,,7,
hamburg,2024-11-27,0,Infratest dimap,NDR,TOM,1177,20.11.–25.11.,19,30,21,3,6,9,4,,,,,,5,Volt=3
hamburg,2024-12-16,0,Trend Research Hamburg,"Radio Hamburg, ZEIT",O,886,05.12.–10.12.,17,32,20,4,7,10,4,,,,,,4,Volt=3
hamburg,2025-01-15,0,Infratest dimap,NDR,TOM,1159,09.01.–13.01.,17,31,22,4,5,9,4,,,,,,8,
hamburg,2025-01-27,0,Trend Research Hamburg,"Radio Hamburg, ZEIT",O,890,16.01.–20.01.,16,34,20,3,6,11,3,,,,,,4,Volt=3
hamburg,2025-02-05,0,Infratest dimap,NDR,TOM,1164,29.01.–03.02.,18,31,20,3,8,9,3,,,,,,8,
hamburg,2025-02-14,0,Forschungsgruppe Wahlen,ZDF,TSM,1055,10.02.–13.02.,18,32,19,3,9,9,3,,,,,,4,Volt=3
hamburg,2025-02-20,0,Infratest dimap,ARD,TOM,1308,17.02.–19.02.,17,32,18,3,10,10,3,,,,,,4,Volt=3
hamburg,2025-02-27,0,Forschungsgruppe Wahlen,ZDF,TSM,1046,26.02.–27.02.,18,33,17,,12,9,,,,,,,8,Volt=3
hamburg,2025-02-27,0,INSA,BILD,O,1000,24.02.–26.02.,17,32,16,3,13,11,3,,,,,,5,
hamburg,2025-03-02,1,,,,,,19.8,33.5,18.5,2.3,11.2,7.5,1.8,,,,,,2.2,Volt=3.2
hamburg,2026-03-25,0,Infratest dimap,NDR,TOM,1152,19.03.–23.03.,20,30,20,,12,10,,,,,,,8,
hamburg,2026-06-20,0,INSA,INSA (INSA-Abo),O,1000,02.06.–09.06.,16,31,17,3,14,12,,,,,,,7,
hessen,1991-01-20,1,,,,,,40.2,40.8,8.8,7.4,,,,,,,,,1.1,REP=1.7
hessen,1995-01-30,0,Ipos,"FAZ, FFH",1.061 17.01.–25.01.,,,41.4,39.8,12.4,3.6,,,,,,,,,1.6,REP=1.2
hessen,1995-02-10,0,Allensbach,?,??.01.–??.02.,,,40.5,39,10,7.5,,,,,,,,,,
hessen,1995-02-12,0,BasisResearch,Focus,1.008 ??.0?.–??.0?.,,,40,40,10,7,,,,,,,,,,
hessen,1995-02-15,0,Ipos,"FAZ, FFH",1.059 06.02.–13.02.,,,40,41,12,5,,,,,,,,,,
hessen,1995-02-19,1,,,,,,39.2,38,11.2,7.4,,,,,,,,,2.3,REP=2
hessen,1998-11-06,0,Forschungsgruppe Wahlen,"ZDF, FAZ, FFH",1.021 02.11.–05.11.,,,38,43,10,4,,,,,,,,,5,
hessen,1998-12-04,0,Forschungsgruppe Wahlen,"ZDF, FAZ, FFH",1.011 30.11.–03.12.,,,37,45,9,4,,,,,,,,,5,
hessen,1999-01-14,0,Forsa,Die Woche,,,,37,38,12,7,,,,,,,,,6,
hessen,1999-01-14,0,Infratest dimap,"Hessischer Rundfunk, FR",1.000 04.01.–10.01.,,,39,42,9,6,,,,,,,,,2,REP=2
hessen,1999-01-20,0,Forsa,Die Woche,,,,36,40,11,7,,,,,,,,,6,
hessen,1999-01-28,0,Infratest dimap,"Hessischer Rundfunk, FR",1.000 18.01.–24.01.,,,37.5,42,10,7,,,,,,,,,1.5,REP=2
hessen,1999-01-29,0,Forschungsgruppe Wahlen,"ZDF, FAZ, FFH",1.025 25.01.–28.01.,,,39,42,8.5,5.5,,,,,,,,,5,
hessen,1999-01-30,0,Polis,FOCUS,1.016,,,36,41,10,8,,,,,,,,,2,Rechte=3
hessen,1999-02-07,1,,,,,,43.4,39.4,7.2,5.1,,,,,,,,,4.9,
hessen,2000-01-24,0,Ipos,FAZ,1.004 19.01.–21.01.,,,33,46,11,5,,,,,,,,,5,
hessen,2000-02-04,0,Infratest dimap,"Hessischer Rundfunk, FR",1.000 28.01.–??.01.,,,35,44,9,7,,,,,,,,,5,
hessen,2001-01-18,0,Forsa,Stern,,,,40,39,8,7,,,,,,,,,6,
hessen,2002-05-13,0,dimap,CDU LV Hessen,,,,45,35,6,9,,,,,,,,,5,
hessen,2002-12-06,0,Infratest dimap,Hessischer Rundfunk,1.000 02.12.–04.12.,,,49,32,11,5,,,,,,,,,3,
hessen,2003-01-07,0,Forsa,Stern,1.120 27.12.–03.01.,,,47,32,12,5,,,,,,,,,4,
hessen,2003-01-09,0,Infratest dimap,Hessischer Rundfunk,1.000 02.01.–07.01.,,,47,33,10,5,,,,,,,,,5,
hessen,2003-01-15,0,Forsa,Stern,1.003 06.01.–10.01.,,,48,33,10,5,,,,,,,,,4,
hessen,2003-01-17,0,Forschungsgruppe Wahlen,ZDF,1.036 13.01.–16.01.,,,48,32,10,7,,,,,,,,,3,
hessen,2003-01-19,0,Infratest dimap,Hessischer Rundfunk,1.000 16.01.–1?.01.,,,48,31,11,7,,,,,,,,,3,
hessen,2003-01-22,0,Forsa,Stern,1.078 13.01.–18.01.,,,50,31,10,5,,,,,,,,,4,
hessen,2003-01-29,0,Forsa,Stern,1.012 20.01.–24.01.,,,51,29,10,7,,,,,,,,,3,
hessen,2003-01-31,0,Forsa,RTL,,,,49,29,11,8,,,,,,,,,3,
hessen,2003-02-02,1,,,,,,48.8,29.1,10.1,7.9,,,,,,,,,4.1,
hessen,2003-10-19,0,Infratest dimap,FAZ,1.000,,,52,28,11,5,,,,,,,,,4,
hessen,2006-03-19,0,Infratest dimap,Hessischer Rundfunk,1.002 10.03.–15.03.,,,40,35,10,7,,,,,,,,,4,
hessen,2006-06-15,0,Forsa,n-tv,1.225 15.05.–09.06.,,,39,31,11,9,5,,,,,,,,5,
hessen,2006-10-12,0,Forsa,n-tv,1.170 14.09.–11.10.,,,41,27,12,11,3,,,,,,,,6,
hessen,2006-12-14,0,Forsa,n-tv,1.023 20.11.–12.12.,,,42,27,10,9,5,,,,,,,,7,
hessen,2007-03-14,0,Forsa,n-tv,1.027 26.02.–13.03.,,,43,27,11,9,4,,,,,,,,6,
hessen,2007-03-24,0,Infratest dimap,Hessischer Rundfunk,1.001 19.03.–21.03.,,,38,34,10,9,,,,3,,,,,2,
hessen,2007-05-20,0,Emnid,Bild am Sonntag,599 30.04.–16.05.,,,40,32,11,9,4,,,,,,,,4,
hessen,2007-06-28,0,Forsa,n-tv,1.012 11.06.–26.06.,,,41,27,11,9,6,,,,,,,,6,
hessen,2007-07-24,0,TNS Infratest,Cicero,1.000 09.07.–11.07.,,,40,33,11,7,5,,,,,,,,4,
hessen,2007-09-06,0,Infratest dimap,ARD,1.000 03.09.–05.09.,,,42,32,10,8,4,,,,,,,,4,
hessen,2007-09-26,0,Forsa,"stern, Frankfurter Rundschau",1.001 18.09.–21.09.,,,43,30,9,8,5,,,,,,,,5,
hessen,2007-12-07,0,Forschungsgruppe Wahlen,"ZDF, FAZ, FFH",1.052 03.12.–05.12.,,,40,34,9,7,6,,,,,,,,4,
hessen,2007-12-12,0,Forsa,"stern, Frankfurter Rundschau",1.002 03.12.–07.12.,,,41,30,11,9,5,,,,,,,,4,
hessen,2007-12-29,0,AMR Düsseldorf,Der Spiegel,1.000,,,40,33,10,9,6,,,,,,,,2,
hessen,2008-01-05,0,Emnid,Bild am Sonntag,800 10.12.–02.01.,,,42,32,10,8,5,,,,,,,,3,
hessen,2008-01-09,0,Infratest dimap,Hessischer Rundfunk,1.000 03.01.–08.01.,,,40,35,9,9,4,,,,,,,,3,
hessen,2008-01-11,0,Forschungsgruppe Wahlen,"FAZ, FFH",1.003 07.01.–09.01.,,,40,36,7,8,5,,,,,,,,,
hessen,2008-01-17,0,Infratest dimap,ARD,1.000 14.01.–16.01.,,,38,37,7,8,6,,,,,,,,3,
hessen,2008-01-18,0,Forschungsgruppe Wahlen,ZDF,1.100 14.01.–17.01.,,,38,37,8,8,5,,,,,,,,4,
hessen,2008-01-18,0,GMS,Quelle: CDU- LV Hessen,1.010 15.01.–16.01.,,,39,34,8,9,5,,,,,,,,5,
hessen,2008-01-22,0,Forsa,Frankfurter Rundschau,1.005 14.01.–18.01.,,,38,38,7,9,5,,,,,,,,3,
hessen,2008-01-25,0,AMR Düsseldorf,Quelle: dpa,1.000 23.01.–24.01.,,,37,38,7,10,5,,,,,,,,,
hessen,2008-01-27,1,,,,,,36.8,36.7,7.5,9.4,5.1,,,,,,,,4.4,
hessen,2008-03-08,0,Emnid,Focus,T,1000,21.02.–05.03.,37,35,7,9,7,,,,,,,,,
hessen,2008-04-06,0,Emnid,Bild am Sonntag,T,,,37,30,10,12,6,,,,,,,,,
hessen,2008-04-09,0,Forsa,stern.de,T,1007,17.03.–04.04.,40,28,9,10,8,,,,,,,,5,
hessen,2008-06-05,0,Forsa,n-tv,T,1005,23.05.–03.06.,40,27,9,11,8,,,,,,,,5,
hessen,2008-08-27,0,Forsa,"stern, Frankfurter Rundschau",T,1001,19.08.–22.08.,38,26,11,12,8,,,,,,,,5,
hessen,2008-09-04,0,Infratest dimap,"ARD, Hessischer Rundfunk",T,1000,01.09.–03.09.,39,28,11,12,7,,,,,,,,3,
hessen,2008-11-06,0,Infratest dimap,Hessischer Rundfunk,T,1000,04.11.–05.11.,41,27,12,11,5,,,,,,,,4,
hessen,2008-12-04,0,Infratest dimap,Hessischer Rundfunk,T,1000,28.11.–02.12.,41,23,14,13,6,,,,,,,,3,
hessen,2008-12-05,0,Forschungsgruppe Wahlen *,"ZDF, FAZ, FFH",T,1145,01.12.–04.12.,41,26,12,12,5,,,,,,,,4,
hessen,2008-12-16,0,Forsa,"stern, Frankfurter Rundschau",T,1005,08.12.–12.12.,42,23,12,13,6,,,,,,,,4,
hessen,2008-12-18,0,Emnid,Cicero,T,500,28.11.–03.12.,43,24,11,13,5,,,,,,,,4,
hessen,2008-12-19,0,GMS,Sat.1,T,1004,15.12.–17.12.,41,25,13,13,5,,,,,,,,3,
hessen,2009-01-08,0,Infratest dimap,"ARD, Hessischer Rundfunk",T,1000,05.01.–07.01.,42,24,13,13,5,,,,,,,,3,
hessen,2009-01-10,0,Forschungsgruppe Wahlen,"ZDF, FAZ, FFH",T,1072,06.01.–08.01.,41,25,13,13,5,,,,,,,,3,
hessen,2009-01-14,0,Forsa,Frankfurter Rundschau,T,1007,06.01.–09.01.,41,24,13,15,4,,,,,,,,3,
hessen,2009-01-18,1,,,,,,37.2,23.7,13.7,16.2,5.4,,,1.6,0.5,,,,1.6,
hessen,2010-11-13,0,Forschungsgruppe Wahlen,"FAZ, FFH",T,1002,08.11.–11.11.,32,29,23,5,4,,,,,,,,7,
hessen,2011-12-08,0,Infratest dimap,Hessischer Rundfunk,T,1000,01.12.–06.12.,34,30,20,4,3,,,,6,,,,3,
hessen,2011-12-09,0,Forschungsgruppe Wahlen,"FAZ, FFH",T,1008,05.12.–07.12.,33,32,19,3,3,,,,6,,,,4,
hessen,2012-01-18,0,Infratest dimap,Hessischer Rundfunk,T,1000,11.01.–16.01.,33,31,21,3,4,,,,4,,,,4,
hessen,2012-12-05,0,Infratest dimap,Hessischer Rundfunk,T,1000,28.11.–03.12.,36,31,18,4,5,,,,3,,,,3,
hessen,2013-04-17,0,Forschungsgruppe Wahlen,"FAZ, FFH",T,1010,10.04.–16.04.,36,33,16,5,4,,,,,,,,,
hessen,2013-05-21,0,dimap,CDU LV Hessen,T,1004,07.05.–15.05.,39,29,17,4,4,2,,,2,,,,3,
hessen,2013-07-03,0,Forschungsgruppe Wahlen,"FAZ, FFH",T,1018,26.06.–01.07.,38,30,15,5,4,3,,,,,,,5,
hessen,2013-07-17,0,Forsa,"stern, Frankfurter Neue Presse",T,1134,01.07.–10.07.,38,27,17,6,4,2,,,,,,,6,
hessen,2013-08-21,0,Infratest dimap,Hessischer Rundfunk,T,1000,15.08.–18.08.,39,31,14,5,4,,,,,,,,7,
hessen,2013-08-28,0,Forschungsgruppe Wahlen,"FAZ, FFH",T,1040,19.08.–26.08.,38,30,15,5,4,3,,,,,,,5,
hessen,2013-09-03,0,-->Forsa-->,Frankfurter Neue Presse,T,2012082908,,39,28,15,6,4,3,,,2,,,,,
hessen,2013-09-03,0,Forsa,Frankfurter Neue Presse,T,2012082908,,39,28,15,6,4,3,,,2,,,,,
hessen,2013-09-12,0,Forschungsgruppe Wahlen,ZDF,T,1040,09.09.–11.09.,38,30,13.5,5.5,5,3,,,,,,,5,
hessen,2013-09-12,0,Infratest dimap,ARD,T,1002,10.09.–12.09.,40,32,12.5,6,3.5,,,,,,,,6,
hessen,2013-09-22,1,,,,,,38.3,30.7,11.1,5,5.2,4.1,,,1.9,,,,3.7,
hessen,2014-03-14,0,Forsa,Frankfurter Neue Presse,T,1002,18.02.–27.02.,39,27,12,5,7,5,,,,,,,5,
hessen,2014-12-16,0,dimap,CDU LV Hessen,T,1000,10.12.–14.12.,38,27,16,2,7,5,,,,,,,5,
hessen,2015-07-20,0,dimap,CDU LV Hessen,T,1003,06.07.–13.07.,41,27,14,6,6,2,,,,,,,4,
hessen,2015-09-02,0,Forsa,"stern, Frankfurter Neue Presse",T,1009,17.08.–26.08.,38,28,13,5,5,4,,,,,,,7,
hessen,2016-01-20,0,Infratest dimap,Hessischer Rundfunk,T,1000,12.01.–16.01.,34,26,11,5,8,12,,,,,,,4,
hessen,2016-04-18,0,Forsa,Frankfurter Neue Presse,T,1004,01.04.–08.04.,33,27,11,7,6,10,,,,,,,6,
hessen,2016-08-24,0,dimap,CDU LV Hessen,T,1000,15.08.–22.08.,36,27,13,4,6,9,,,,,,,5,
hessen,2017-01-12,0,Infratest dimap,Hessischer Rundfunk,T,1003,05.01.–10.01.,32,24,14,6,8,14,,,,,,,2,
hessen,2018-01-19,0,Infratest dimap,Hessischer Rundfunk,T,1006,09.01.–16.01.,31,25,13,8,8,12,,,,,,,3,
hessen,2018-02-25,0,Forsa,RTL/n-tv,T,1035,08.02.–22.02.,33,23,14,8,7,10,,,,,,,5,
hessen,2018-03-02,0,Allensbach,FDP-LV,F,760,19.12.–31.01.,31,26,12,9,7,11,,,,,,,,
hessen,2018-03-22,0,Forschungsgruppe Wahlen,"FAZ, FFH",T,1011,19.03.–21.03.,31,26,13,7,8,10,,,,,,,5,
hessen,2018-05-17,0,INSA,BILD,TOM,1067,09.05.–16.05.,33,24,13,7,8,11,,,,,,,4,
hessen,2018-06-12,0,Forschungsgruppe Wahlen,"FAZ, FFH",T,1049,04.06.–11.06.,31,25,13,8,8,11,,,,,,,4,
hessen,2018-06-21,0,Infratest dimap,Hessischer Rundfunk,T,1003,14.06.–19.06.,31,22,14,7,7,15,,,,,,,4,
hessen,2018-09-07,0,INSA,BILD,TOM,1039,03.09.–06.09.,29,24,14,7,8,14,,1.5,,,,,2.5,
hessen,2018-09-21,0,Forschungsgruppe Wahlen,ZDF,T,1039,17.09.–19.09.,32,25,15,6,8,11,,,,,,,3,
hessen,2018-09-24,0,Infratest dimap,Hessischer Rundfunk,T,1000,13.09.–19.09.,28,23,17,7,8,14,,,,,,,3,
hessen,2018-10-03,0,Forschungsgruppe Wahlen,"FAZ, FFH",T,1038,24.09.–01.10.,29,23,18,6,8,13,,,,,,,3,
hessen,2018-10-18,0,Forschungsgruppe Wahlen,ZDF,T,1035,15.10.–17.10.,26,20,22,8,8,12,,,,,,,4,
hessen,2018-10-18,0,Infratest dimap,ARD,T,1002,16.10.–17.10.,26,21,20,9,8,12,,,,,,,4,
hessen,2018-10-23,0,INSA,BILD,TOM,1004,18.10.–22.10.,26,21,21,7,8,13,,2,,,,,2,
hessen,2018-10-25,0,Forschungsgruppe Wahlen,ZDF,T,1025,24.10.–25.10.,28,20,20,8,8,12,,,,,,,4,
hessen,2018-10-28,1,,,,,,27,19.8,19.8,7.5,6.3,13.1,,3,,,,,3.6,
hessen,2019-04-26,0,Infratest dimap,Hessischer Rundfunk,T,1001,16.04.–24.04.,27,19,21,9,6,13,,,,,,,5,
hessen,2019-12-24,0,INSA,BILD,TOM,2000,04.12.–16.12.,26,16,23,8,9,13,,3,,,,,2,
hessen,2020-02-17,0,Infratest dimap,Hessischer Rundfunk,T,1000,07.02.–13.02.,26,16,25,7,8,12,,,,,,,6,
hessen,2020-05-14,0,Infratest dimap,Hessischer Rundfunk,T,1005,12.05.–13.05.,36,18,20,7,4,10,,,,,,,5,
hessen,2020-11-03,0,INSA,BILD,O,1018,22.10.–29.10.,30,18,19,6,9,11,,,,,,,7,
hessen,2020-12-09,0,Infratest dimap,Hessischer Rundfunk,T,1003,01.12.–07.12.,34,19,22,7,5,8,,,,,,,5,
hessen,2021-02-25,0,Infratest dimap,Hessischer Rundfunk,T,1001,18.02.–23.02.,32,17,21,7,6,10,,,,,,,7,
hessen,2021-10-22,0,INSA,BILD,TOM,1253,11.10.–19.10.,20,26,20,11,5,11,,3,,,,,4,
hessen,2022-03-04,0,Infratest dimap,Hessischer Rundfunk,TOM,1169,28.02.–02.03.,27,24,20,9,5,7,,,,,,,8,
hessen,2022-04-12,0,INSA,BILD,O,1000,04.04.–11.04.,24,24,19,8,5,10,,3,,,,,7,
hessen,2022-10-19,0,Infratest dimap,Hessischer Rundfunk,TOM,1161,12.10.–15.10.,27,22,22,6,3,12,,,,,,,8,
hessen,2023-03-14,0,Infratest dimap,Hessischer Rundfunk,TOM,1177,07.03.–11.03.,32,20,22,5,3,11,,,,,,,7,
hessen,2023-05-04,0,INSA,BILD,O,1000,17.04.–24.04.,30,21,20,7,4,12,,3,,,,,3,
hessen,2023-06-16,0,INSA,BILD,O,1000,05.06.–12.06.,29,22,18,7,4,13,,3,,,,,4,
hessen,2023-08-25,0,Forschungsgruppe Wahlen,"FAZ, FFH",T,1005,21.08.–23.08.,31,20,18,6,3,15,,,,,,,7,
hessen,2023-09-08,0,Forschungsgruppe Wahlen,ZDF,TSM,1107,04.09.–07.09.,30,19,19,6,3,16,,,,,,,7,
hessen,2023-09-13,0,INSA,BILD,O,1000,04.09.–11.09.,29,20,19,6,3,15,,4,,,,,4,
hessen,2023-09-14,0,Infratest dimap,Hessischer Rundfunk,TOM,1170,05.09.–09.09.,31,18,17,5,3,17,,3,,,,,6,
hessen,2023-09-28,0,Infratest dimap,ARD,TOM,1515,25.09.–27.09.,31,16,17,6,4,15,,4,,,,,7,
hessen,2023-09-29,0,Forschungsgruppe Wahlen,ZDF,TSM,1041,25.09.–28.09.,32,17,17,5,3,16,,4,,,,,6,
hessen,2023-10-04,0,INSA,BILD,O,1000,25.09.–02.10.,31,16,16,5,4,16,,5,,,,,7,
hessen,2023-10-05,0,Forschungsgruppe Wahlen,ZDF,TSM,1000,04.10.–05.10.,32,17,17,5,3,16,,4,,,,,6,
hessen,2023-10-08,1,,,,,,34.6,15.1,14.8,5,3.1,18.4,,3.5,,,,,5.5,
hessen,2024-04-13,0,INSA,BILD,O,1000,02.04.–09.04.,33,14,12,4,3,18,6,4,,,,,,Son=6
hessen,2024-04-26,0,Infratest dimap,Hessischer Rundfunk,TOM,1159,18.04.–23.04.,37,15,15,5,,16,3,,,,,,,Son=9
hessen,2024-08-13,0,INSA,BILD,O,1000,05.08.–12.08.,32,13,13,5,2,18,8,4,,,,,,Son=5
hessen,2024-12-19,0,Forsa,Osthessen News,T,1003,22.11.–11.12.,38,15,14,3,3,16,3,,,,,,,Son=8
hessen,2025-03-25,0,INSA,BILD,O,1000,11.03.–18.03.,31,14,12,3,9,19,5,2,,,,,,Son=5
hessen,2025-06-23,0,Infratest dimap,Hessischer Rundfunk,TOM,1150,12.06.–18.06.,36,13,14,4,6,18,3,,,,,,,Son=6
hessen,2025-10-09,0,INSA,BILD,O,1000,30.09.–07.10.,32,15,12,4,7,20,3,3,,,,,,Son=4
hessen,2026-02-02,0,Infratest dimap,Hessischer Rundfunk,TOM,1148,26.01.–29.01.,32,16,14,3,6,20,,,,,,,9,
hessen,2026-03-18,0,INSA,BILD,O,1001,03.03.–12.03.,31,15,13,4,6,21,3,3,,,,,,Son=4
hessen,2026-04-29,0,INSA,BILD,O,1000,14.04.–21.04.,30,15,13,3,7,22,,4,,,,,6,
mecklenburg-vorpommern,1990-10-14,1,,,,,,38.3,27,4.2,5.5,15.7,,,,,,0.2,,4,Forum=2.9;=2.2
mecklenburg-vorpommern,1994-02-20,0,Emnid,DER SPIEGEL,??.02.–??.02.,,,17,36,10,10,17,,,,,,,,,REP=5
mecklenburg-vorpommern,1994-10-16,1,,,,,,37.7,29.5,3.7,3.8,22.7,,,,,,0.1,,1.5,REP=1
mecklenburg-vorpommern,1998-03-20,0,Emnid,Schweriner Volkszeitung,,,,39,20,,,5,,,,,,,,,
mecklenburg-vorpommern,1998-04-08,0,Infratest dimap,Ostsee- Zeitung,904 09.02.–29.03.,,,28,43,5,2,19,,,,,,,,3,
mecklenburg-vorpommern,1998-07-21,0,Infratest dimap,NDR,,,,26,39,4,2,23,,,,,,,,1,Rechtsradik.=5
mecklenburg-vorpommern,1998-08-08,0,Emnid,Schweriner Volkszeitung,,,,28,39,4,2,20,,,,,,,,4,Rechtsradik.=4
mecklenburg-vorpommern,1998-08-26,0,Infratest dimap,Ostsee- Zeitung,,,,28,41,4,2,20,,,,,,,,5,
mecklenburg-vorpommern,1998-09-12,0,Emnid,Schweriner Volkszeitung,750 01.09.–05.09.,,,,,,,15,,,,,,,,,
mecklenburg-vorpommern,1998-09-27,1,,,,,,30.2,34.3,2.7,1.6,24.4,,,,,,1.1,,5.7,
mecklenburg-vorpommern,1999-02-26,0,Infratest dimap,Ostsee- Zeitung,912 11.01.–21.02.,,,37,38,,,17,,,,,,,,8,
mecklenburg-vorpommern,1999-09-25,0,Emnid,Schweriner Volkszeitung,750 13.09.–18.09.,,,42,26,,,24,,,,,,,,,Rechtsradik.=3
mecklenburg-vorpommern,2000-09-30,0,Infratest dimap,Ostsee- Zeitung,1.000 18.09.–24.09.,,,36,32,,,24,,,,,,,,,
mecklenburg-vorpommern,2001-05-16,0,Emnid,Schweriner Volkszeitung,,,,35,32,3,5,21,,,,,,,,4,
mecklenburg-vorpommern,2001-11-03,0,Emnid,Schweriner Volkszeitung,,,,32,32,3,4,24,,,,,,,,5,
mecklenburg-vorpommern,2002-01-24,0,Infratest dimap,NDR,,,,37,29,2,3,23,,,,,,,,1,Schill=5
mecklenburg-vorpommern,2002-01-29,0,Emnid,Schweriner Volkszeitung,,,,39,32,1,3,17,,,,,,,,1,Schill=7
mecklenburg-vorpommern,2002-05-23,0,Emnid,CDU,,,,41,30,1,4,19,,,,,,,,5,
mecklenburg-vorpommern,2002-06-22,0,Emnid,Schweriner Volkszeitung,,,,38,30,3,7,18,,,,,,,,2,Schill=2
mecklenburg-vorpommern,2002-07-03,0,Infratest dimap,NDR,,,,36,35,1,5,20,,,,,,,,1,Schill=2
mecklenburg-vorpommern,2002-08-02,0,Emnid,Schweriner Volkszeitung,750,,,39,32,3,5,19,,,,,,,,2,
mecklenburg-vorpommern,2002-08-12,0,Emnid,Schweriner Volkszeitung,,,,39,33,3,5,18,,,,,,,,2,
mecklenburg-vorpommern,2002-08-19,0,Emnid,Antenne Meckl.-Vorp.,,,,38,32,3,5,18,,,,,,,,4,
mecklenburg-vorpommern,2002-08-26,0,Emnid,Antenne Meckl.-Vorp.,,,,38,35,3,4,15,,,,,,,,5,
mecklenburg-vorpommern,2002-08-28,0,Infratest dimap,NDR,1.000,,,33,36,2,4,20,,,,,,,,5,
mecklenburg-vorpommern,2002-09-01,0,Forschungsgruppe Wahlen,ZDF,1.000,,,33,38,4,4,18,,,,,,,,3,
mecklenburg-vorpommern,2002-09-02,0,Emnid,Antenne Meckl.-Vorp.,750,,,36,37,3,3,17,,,,,,,,4,
mecklenburg-vorpommern,2002-09-04,0,Infratest dimap,NDR,,,,35,37,2,4.5,18.5,,,,,,,,3,
mecklenburg-vorpommern,2002-09-09,0,Emnid,Antenne Meckl.-Vorp.,,,,34,37,3,4,18,,,,,,,,4,
mecklenburg-vorpommern,2002-09-12,0,Infratest dimap,NDR,1.000,,,33,40,2,4,17,,,,,,,,4,
mecklenburg-vorpommern,2002-09-16,0,Emnid,Antenne Meckl.-Vorp.,,,,33,37,3,3,19,,,,,,,,5,
mecklenburg-vorpommern,2002-09-22,1,,,,,,31.4,40.6,2.6,4.7,16.4,,,,,,0.8,,3.5,
mecklenburg-vorpommern,2003-03-01,0,Emnid,Schweriner Volkszeitung,,,,40,33,4,5,14,,,,,,,,4,
mecklenburg-vorpommern,2003-06-21,0,Emnid,Schweriner Volkszeitung,750,,,37,35,5,5,14,,,,,,,,4,
mecklenburg-vorpommern,2003-11-07,0,Emnid,Schweriner Volkszeitung,750,,,41,26,6,5,19,,,,,,,,3,
mecklenburg-vorpommern,2004-05-08,0,Emnid,Schweriner Volkszeitung,752,,,39,28,7,6,17,,,,,,,,3,
mecklenburg-vorpommern,2004-09-25,0,Emnid,Schweriner Volkszeitung,750 KW 39,,,31,28,7,5,21,,,,,,3,,2,DVU=2;REP=1
mecklenburg-vorpommern,2005-08-15,0,Emnid,Schweriner Volkszeitung,500 08.08.–11.08.,,,31,20,6,6,34,,,,,,,,3,
mecklenburg-vorpommern,2005-08-29,0,Emnid,Schweriner Volkszeitung,500 22.08.–25.08.,,,32,22,5,6,31,,,,,,,,4,
mecklenburg-vorpommern,2005-09-10,0,Emnid,Schweriner Volkszeitung,500 05.09.–08.09.,,,35,26,4,5,25,,,,,,,,5,
mecklenburg-vorpommern,2006-02-22,0,Infratest,Friedrich-Ebert- Stiftung,1.000 Ende Nov. 2005,,,29,34,4,5,24,,,,,,,,4,
mecklenburg-vorpommern,2006-06-12,0,Emnid,CDU MV,1.009 19.05.–30.05.,,,31,30,4,7,23,,,,,,4,,1,
mecklenburg-vorpommern,2006-07-12,0,Infratest dimap,NDR,1.000 10.07.–11.07.,,,32,31,4,7,21,,,,,,,,2,Rechte=3
mecklenburg-vorpommern,2006-07-24,0,Emnid,FDP MV,1.001 05.07.–12.07.,,,33,31,4,7,21,,,,,,,,1,Rechte=3
mecklenburg-vorpommern,2006-08-03,0,Infratest dimap,ARD,1.000 31.07.–02.08.,,,33,29,4,6,22,,,,,,4,,2,
mecklenburg-vorpommern,2006-08-12,0,Emnid,Schweriner Volkszeitung,500 07.08.–10.08.,,,31,29,4,7,22,,,,,,3,,1,WASG=3
mecklenburg-vorpommern,2006-08-23,0,Forsa,Ostsee- Zeitung,1.003 16.08.–18.08.,,,30,28,4,7,24,,,,,,4,,3,
mecklenburg-vorpommern,2006-08-25,0,Emnid,Schweriner Volkszeitung,500 22.08.–24.08.,,,31,28,3,7,23,,,,,,4,,2,WASG=2
mecklenburg-vorpommern,2006-08-25,0,Infratest dimap,NDR,1.000 20.08.–23.08.,,,30,31,3,6,23,,,,,,4,,3,
mecklenburg-vorpommern,2006-09-01,0,Infratest dimap,NDR,1.000 27.08.–30.08.,,,31,30,4,6,21,,,,,,6,,2,
mecklenburg-vorpommern,2006-09-07,0,Infratest dimap,NDR,1.000 04.09.–06.09.,,,30,31,4,7,20,,,,,,6,,2,
mecklenburg-vorpommern,2006-09-08,0,Emnid,Schweriner Volkszeitung,500 05.09.–07.09.,,,31,29,3,7,21,,,,,,7,,1,WASG=1
mecklenburg-vorpommern,2006-09-08,0,Forschungsgruppe Wahlen,ZDF,1.116 04.09.–07.09.,,,33,29,4,7,18,,,,,,7,,2,
mecklenburg-vorpommern,2006-09-17,1,,,,,,28.8,30.2,3.4,9.6,16.8,,,,,,7.3,,3.9,
mecklenburg-vorpommern,2007-09-20,0,Forsa,n-tv,1.009 20.08.–18.09.,,,31,28,3,9,18,,,,,,7,,4,
mecklenburg-vorpommern,2007-10-17,0,Infratest,SPD- LV MV,1.000 08.10.–11.10.,,,32,34,3,7,17,,,,,,4,,3,
mecklenburg-vorpommern,2009-01-13,0,polis+sinus,Staatskanzlei MV,1.205 01.12.–16.12.,,,30,27,3,11,23,,,,,,4,,2,
mecklenburg-vorpommern,2009-05-15,0,Infratest dimap,NDR,1.000 11.05.–13.05.,,,32,25,5,10,22,,,,,,4,,2,
mecklenburg-vorpommern,2011-01-21,0,Forsa,Ostsee- Zeitung,601 03.01.–06.01.,,,29,32,8,6,15,,,,,,5,,5,
mecklenburg-vorpommern,2011-03-03,0,Emnid,"SVZ, Nordkurier",1.000 25.02.–01.03.,,,29,34,6,5,17,,,,,,4,,4,
mecklenburg-vorpommern,2011-04-13,0,Infratest dimap,NDR,1.001 08.04.–11.04.,,,27,34,10,3,20,,,,,,3,,3,
mecklenburg-vorpommern,2011-06-29,0,Infratest dimap,NDR,1.000 24.06.–28.06.,,,30,34,8,4,17,,,,,,4,,3,
mecklenburg-vorpommern,2011-08-04,0,Infratest dimap,NDR,1.001 29.07.–02.08.,,,30,34,8,3,18,,,,,,4,,3,
mecklenburg-vorpommern,2011-08-07,0,Emnid,Focus,1.007 29.07.–04.08.,,,29,34,7,3,19,,,,,,,,4,Rechte=4
mecklenburg-vorpommern,2011-08-14,0,Emnid,"SVZ, Nordkurier",1.000 08.08.–11.08.,,,28,34,7,4,19,,,,,,4,,4,
mecklenburg-vorpommern,2011-08-19,0,Infratest dimap,NDR,1.000 12.08.–17.08.,,,28,37,7,3.5,17.5,,,,,,4,,3,
mecklenburg-vorpommern,2011-08-24,0,Forsa,Ostsee- Zeitung,602 15.08.–18.08.,,,27,34,7,5,17,,,,,,5,,5,
mecklenburg-vorpommern,2011-08-25,0,Infratest dimap,ARD,1.000 23.08.–25.08.,,,26,36,8,4.5,17,,,,,,4.5,,4,
mecklenburg-vorpommern,2011-08-26,0,Forschungsgruppe Wahlen,ZDF,1.349 22.08.–25.08.,,,28,35,8,4,16.5,,,,,,4.5,,4,
mecklenburg-vorpommern,2011-09-04,1,,,,,,23,35.6,8.7,2.8,18.4,,,,1.9,,6,,3.7,
mecklenburg-vorpommern,2013-08-17,0,Emnid,"SVZ, Nordkurier",T,750,09.08.–13.08.,28,32,8,2,20,,,,,,5,,5,
mecklenburg-vorpommern,2013-09-14,0,Emnid,"SVZ, Nordkurier",T,750,06.09.–10.09.,28,31,8,2,19,,,,,,5,,7,
mecklenburg-vorpommern,2014-03-08,0,Marktforschungsservice Dukath,Ostsee- Zeitung,T,800,24.02.–28.02.,31.8,32.7,6.2,1.7,19.4,2.3,,,2,,1.1,,2.9,
mecklenburg-vorpommern,2014-05-07,0,Infratest dimap,"NDR, SVZ",T,1001,02.05.–05.05.,34,29,5,2,20,4,,,,,3,,3,
mecklenburg-vorpommern,2015-01-15,0,Marktforschungsservice Dukath,Ostsee- Zeitung,T,750,05.01.–09.01.,30.6,34.3,9.7,1.6,17.4,4.1,,,0.5,,1.4,,0.4,
mecklenburg-vorpommern,2016-01-21,0,Marktforschungsservice Dukath,Ostsee- Zeitung,T,750,06.01.–13.01.,27.2,28.4,9.5,8,20.1,5.5,,,,,1.3,,0.2,
mecklenburg-vorpommern,2016-02-16,0,INSA,BILD,T,1002,03.02.–09.02.,29,22,5,4,19,16,,,,,4,,1,
mecklenburg-vorpommern,2016-04-28,0,Infratest dimap,"NDR, NK, OZ, SVZ",T,1000,21.04.–26.04.,24,22,8,4,16,18,,,,,4,,4,
mecklenburg-vorpommern,2016-06-30,0,Infratest dimap,"NDR, NK, OZ, SVZ",T,1002,23.06.–27.06.,25,22,7,3,17,19,,,,,4,,3,
mecklenburg-vorpommern,2016-08-12,0,INSA,BILD,T,1000,02.08.–09.08.,23,24,6,3,19,19,,,,,3,,3,
mecklenburg-vorpommern,2016-08-18,0,Infratest dimap,"NDR, NK, OZ, SVZ",T,1003,11.08.–16.08.,23,26,6,3,16,19,,,,,3,,4,
mecklenburg-vorpommern,2016-08-25,0,Infratest dimap,ARD,T,1003,23.08.–24.08.,22,27,5,3,14,21,,,,,3,,5,
mecklenburg-vorpommern,2016-08-26,0,Forschungsgruppe Wahlen,ZDF,T,1020,23.08.–25.08.,22,28,6,,13,21,,,,,3,,7,
mecklenburg-vorpommern,2016-08-31,0,INSA,Cicero,T,10312908,,20,28,6,2,15,23,,,,,2,,4,
mecklenburg-vorpommern,2016-09-01,0,Forschungsgruppe Wahlen,ZDF,T,1133,31.08.–01.09.,22,28,6,3,13,22,,,,,,,6,
mecklenburg-vorpommern,2016-09-04,1,,,,,,19,30.6,4.8,3,13.2,20.8,,,,,3,,5.6,
mecklenburg-vorpommern,2017-01-19,0,Forsa,Ostsee- Zeitung,T,1002,09.01.–16.01.,21,32,4,4,13,18,,,,,,,8,
mecklenburg-vorpommern,2017-07-23,0,INSA,Nordkurier,T,1608,30.06.–14.07.,22,31.5,4.5,3.5,13.5,20.5,,,,,,,4.5,
mecklenburg-vorpommern,2018-01-18,0,Forsa,Ostsee- Zeitung,T,1001,02.01.–11.01.,20,28,5,5,15,19,,,,,,,8,
mecklenburg-vorpommern,2018-06-30,0,Forsa,Schweriner Volkszeitung,T,1002,24.05.–28.06.,18,25,8,4,16,22,,,,,,,7,
mecklenburg-vorpommern,2019-01-17,0,Forsa,Ostsee- Zeitung,T,1007,04.01.–11.01.,22,22,10,4,16,18,,,,,,,8,
mecklenburg-vorpommern,2019-09-27,0,Forsa,"NDR, Ostsee- Zeitung",T,1002,18.09.–23.09.,21,22,12,5,12,20,,,,,,,8,
mecklenburg-vorpommern,2020-01-16,0,Forsa,Ostsee- Zeitung,T,1002,02.01.–10.01.,20,19,13,5,14,19,,,,,,,10,
mecklenburg-vorpommern,2020-06-09,0,Infratest dimap,NDR,T,1004,03.06.–06.06.,29,24,10,4,13,15,,,,,,,5,
mecklenburg-vorpommern,2020-11-25,0,Infratest dimap,"NDR, OZ, SVZ",T,1000,18.11.–21.11.,27,27,10,3,12,15,,,,,,,6,
mecklenburg-vorpommern,2021-01-21,0,Forsa,Ostsee- Zeitung,T,1002,12.01.–15.01.,24,26,10,3,16,14,,,,,,,7,
mecklenburg-vorpommern,2021-05-20,0,Infratest dimap,"NDR, OZ, SVZ",TOM,1245,12.05.–18.05.,21,23,14,6,11,17,,,,,,,8,
mecklenburg-vorpommern,2021-07-01,0,INSA,BILD,TOM,1002,21.06.–30.06.,20,26,8,6,13,19,,3,,,,,5,
mecklenburg-vorpommern,2021-07-15,0,Infratest dimap,"NDR, OZ, SVZ",TOM,1159,08.07.–13.07.,23,27,7,7,12,16,,,,,,,8,
mecklenburg-vorpommern,2021-07-25,0,INSA,Nordkurier,TOM,1098,16.07.–22.07.,20,26,9,7,13,19,,,,,,,6,
mecklenburg-vorpommern,2021-08-15,0,INSA,Nordkurier,TOM,1000,06.08.–12.08.,18,28,8,7,14,17,,,,,,,8,
mecklenburg-vorpommern,2021-08-26,0,Infratest dimap,"NDR, OZ, SVZ",TOM,1153,19.08.–24.08.,15,36,6,8,11,17,,,,,,,7,
mecklenburg-vorpommern,2021-09-09,0,Infratest dimap,"NDR, OZ, SVZ",TOM,1153,02.09.–07.09.,14,39,6,7,10,17,,,,,,,7,
mecklenburg-vorpommern,2021-09-17,0,Forschungsgruppe Wahlen,ZDF,T,1028,13.09.–16.09.,15,38,6,6,11,17,,,,,,,7,
mecklenburg-vorpommern,2021-09-17,0,INSA,Nordkurier,TOM,1064,10.09.–16.09.,12,40,7,6,11,18,,,,,,,6,
mecklenburg-vorpommern,2021-09-17,0,Infratest dimap,ARD,TOM,1533,13.09.–15.09.,15,40,6,5,10,15,,,,,,,9,
mecklenburg-vorpommern,2021-09-23,0,Forschungsgruppe Wahlen,ZDF,T,1015,20.09.–22.09.,14,39,7,5.5,11,16,,,,,,,7.5,
mecklenburg-vorpommern,2021-09-24,0,INSA,Cicero,TOM,1058,20.09.–24.09.,13,40,7,5,11,17,,,,,,,7,
mecklenburg-vorpommern,2021-09-26,1,,,,,,13.3,39.6,6.3,5.8,9.9,16.7,,,,,,,8.4,
mecklenburg-vorpommern,2022-02-14,0,INSA,Nordkurier,TOM,1000,31.01.–07.02.,16,36,6,6,11,17,,,,,,,8,
mecklenburg-vorpommern,2022-03-24,0,Forsa,Ostsee- Zeitung,T,1001,14.03.–18.03.,16,34,7,5,12,16,,,,,,,10,
mecklenburg-vorpommern,2022-04-29,0,INSA,Nordkurier,TOM,1018,25.04.–28.04.,16,35,6,6,11,18,,,,,,,8,
mecklenburg-vorpommern,2022-06-08,0,Infratest dimap,NDR,TOM,1183,01.06.–04.06.,19,30,11,4,9,19,,,,,,,8,
mecklenburg-vorpommern,2022-10-19,0,Infratest dimap,NDR,TOM,1168,13.10.–18.10.,17,28,8,4,11,24,,,,,,,8,
mecklenburg-vorpommern,2023-01-26,0,Forsa,Ostsee- Zeitung,TOM,1004,18.01.–23.01.,18,27,9,4,12,21,,,,,,,9,
mecklenburg-vorpommern,2023-04-14,0,INSA,Nordkurier,TOM,1000,03.04.–11.04.,19,28,6,5,11,25,,,,,,,6,
mecklenburg-vorpommern,2023-07-06,0,INSA,Nordkurier,TOM,1000,26.06.–03.07.,18,27,6,4,10,29,,,,,,,6,
mecklenburg-vorpommern,2023-09-19,0,Infratest dimap,NDR,TOM,1182,13.09.–16.09.,18,23,8,3,8,32,,,,,,,8,
mecklenburg-vorpommern,2024-01-19,0,Forsa,Ostsee- Zeitung,TOM,1002,10.01.–16.01.,18,21,8,3,8,31,5,,,,,,6,
mecklenburg-vorpommern,2024-05-09,0,Infratest dimap,NDR,TOM,1177,02.05.–07.05.,21,21,8,,5,26,10,,,,,,9,
mecklenburg-vorpommern,2024-05-15,0,Forsa,Ostsee- Zeitung,TOM,1005,25.04.–03.05.,19,20,7,3,6,25,14,,,,,,6,
mecklenburg-vorpommern,2024-06-06,0,INSA,Nordkurier,O,1000,27.05.–03.06.,20,23,6,4,5,25,14,,,,,,3,
mecklenburg-vorpommern,2024-09-25,0,INSA,Nordkurier,O,1000,16.09.–23.09.,21,20,5,2,4,25,17,,,,,,6,
mecklenburg-vorpommern,2024-11-03,0,Infratest dimap,NDR,TOM,1153,23.10.–28.10.,19,22,4,,5,28,14,,,,,,8,
mecklenburg-vorpommern,2024-12-04,0,INSA,Nordkurier,O,1000,18.11.–25.11.,19,21,5,2,5,27,16,,,,,,5,
mecklenburg-vorpommern,2025-01-28,0,Infratest dimap,NDR,TOM,1185,20.01.–25.01.,17,22,6,3,7,30,10,,,,,,5,
mecklenburg-vorpommern,2025-02-07,0,Forsa,Ostsee- Zeitung,TOM,1004,28.01.–03.02.,16,21,7,3,8,29,9,,,,,,7,
mecklenburg-vorpommern,2025-04-28,0,INSA,Nordkurier,O,1000,08.04.–15.04.,17,21,5,,15,29,6,,,,,,7,
mecklenburg-vorpommern,2025-09-25,0,Infratest dimap,NDR,TOM,1151,18.09.–23.09.,13,19,5,,12,38,7,,,,,,6,
mecklenburg-vorpommern,2026-01-27,0,Infratest dimap,NDR,TOM,1145,21.01.–24.01.,13,25,4,,12,35,6,,,,,,5,
mecklenburg-vorpommern,2026-02-19,0,Forsa,Ostsee- Zeitung,TOM,1003,09.02.–16.02.,13,23,4,2,11,37,5,,,,,,5,
mecklenburg-vorpommern,2026-03-17,0,INSA,Nordkurier,O,1000,06.03.–16.03.,12,26,5,3,10,34,5,,,,,,5,
mecklenburg-vorpommern,2026-05-13,0,Infratest dimap,NDR,TOM,1153,07.05.–11.05.,10,27,4,,13,36,5,,,,,,5,
mecklenburg-vorpommern,2026-06-22,0,INSA,Nordkurier,O,1000,11.06.–18.06.,10,28,4,3,11,35,6,,,,,,3,
mecklenburg-vorpommern,2026-07-09,0,Infratest dimap,NDR,TOM,1167,02.07.–06.07.,9,29,5,,12,36,4,,,,,,5,
mecklenburg-vorpommern,2026-08-13,0,INSA,Nordkurier,O,1000,04.08.–11.08.,10,29,5,3,11,36,4,,,,,,2,
mecklenburg-vorpommern,2026-09-02,0,Forsa,Ostsee- Zeitung,TOM,1047,21.08.–27.08.,10,28,5,,11,37,4,,,,,,5,
mecklenburg-vorpommern,2026-09-03,0,Infratest dimap,NDR,TOM,1215,26.08.–31.08.,8,32,5,,11,35,4,,,,,,5,
mecklenburg-vorpommern,2026-09-10,0,INSA,Nordkurier,O,1000,01.09.–08.09.,7,33,5,,11,36,4,,,,,,4,
mecklenburg-vorpommern,2026-09-10,0,Infratest dimap,ARD,TOM,1565,07.09.–09.09.,7,33,5,,9,38,4,,,,,,4,
mecklenburg-vorpommern,2026-09-10,0,pollytix,Campact,TOM,1252,08.09.–09.09.,6,30,6,2,12,36,5,,,,,,3,
mecklenburg-vorpommern,2026-09-11,0,Forschungsgruppe Wahlen,ZDF,TSM,1053,07.09.–10.09.,7,34,5,,10,37,4,,,,,,3,
mecklenburg-vorpommern,2026-09-16,0,INSA,BILD,O,1000,08.09.–15.09.,7,35,5,,10,37,3,,,,,,3,
mecklenburg-vorpommern,2026-09-17,0,Forschungsgruppe Wahlen,ZDF,TSM,1395,14.09.–17.09.,6,37,5,,9,36,4,,,,,,3,
mecklenburg-vorpommern,2026-09-20,1,,,,,,4.9,35.5,5.7,1,6.5,38.2,4.8,,,,,,3.3,
niedersachsen,1982-03-21,1,,,,,,50.7,36.5,6.5,5.9,,,,,,,,,0.4,
niedersachsen,1986-06-15,1,,,,,,44.3,42.1,7.1,6,,,,,,,,,0.5,
niedersachsen,1990-05-13,1,,,,,,42,44.2,5.5,6,,,,,,,,,2.3,
niedersachsen,1994-03-13,1,,,,,,36.4,44.3,7.4,4.4,,,,,,,,,7.5,
niedersachsen,1998-03-01,1,,,,,,35.9,47.9,7,4.9,,,,,,,,,4.3,
niedersachsen,1999-10-28,0,Forsa,SPD,T,,,46,41,6,4,,,,,,,,,3,
niedersachsen,1999-10-28,0,Infratest dimap,NDR,T,1000,21.10.–24.10.,46,41,5,4,,,,,,,,,4,
niedersachsen,2001-02-20,0,Forsa,Staatskanzlei,T,,,35,48,7,5,,,,,,,,,5,
niedersachsen,2001-06-22,0,Forsa,Staatskanzlei,T,,,37,46,7,5,,,,,,,,,5,
niedersachsen,2001-08-31,0,Infratest dimap,NDR,T,,,36,44,6,9,,,,,,,,,5,
niedersachsen,2002-03-01,0,Emnid,Hit-Radio Antenne,T,1000,21.02.–27.02.,43,37,7,8,2,,,,,,,,3,
niedersachsen,2002-03-01,0,Forsa,SPD,T,1327,11.02.–27.02.,39,43,6,5,,,,,,,,,7,
niedersachsen,2002-04-17,0,Forsa,SPD,T,,,41,43,6,4,,,,,,,,,6,
niedersachsen,2002-05-31,0,Emnid,Hit-Radio Antenne,T,,,39,37,6,12,,,,,,,,,6,
niedersachsen,2002-06-14,0,Infratest dimap,NDR,T,1000,,35,45,6,11,,,,,,,,,3,
niedersachsen,2002-09-06,0,Emnid,Hit-Radio Antenne,T,1000,30.08.–04.09.,38,42,7,8,,,,,,,,,5,
niedersachsen,2002-09-23,0,Forsa,SPD,T,220902,,36.5,47,7.5,4.5,,,,,,,,,4.5,
niedersachsen,2002-11-22,0,Emnid,CDU,T,1003,14.11.–20.11.,43,34,12,6,,,,,,,,,5,
niedersachsen,2002-12-06,0,Infratest dimap,NDR,T,1000,02.12.–04.12.,45,40,7,5,,,,,,,,,3,
niedersachsen,2003-01-07,0,Forsa,Stern,T,1122,27.12.–03.01.,46,36,10,5,,,,,,,,,3,
niedersachsen,2003-01-10,0,Forschungsgruppe Wahlen,ZDF,T,1044,06.01.–09.01.,45,37,8,6,,,,,,,,,4,
niedersachsen,2003-01-15,0,Forsa,Stern,T,1027,06.01.–10.01.,46,37,9,5,,,,,,,,,3,
niedersachsen,2003-01-15,0,Infratest dimap,NDR,T,1000,09.01.–13.01.,46,37,8,6,,,,,,,,,3,
niedersachsen,2003-01-22,0,Forsa,Stern,1008 13.01.–18.01.,,,48,36,8,5,,,,,,,,,3,
niedersachsen,2003-01-22,0,Infratest dimap,NDR,T,1000,16.01.–20.01.,48,36,7,5,,,,,,,,,4,
niedersachsen,2003-01-23,0,Emnid,n-tv,T,,,46,37,9,5,,,,,,,,,3,
niedersachsen,2003-01-29,0,Forsa,Stern,T,1103,20.01.–24.01.,48,35,8,6,,,,,,,,,3,
niedersachsen,2003-01-31,0,Forsa,RTL,T,1014,27.01.–30.01.,48,33,8,7,,,,,,,,,4,
niedersachsen,2003-02-02,1,,,,,,48.3,33.4,7.6,8.1,0.5,,,,,,,,1,Schill=1
niedersachsen,2003-06-10,0,Emnid,CDU,T,1000275315,,48,31,10,8,1,,,,,,,,1,Schill=1
niedersachsen,2004-01-25,0,GMS,Staatskanzlei,T,1000,28.11.–01.12.,48.5,30.5,9,8.5,,,,,,,,,3.5,
niedersachsen,2004-02-03,0,Infratest dimap,NDR,T,1000,26.01.–31.01.,51,29,8,8,,,,,,,,,4,
niedersachsen,2005-02-28,0,Emnid,CDU,T,,,44,34,10,7,,,,,,,,,5,
niedersachsen,2005-03-01,0,Forsa,SPD,T,1000,07.02.–12.02.,43,37,10,7,,,,,,,,,3,
niedersachsen,2006-02-24,0,Infratest dimap,NDR,T,1000,17.02.–22.02.,42,37,7,8,4,,,,,,,,2,
niedersachsen,2006-06-08,0,Forsa,n-tv,T,1039,17.05.–06.06.,42,36,8,8,3,,,,,,,,3,
niedersachsen,2006-08-03,0,Forsa,"Neue Presse, n-tv",T,1086,17.07.–01.08.,46,31,8,9,3,,,,,,,,3,
niedersachsen,2006-08-30,0,Infratest dimap,NDR,T,1000,23.08.–27.08.,40,36,9,8,4,,,,,,,,3,
niedersachsen,2006-10-19,0,Forsa,n-tv,T,1054,25.09.–17.10.,44,30,9,10,4,,,,,,,,3,
niedersachsen,2006-11-16,0,Forsa,n-tv,T,1080,02.11.–14.11.,45,29,8,10,4,,,,,,,,4,
niedersachsen,2007-01-26,0,Infratest dimap,NDR,T,1000,19.01.–24.01.,43,34,10,8,2,,,,,,,,3,
niedersachsen,2007-02-15,0,Forsa,n-tv,T,1193,29.01.–13.02.,46,29,9,9,3,,,,,,,,4,
niedersachsen,2007-05-21,0,Infratest,SPD-LV,T,1000,03.05.–06.05.,41,36,8,8,4,,,,,,,,3,
niedersachsen,2007-05-31,0,Forsa,n-tv,T,1047,14.05.–29.05.,46,29,9,8,4,,,,,,,,4,
niedersachsen,2007-08-16,0,Forsa,n-tv,T,1160,01.08.–14.08.,47,29,9,7,4,,,,,,,,4,
niedersachsen,2007-09-06,0,Infratest dimap,ARD,T,1000,03.09.–05.09.,44,34,9,7,3,,,,,,,,3,
niedersachsen,2007-10-18,0,Emnid,CDU in Niedersachsen,T,1000,02.10.–06.10.,45,31,10,7,4,,,,,,1,,2,
niedersachsen,2007-10-23,0,Infratest dimap,Cicero,T,1001,05.10.–10.10.,45,33,8,6,5,,,,,,,,3,
niedersachsen,2007-11-07,0,Infratest dimap,NDR,T,1000,02.11.–05.11.,44,33,9,7,4,,,,,,,,3,
niedersachsen,2007-12-07,0,Forschungsgruppe Wahlen,ZDF,T,1056,04.12.–06.12.,44,34,7,7,4,,,,,,,,4,
niedersachsen,2007-12-29,0,AMR Düsseldorf,Der Spiegel,T,1000,,44,34,8,7,4,,,,,,,,3,
niedersachsen,2008-01-05,0,Emnid,Bild am Sonntag,T,800,10.12.–02.01.,45,32,9,8,4,,,,,,,,2,
niedersachsen,2008-01-07,0,Infratest dimap,NDR,T,1000,02.01.–04.01.,45,33,8,7,3,,,,,,,,4,
niedersachsen,2008-01-17,0,Infratest dimap,ARD,T,1000,14.01.–16.01.,44,34,7,7,5,,,,,,,,3,
niedersachsen,2008-01-18,0,Forschungsgruppe Wahlen,ZDF,T,1100,14.01.–17.01.,46,33,7,7,5,,,,,,,,2,
niedersachsen,2008-01-27,1,,,,,,42.5,30.3,8,8.2,7.1,,,,,,1.5,,2.4,
niedersachsen,2010-01-15,0,Infratest dimap,NDR,T,1000,07.01.–11.01.,41,29,11,9,6,,,,,,,,4,
niedersachsen,2011-05-06,0,Infratest dimap,NDR,T,1000,02.05.–04.05.,34,31,22,5,5,,,,1,,,,2,
niedersachsen,2012-01-25,0,Infratest dimap,NDR,T,1001,20.01.–24.01.,36,32,17,3,5,,,,4,,,,3,
niedersachsen,2012-05-16,0,GMS,CDU in Niedersachsen,T,1005,16.04.–19.04.,37,33,13,3,3,,,,9,,,,2,
niedersachsen,2012-05-16,0,Infratest dimap,NDR,T,1005,14.05.–15.05.,32,36,13,4,3,,,,8,,,,4,
niedersachsen,2012-07-19,0,YouGov,"BILD, radio ffn",O,1025,05.07.–13.07.,31,35,14,4,5,,,,7,,,,4,
niedersachsen,2012-07-24,0,Forsa,Stern,T,1108,11.07.–20.07.,38,33,11,4,4,,,,7,,,,3,
niedersachsen,2012-09-20,0,GMS,CDU in Niedersachsen,T,1002,10.09.–14.09.,38,33,13,5,5,,,,3,,,,3,
niedersachsen,2012-09-20,0,Infratest dimap,NDR,T,1003,17.09.–19.09.,37,33,15,3,4,,,,4,,,,4,
niedersachsen,2012-11-08,0,Infratest dimap,NDR,T,1003,02.11.–06.11.,41,34,13,3,3,,,,3,,,,3,
niedersachsen,2012-12-04,0,GMS,CDU in Niedersachsen,T,1006,28.11.–30.11.,41,32,13,4,3,,,,4,,,,3,
niedersachsen,2012-12-06,0,Forschungsgruppe Wahlen,ZDF,T,1043,03.12.–05.12.,39,32,13,4,4,,,,4,,,,4,
niedersachsen,2012-12-06,0,Infratest dimap,NDR,T,1000,30.11.–04.12.,40,33,15,3,3,,,,3,,,,3,
niedersachsen,2012-12-22,0,INFO GmbH,Focus,T,1001,07.12.–14.12.,38.5,33,12.5,3.5,4,,,,4.5,,,,4,
niedersachsen,2013-01-03,0,Infratest dimap,NDR,T,1000,28.12.–02.01.,40,34,13,4,3,,,,3,,,,3,
niedersachsen,2013-01-10,0,Forschungsgruppe Wahlen,ZDF,T,1040,07.01.–09.01.,39,33,13,5,3,,,,3,,,,4,
niedersachsen,2013-01-10,0,GMS,CDU in Niedersachsen,T,1007,07.01.–09.01.,41,33,13,5,3,,,,3,,,,2,
niedersachsen,2013-01-10,0,Infratest dimap,ARD,T,1001,08.01.–10.01.,40,33,13,5,3,,,,3,,,,3,
niedersachsen,2013-01-12,0,INFO GmbH,Focus,T,1002,02.01.–06.01.,38,31.5,14.5,4.5,6,,,,3,,,,2.5,
niedersachsen,2013-01-17,0,GMS,Sat.1 Norddeutschland,T,1006,14.01.–16.01.,41,33,13,5,3,,,,3,,,,2,
niedersachsen,2013-01-20,1,,,,,,36,32.6,13.7,9.9,3.1,,,1.1,2.1,,,,1.4,
niedersachsen,2014-01-20,0,Infratest dimap,NDR,T,1000,14.01.–16.01.,40,32,13,4,5,3,,,,,,,3,
niedersachsen,2015-01-24,0,GMS,GMS,T,1012,08.01.–13.01.,41,30,14,3,4,4,,,,,,,4,
niedersachsen,2015-07-03,0,Infratest dimap,NDR,T,1000,26.06.–01.07.,40,31,14,5,5,2,,,,,,,3,
niedersachsen,2015-09-07,0,INSA,BILD,T,1000,21.08.–02.09.,37,29,14,6,6,3,,,,,,,5,
niedersachsen,2015-11-28,0,Forsa,SPD-LV,T,1002,23.10.–20.11.,35,33,14,6,4,4,,,,,,,4,
niedersachsen,2016-10-19,0,INSA,BILD,T,1000,06.10.–14.10.,33,31,12,8,5,7,,,,,,,4,
niedersachsen,2017-01-11,0,Forsa,SPD-LV,T,1000,22.12.–09.01.,34,32,12,6,4,7,,,,,,,5,
niedersachsen,2017-01-20,0,Infratest dimap,NDR,T,1002,13.01.–18.01.,35,31,14,6,4,8,,,,,,,2,
niedersachsen,2017-05-06,0,Forsa,SPD-LV,T,1001,18.04.–28.04.,35,36,8,6,4,6,,,,,,,5,
niedersachsen,2017-05-27,0,INSA,BILD,T,1000,18.05.–23.05.,41,27,8,9,5,6,,,,,,,4,
niedersachsen,2017-08-09,0,INSA,BILD,O,10000908,,40,28,9,9,5,7,,,,,,,2,
niedersachsen,2017-08-10,0,Infratest dimap,NDR,T,1003,08.08.–09.08.,40,32,9,7,3,6,,,,,,,3,
niedersachsen,2017-08-30,0,dimap,CDU in Niedersachsen,T,1003,18.08.–26.08.,39,31,8,8,4,8,,,,,,,2,
niedersachsen,2017-09-07,0,Infratest dimap,NDR,T,1001,30.08.–05.09.,37,32,10,6,5,7,,,,,,,3,
niedersachsen,2017-09-28,0,Infratest dimap,NDR,T,1004,26.09.–27.09.,35,34,9,8,5,6,,,,,,,3,
niedersachsen,2017-10-05,0,Forschungsgruppe Wahlen,ZDF,T,1083,02.10.–05.10.,33,33,9,10,5,7,,,,,,,3,
niedersachsen,2017-10-05,0,Infratest dimap,ARD,T,1002,02.10.–04.10.,34,34,8.5,8,4.5,8,,,,,,,3,
niedersachsen,2017-10-09,0,INSA,BILD,T,1005,04.10.–06.10.,32,33,10,10,5,7,,,,,,,3,
niedersachsen,2017-10-12,0,Forschungsgruppe Wahlen,ZDF,T,1001,10.10.–11.10.,33,34.5,9,9,5,7,,,,,,,2.5,
niedersachsen,2017-10-15,1,,,,,,33.6,36.9,8.7,7.5,4.6,6.2,,,,,,,2.4,
niedersachsen,2018-02-25,0,Forsa,RTL/n-tv,T,1004,08.02.–22.02.,33,33,10,8,6,6,,,,,,,4,
niedersachsen,2018-11-21,0,INSA,BILD,TOM,1053,07.11.–13.11.,27,26,17,10,5,12,,,,,,,3,
niedersachsen,2018-11-22,0,Infratest dimap,NDR,T,1006,15.11.–20.11.,28,26,24,6,4,9,,,,,,,3,
niedersachsen,2019-02-11,0,Forsa,RTL/n-tv,T,1010,01.02.–08.02.,30,28,17,7,5,8,,,,,,,5,
niedersachsen,2020-06-04,0,Forsa,SPD-LV,T,1002,19.05.–28.05.,32,30,16,5,6,5,,,,,,,6,
niedersachsen,2020-10-15,0,Infratest dimap,NDR,T,1004,06.10.–12.10.,35,27,20,4,5,6,,,,,,,3,
niedersachsen,2020-11-08,0,INSA,BILD,TOM,1002,26.10.–02.11.,34,27,18,6,5,6,,,,,,,4,
niedersachsen,2021-03-11,0,Allensbach,Drei-Quellen- Mediengruppe,F,950,03.02.–03.03.,33,27,20,5,5,6,,,,,,,4,
niedersachsen,2021-03-30,0,INSA,BILD,O,1052,22.03.–29.03.,26,30,18,9,4,7,,,,,,,6,
niedersachsen,2021-05-11,0,INSA,BILD,O,1000,03.05.–10.05.,26,29,20,9,5,7,,,,,,,4,
niedersachsen,2021-10-20,0,Allensbach,Drei-Quellen- Mediengruppe,F,1100,06.09.–01.10.,26,34,15,10,4,7,,,,,,,4,
niedersachsen,2021-10-21,0,INSA,BILD,O,1000,12.10.–18.10.,19,39,13,12,5,7,,,,,,,5,
niedersachsen,2021-11-19,0,Infratest dimap,NDR,TOM,1160,11.11.–16.11.,23,36,16,10,3,7,,,,,,,5,
niedersachsen,2022-02-23,0,INSA,BILD,O,1000,14.02.–21.02.,26,34,14,11,4,7,,,,,,,4,
niedersachsen,2022-03-30,0,Forsa,NI-Tages- zeitungen,O,2010,15.03.–22.03,25,34,17,8,3,7,,,,,,,6,
niedersachsen,2022-05-03,0,Forsa,NI-Tages- zeitungen,O,2012,19.04.–26.04,26,33,19,7,3,6,,,,,,,6,
niedersachsen,2022-06-21,0,INSA,BILD,O,1000,13.06.–20.06.,29,31,17,8,4,6,,,,,,,5,
niedersachsen,2022-06-29,0,Forsa,NI-Tages- zeitungen,O,2009,14.06.–22.06.,26,30,22,6,3,7,,,,,,,6,
niedersachsen,2022-07-06,0,Infratest dimap,NDR,TOM,1154,29.06.–04.07.,27,30,22,7,3,6,,,,,,,5,
niedersachsen,2022-08-30,0,Forsa,NI-Tages- zeitungen,O,2000,16.08.–23.08.,26,29,22,6,3,8,,,,,,,6,
niedersachsen,2022-08-31,0,Infratest dimap,NDR,TOM,1169,24.08.–29.08.,27,31,19,6,4,7,,,,,,,6,
niedersachsen,2022-09-03,0,INSA,BamS,O,1000,31.08.–02.09.,28,31,19,7,4,7,,,,,,,4,
niedersachsen,2022-09-22,0,Infratest dimap,NDR,TOM,1156,15.09.–20.09.,28,32,17,5,4,9,,,,,,,5,
niedersachsen,2022-09-28,0,Forsa,NI-Tages- zeitungen,O,2018,15.09.–21.09.,27,31,19,5,3,9,,,,,,,6,
niedersachsen,2022-09-29,0,Infratest dimap,ARD,TOM,1529,26.09.–28.09.,30,32,16,5,3,9,,,,,,,5,
niedersachsen,2022-09-30,0,Forschungsgruppe Wahlen,ZDF,T,1023,26.09.–29.09.,27,32,16,5,4,11,,,,,,,5,
niedersachsen,2022-10-04,0,INSA,BILD,O,1000,29.09.–04.10.,28,31,16,5,4,11,,,,,,,5,
niedersachsen,2022-10-06,0,Forschungsgruppe Wahlen,ZDF,T,1046,05.10.–06.10.,28,33,16,5,3.5,10,,,,,,,4.5,
niedersachsen,2022-10-08,0,Forsa,NI-Tages- zeitungen,TOM,1004,01.10.–05.10.,27,33,17,5,3,9,,,,,,,6,
niedersachsen,2022-10-09,1,,,,,,28.1,33.4,14.5,4.7,2.7,11,,,,,,,5.6,
niedersachsen,2023-02-16,0,Forsa,NI-Tages- zeitungen,O,2007,01.02.–08.02.,26,33,17,5,3,10,,,,,,,6,
niedersachsen,2023-07-12,0,Allensbach,Drei-Quellen- Mediengruppe,F,1101,15.05.–30.06.,29,32,13,5,3,14,,,,,,,4,
niedersachsen,2023-10-19,0,INSA,BILD,O,1000,09.10.–16.10.,29,27,13,4,3,17,,,,,,,7,
niedersachsen,2023-11-14,0,Infratest dimap,NDR,TOM,1178,06.11.–11.11.,28,26,13,5,,18,,,,,,,10,
niedersachsen,2024-02-05,0,Allensbach,Drei-Quellen- Mediengruppe,F,1070,19.12.–12.01.,30,29,11,4,2,21,,,,,,,3,
niedersachsen,2024-11-08,0,Infratest dimap,NDR,TOM,1159,31.10.–06.11.,32,25,12,,,15,4,,,,,,,Son=12
niedersachsen,2024-11-12,0,INSA,BILD,O,1000,04.11.–11.11.,31,26,10,4,2,16,6,,,,,,,Son=5
niedersachsen,2024-12-05,0,Allensbach,Drei-Quellen- Mediengruppe,F,1007,11.11.–29.11.,33,27,10,4,,16,4,4,,,,,,Son=2
niedersachsen,2025-02-19,0,INSA,BILD,O,1000,10.02.–17.02.,30,25,10,5,5,16,5,,,,,,,Son=4
niedersachsen,2025-11-19,0,Infratest dimap,NDR,TOM,1156,12.11.–17.11.,26,26,12,3,6,20,3,,,,,,,Son=4
niedersachsen,2026-02-25,0,Allensbach,Drei-Quellen- Mediengruppe,FOM,1064,12.01.–29.01.,27,26,10,3,7,21,,,,,,,6,
niedersachsen,2026-04-22,0,INSA,BILD,O,1000,14.04.–21.04.,25,25,12,4,7,20,3,,,,,,,Son=4
niedersachsen,2026-09-11,0,INSA,BILD,O,1000,01.09.–08.09.,22,26,15,5,6,21,3,,,,,,,Son=2
nrw,1995-05-14,1,,,,,,37.7,46,10,4,,,,,,,,,2.3,
nrw,1998-05-28,0,Psephos,,T,,,33,50,9,4,,,,,,,,,4,
nrw,1998-09-03,0,Psephos,,T,,,34,51,8,4,,,,,,,,,3,
nrw,1999-03-23,0,Psephos,,T,,,40,44,8,5,,,,,,,,,3,
nrw,1999-06-03,0,Forsa,,T,,,41,44,6,4,,,,,,,,,5,
nrw,1999-09-06,0,Emnid,,T,,,43,42,6,4,,,,,,,,,5,
nrw,1999-12-09,0,Forsa,,T,,,46,39,7,4,,,,,,,,,4,
nrw,2000-01-16,0,Infratest dimap,,T,,,37,45,7,6,,,,,,,,,5,
nrw,2000-03-05,0,Infratest dimap,,T,,,32,47,7,9,,,,,,,,,5,
nrw,2000-04-08,0,Forschungsgruppe Wahlen,,T,1004,03.04.–06.04.,38,46,6,6,,,,,,,,,4,
nrw,2000-04-12,0,Infratest dimap,,T,,,33,46,7,8,,,,,,,,,6,
nrw,2000-04-19,0,Forsa,,T,,,38,46,6,6,,,,,,,,,4,
nrw,2000-04-26,0,Emnid,,T,,,40,41,7,7,,,,,,,,,5,
nrw,2000-05-05,0,Infratest dimap,,T,,,39,45,6,6,,,,,,,,,4,
nrw,2000-05-08,0,Infratest dimap,,T,,,38,45,7,7,,,,,,,,,3,
nrw,2000-05-14,1,,,,,,37,42.8,7.1,9.8,1.1,,,,,,,,1.1,REP=1.1
nrw,2001-01-14,0,Psephos,,T,,,38,41,8,9,,,,,,,,,4,
nrw,2001-05-13,0,Psephos,,T,,,35,44,7,11,,,,,,,,,3,
nrw,2001-09-30,0,Psephos,,T,,,38,43,6,10,,,,,,,,,3,
nrw,2002-01-20,0,Psephos,,T,,,41,39,6,10,,,,,,,,,4,
nrw,2002-04-15,0,Psephos,,T,,,38,36,8,12,,,,,,,,,6,
nrw,2002-11-10,0,Psephos,,T,,,43,39,7,8,,,,,,,,,3,
nrw,2003-01-20,0,Emnid,,T,1000,09.01.–14.01.,45,36,9,6,,,,,,,,,4,
nrw,2003-02-09,0,Psephos,,T,1005,,46,33,10,8,,,,,,,,,3,
nrw,2003-03-25,0,dimap,,T,1000,11.03.–14.03.,48,33,10,6,,,,,,,,,3,
nrw,2003-04-24,0,Forschungsgruppe Wahlen,,T,,,49,29,12,5,,,,,,,,,5,
nrw,2003-05-19,0,dimap,,T,1005,,48,32,9,7,,,,,,,,,4,
nrw,2003-05-28,0,Infratest dimap,,T,1000,26.05.–27.05.,45,33,11,8,,,,,,,,,3,
nrw,2003-06-03,0,Forsa,,T,1508,26.05.–30.05.,45,37,9,6,,,,,,,,,3,
nrw,2003-06-13,0,Emnid,,T,,,45,36,10,6,,,,,,,,,3,
nrw,2003-07-02,0,Infratest dimap,,T,10000107,,47,33,10,7,,,,,,,,,3,
nrw,2003-10-08,0,dimap,,T,1050,30.09.–02.10.,47,34,10,6,,,,,,,,,3,
nrw,2003-11-02,0,Psephos,,T,,,47,31,10,7,,,,,,,,,5,
nrw,2004-01-19,0,dimap,,T,,,48,33,8,7,,,,,,,,,4,
nrw,2004-02-01,0,dimap,,T,1001,20.01.–25.01.,48,32,9,8,,,,,,,,,3,
nrw,2004-03-12,0,dimap,,T,1007,02.03.–08.03.,48,32,10,6,,,,,,,,,4,
nrw,2004-04-18,0,Psephos,,T,1003,,47,34,8,7,,,,,,,,,4,
nrw,2004-06-06,0,Psephos,,T,100031050406,,47,33,10,6,,,,,,,,,4,
nrw,2004-08-13,0,Emnid,,T,10000908,,44,28,12,8,,,,,,,,,8,
nrw,2004-08-29,0,Infratest dimap,,T,1000,24.08.–26.08.,42,32,12,7,3,,,,,,,,4,
nrw,2004-09-12,0,Emnid,,T,1000,08.09.–09.09.,43,30,11,7,,,,,,,,,9,
nrw,2004-09-19,0,Infratest dimap,,T,1000,13.09.–15.09.,43,30,13,7,,,,,,,,,4,Rechte=3
nrw,2004-11-05,0,Infratest dimap,,T,1075,29.10.–04.11.,40,36,11,8,,,,,,,,,5,
nrw,2004-12-02,0,Forsa,,T,,,39,36,11,8,,,,,,,,,6,
nrw,2004-12-03,0,Emnid,,T,100049,,40,33,13,8,,,,,,,,,6,
nrw,2005-01-09,0,Infratest dimap,,T,1010,04.01.–06.01.,40,38,10,7,,,,,,,,,5,
nrw,2005-01-13,0,Forsa,,T,1302,10.12.–12.01.,39,39,9,7,,,,,,,,,6,
nrw,2005-02-13,0,Infratest dimap,,T,1000,09.02.–10.02.,39,37,9,7,,,,,,,,,5,Rechte=3
nrw,2005-03-02,0,Forsa,,T,1012,21.02.–01.03.,42,36,9,7,,,,,,,,,6,
nrw,2005-03-04,0,Infratest dimap,,T,1000,01.03.–03.03.,43,35,9,7,,,,,,,,,4,Rechte=2
nrw,2005-03-18,0,Emnid,,T,1058,02.03.–14.03.,43,35,10,7,,,,,,,,,5,
nrw,2005-03-20,0,Infratest dimap,,T,1000,15.03.–17.03.,42,35,10,7,,,,,,,,,2,Rechte=2
nrw,2005-04-06,0,Forsa,,T,1009,30.03.–05.04.,45,36,8,6,,,,,,,,,5,
nrw,2005-04-07,0,Emnid,,T,1063,24.03.–02.04.,45,35,9,7,,,,,,,,,4,
nrw,2005-04-07,0,Infratest dimap,,T,1000,04.04.–05.04.,45,34,9,7,,,,,,,,,5,
nrw,2005-04-08,0,Forschungsgruppe Wahlen,,T,1039,05.04.–07.04.,46,36,8,6,,,,,,,,,4,
nrw,2005-04-17,0,Infratest dimap,,T,1000,12.04.–14.04.,45,35,8,7,,,,,,,,,5,
nrw,2005-04-22,0,Emnid,,T,1053,29.03.–18.04.,45,35,9,6,,,,,,,,,5,
nrw,2005-04-27,0,Emnid,,T,10002604,,45,34,10,6,,,,,,,,,5,
nrw,2005-05-01,0,Forsa,,T,1109,25.04.–29.04.,45,35,7,7,,,,,,,2,,2,
nrw,2005-05-01,0,Infratest dimap,,T,1000,26.04.–28.04.,45,34,9,7,,,,,,,,,5,
nrw,2005-05-03,0,Emnid,,T,,,44,34,9,7,,,,,,,,,4,
nrw,2005-05-04,0,Infratest dimap,,T,1010,02.05.–03.05.,45,35,8,7,,,,,,,,,5,
nrw,2005-05-11,0,Forsa,,T,1017,26.04.–06.05.,45,34,7,7,,,,,,,3,,1,
nrw,2005-05-12,0,Infratest dimap,,T,1000,10.05.–11.05.,43,37,8,7,,,,,,,,,3,
nrw,2005-05-13,0,Forschungsgruppe Wahlen,,T,1062,09.05.–12.05.,44,35,9,7,,,,,,,,,5,
nrw,2005-05-13,0,Infas,,T,750,10.05.–12.05.,43,36,7,8,,,,,,,,,6,
nrw,2005-05-15,0,Infratest dimap,,T,1000,12.05.–13.05.,43,37,7.5,7.5,,,,,,,,,5,
nrw,2005-05-19,0,Forsa,,T,13261805,,43,36,7,7,,,,,,,,,7,
nrw,2005-05-22,1,,,,,,44.8,37.1,6.2,6.2,,,,,,,,,2.6,
nrw,2005-08-21,0,Infratest dimap,,T,1000,16.08.–18.08.,45,34,7,6,5,,,,,,,,3,
nrw,2005-12-18,0,Infratest dimap,,T,1000,13.12.–15.12.,42,36,8,7,4,,,,,,,,3,
nrw,2006-05-15,0,Emnid,,T,1002,08.05.–12.05.,40,35,7,8,4,,,,,,,,6,
nrw,2006-05-18,0,Forsa,,T,1001,08.05.–16.05.,41,33,8,9,5,,,,,,,,4,
nrw,2006-05-21,0,Infratest dimap,,T,1000,16.05.–18.05.,43,34,6,10,4,,,,,,,,3,
nrw,2006-05-22,0,GMS,,T,1001,12.05.–14.05.,42,38,7,7,3,,,,,,,,3,
nrw,2006-07-19,0,Forsa,,T,1055,10.07.–18.07.,43,32,7,10,5,,,,,,,,3,
nrw,2006-08-13,0,Infratest dimap,,T,1000,08.08.–10.08,39,35,9,10,4,,,,,,,,3,
nrw,2006-08-14,0,Emnid,,T,1000,11.08.–12.08.,40,34,9,9,3,,,,,,,,5,
nrw,2006-10-27,0,Forsa,,T,1932,,41,31,8,11,5,,,,,,,,4,
nrw,2007-01-14,0,Infratest dimap,,T,1000,09.01.–11.01,38,36,9,9,4,,,,,,,,4,
nrw,2007-01-18,0,Emnid,,T,1000,04.01.–16.01.,39,33,11,12,3,,,,,,,,2,
nrw,2007-03-08,0,Emnid,,T,1000,02.03.–05.03.,38,33,12,11,,,,,,,,,6,
nrw,2007-05-02,0,Emnid,,T,1000,23.04.–28.04.,39,32,11,12,,,,,,,,,6,
nrw,2007-08-05,0,Infratest dimap,,T,1000,31.07.–02.08.,38,35,9,9,6,,,,,,,,3,
nrw,2007-08-06,0,Emnid,,T,1000,31.07.–04.08.,38,31,9,11,8,,,,,,,,3,
nrw,2007-09-13,0,Forsa,,T,1157,30.08.–11.09.,44,29,8,8,6,,,,,,,,5,
nrw,2007-11-07,0,Forsa,,T,1418,22.10.–05.11.,45,31,7,7,6,,,,,,,,4,
nrw,2007-11-10,0,Emnid,,T,1000,02.11.–08.11.,40,33,8,9,7,,,,,,,,3,
nrw,2007-11-11,0,Infratest dimap,,T,1000,06.11.–08.11.,40,34,8,9,6,,,,,,,,3,
nrw,2008-02-02,0,Emnid,,T,,,39,35,8,9,6,,,,,,,,3,
nrw,2008-02-06,0,Forsa,,T,1014,28.01.–05.02.,42,33,6,8,7,,,,,,,,4,
nrw,2008-02-29,0,Emnid,,T,1000,25.02.–28.02.,41,32,8,8,8,,,,,,,,,
nrw,2008-03-30,0,Infratest dimap,,T,1000,25.03.–27.03.,41,31,10,9,6,,,,,,,,3,
nrw,2008-04-03,0,Forsa,,T,1386,17.03.–28.03.,43,29,8,8,8,,,,,,,,4,
nrw,2008-05-21,0,Forsa,,T,1216,05.05.–16.05.,42,29,9,9,7,,,,,,,,4,
nrw,2008-06-12,0,Forsa,,T,1054,26.05.–06.06.,44,27,8,9,8,,,,,,,,4,
nrw,2008-08-14,0,Forsa,,T,867,21.07.–30.07.,42,30,8,10,6,,,,,,,,4,
nrw,2008-08-14,0,Forsa,,T,970,31.07.–12.08.,44,27,8,10,7,,,,,,,,4,
nrw,2008-10-08,0,Forsa,,T,1017,24.09.–02.10.,41,30,8,10,7,,,,,,,,4,
nrw,2008-10-12,0,Infratest dimap,,T,1000,08.10.–09.10.,37,30,10,12,9,,,,,,,,2,
nrw,2009-01-29,0,Emnid,,T,,,38,30,9,12,9,,,,,,,,,
nrw,2009-02-04,0,Forsa,,T,1078,19.01.–30.01.,42,26,9,13,6,,,,,,,,4,
nrw,2009-03-01,0,Infratest dimap,,T,1000,24.02.–26.02.,40,28,10,12,7,,,,,,,,3,
nrw,2009-05-06,0,Forsa,,T,1283,13.04.–30.04.,42,30,8,11,5,,,,,,,,4,
nrw,2009-06-14,0,Infratest dimap,,T,1000,10.06.–11.06.,38,27,12,14,6,,,,,,,,3,
nrw,2009-08-12,0,GMS,,T,1002,21.07.–28.07.,39,29,9,12,5,,,,,,,,6,
nrw,2009-11-18,0,Forsa,,T,1022,02.11.–13.11.,41,31,9,9,6,,,,,,,,4,
nrw,2009-11-22,0,Infratest dimap,,T,1000,17.11.–19.11.,36,30,11,10,8,,,,,,,,5,
nrw,2010-01-19,0,Forsa,,T,1121,04.01.–15.01.,42,31,11,6,5,,,,,,,,5,
nrw,2010-01-22,0,Infratest dimap,,T,1000,19.01.–21.01.,36,32,12,9,6,,,,,,,,5,
nrw,2010-02-03,0,Forsa,,T,1047,20.01.–29.01.,41,32,11,6,5,,,,,,,,5,
nrw,2010-02-25,0,GMS,,T,1003,18.02.–20.02.,39,31,12,7,6,,,,,,,,5,
nrw,2010-03-03,0,Forsa,,T,1016,22.02.–26.02.,38,34,11,6,6,,,,,,,,5,
nrw,2010-03-04,0,Infratest dimap,,T,1000,01.03.–03.03.,35,33,13,10,6,,,,,,,,3,
nrw,2010-03-12,0,Emnid,,T,1000,05.03.–11.03.,37,33,12,8,7,,,,,,,,3,
nrw,2010-03-19,0,Forschungsgruppe Wahlen,,T,1091,15.03.–17.03.,37,33,12,8,6,,,,,,,,4,
nrw,2010-03-24,0,Emnid,,T,996,18.03.–22.03.,38,32,11,8,7,,,,,,,,4,
nrw,2010-04-04,0,Emnid,,T,1047,15.03.–31.03.,38,32,12,8,7,,,,,,,,3,
nrw,2010-04-09,0,GMS,,T,1002,05.04.–06.04.,39,32,12,7,6,,,,,,,,4,
nrw,2010-04-11,0,Infratest dimap,,T,1000,07.04.–10.04.,38,34,12,7,6,,,,,,,,3,
nrw,2010-04-14,0,Forsa,,T,1003,06.04.–09.04.,39,34,11,6,5,,,,,,,,5,
nrw,2010-04-21,0,Forsa,,T,1009,12.04.–17.04.,38,34,9,8,6,,,,,,,,5,
nrw,2010-04-23,0,OmniQuest,,T,1000,19.04.–22.04.,37.5,36.8,12.8,5.1,4.8,,,,,,,,2.9,
nrw,2010-04-24,0,Emnid,,T,1038,12.04.–20.04.,38,34,11,8,6,,,,,,,,3,
nrw,2010-04-28,0,Forsa,,T,1004,19.04.–23.04.,39,33,10,7,6,,,,,,,,5,
nrw,2010-04-29,0,Infratest dimap,,T,1000,27.04.–29.04.,37.5,33,12,7.5,5.5,,,,,,,,4.5,
nrw,2010-04-30,0,Forschungsgruppe Wahlen,,T,1080,27.04.–29.04.,35,33.5,11,8.5,6,,,,3,,,,3,
nrw,2010-05-02,0,Emnid,,T,1033,21.04.–29.04.,38,33,11,8,6,,,,,,,,4,
nrw,2010-05-05,0,GMS,,T,1001,03.05.–04.05.,37,33,12,7,6,,,,,,,,5,
nrw,2010-05-06,0,Emnid,,T,1000,28.04.–05.05.,37,33,12,8,5,,,,,,,,5,
nrw,2010-05-06,0,Forsa,,T,1005,03.05.–05.05.,37,37,10,6,5,,,,,,,,5,
nrw,2010-05-07,0,YouGov,,O,1007,30.04.–06.05.,35,35.5,10.5,7,7,,,,,,,,5,
nrw,2010-05-09,1,,,,,,34.6,34.5,12.1,6.7,5.6,,,,1.6,,,,3.5,pro NRW=1.4
nrw,2010-05-27,0,Emnid,Rheinische Post,T,1001,17.05.–26.05.,34,35,12,6,7,,,,,,,,6,
nrw,2010-06-25,0,Emnid,N24,T,,,35,36,12,6,7,,,,,,,,4,
nrw,2010-07-11,0,Infratest dimap,WDR,T,1001,06.07.–08.07.,32,36,17,5,6,,,,,,,,4,
nrw,2010-10-20,0,Forsa,stern,T,1002,11.10.–15.10.,31,35,19,3,5,,,,,,,,7,
nrw,2010-12-19,0,Infratest dimap,WDR,T,1000,16.12.–18.12.,32,36,18,4,5,,,,,,,,5,
nrw,2011-01-25,0,YouGov,BILD,O,1029,20.01.–24.01.,24.7,30.6,14.1,5.5,8.6,,,,1.3,,,,11.5,Tierschutzp.=1.4;pro NRW=1.2;FAMILIE=1.1
nrw,2011-01-29,0,Emnid,Rheinische Post,T,635,19.01.–25.01.,36,36,15,4,4,,,,,,,,5,
nrw,2011-02-02,0,Forsa,stern,T,1008,18.01.–28.01.,35,34,17,4,4,,,,,,,,6,
nrw,2011-03-13,0,Emnid,Focus,T,1000,04.03.–10.03.,35,35,14,5,5,,,,,,,,6,
nrw,2011-04-03,0,Infratest dimap,WDR,T,1000,29.03.–31.03.,34,30,24,4,4,,,,2,,,,2,
nrw,2011-07-13,0,Forsa,stern,T,1004,01.07.–08.07.,32,33,21,3,4,,,,,,,,7,
nrw,2011-08-07,0,Emnid,Focus,T,1063,29.07.–04.08.,32,34,20,5,5,,,,,,,,4,
nrw,2011-09-20,0,YouGov,Sat.1 NRW,O,982,08.09.–15.09.,33,33,17,6,5,,,,,,,,6,
nrw,2011-10-12,0,YouGov,Sat.1 NRW,O,10001010,,30,32,17,4,5,,,,8,,,,4,
nrw,2011-10-16,0,Infratest dimap,WDR,T,1000,11.10.–13.10.,31,35,16,3,4,,,,7,,,,4,
nrw,2011-11-10,0,YouGov,Sat.1 NRW,O,1042,28.10.–07.11.,30,31,18,3,5,,,,9,,,,4,
nrw,2011-12-15,0,YouGov,Sat.1 NRW,O,1026,02.12.–12.12.,31,34,15,4,6,,,,7,,,,3,
nrw,2011-12-27,0,YouGov,BILD,O,1005,14.12.–21.12.,31,34,15,4,6,,,,7,,,,3,
nrw,2012-01-19,0,YouGov,"KStA, Sat.1 NRW",O,1039,06.01.–16.01.,31,33,17,3,5,,,,8,,,,3,
nrw,2012-02-08,0,YouGov,"KStA, Sat.1 NRW",O,1018,27.01.–06.02.,33,31,15,3,6,,,,7,,,,5,
nrw,2012-02-26,0,Infratest dimap,WDR,T,1004,22.02.–23.02.,35,35,17,2,3,,,,5,,,,3,
nrw,2012-03-14,0,Infratest dimap,ARD,T,10021403,,34,38,14,2,4,,,,5,,,,3,
nrw,2012-03-14,0,YouGov,"KStA, Sat.1 NRW",O,1065,02.03.–12.03.,33,33,17,2,5,,,,7,,,,3,
nrw,2012-03-15,0,Forschungsgruppe Wahlen,ZDF,T,1073,14.03.–15.03.,34,37,13,2,4,,,,6,,,,4,
nrw,2012-03-21,0,Forsa,stern,T,1003,15.03.–17.03.,33,39,11,4,4,,,,6,,,,3,
nrw,2012-03-25,0,Infratest dimap,WDR,T,1001,22.03.–24.03.,32,40,12,4,3,,,,5,,,,4,
nrw,2012-04-14,0,INFO GmbH,Wirtschafts- woche,T,1005,04.04.–07.04.,29,40,10,3,3,,,,11,,,,3,
nrw,2012-04-18,0,YouGov,"KStA, Sat.1 NRW",O,1064,05.04.–16.04.,32,36,13,4,4,,,,8,,,,3,
nrw,2012-04-20,0,Forschungsgruppe Wahlen,ZDF,T,1045,17.04.–19.04.,34,37,11,4,3,,,,8,,,,3,
nrw,2012-04-22,0,Infratest dimap,WDR,T,1001,17.04.–19.04.,31,39,11,4,3,,,,9,,,,3,
nrw,2012-04-27,0,Emnid,Focus,T,1001,23.04.–24.04.,32,38,10,5,4,,,,9,,,,,
nrw,2012-05-02,0,Forsa,stern,T,1008,23.04.–27.04.,32,37,10,5,3,,,,10,,,,3,
nrw,2012-05-03,0,Infratest dimap,ARD,T,1003,01.05.–03.05.,30,38.5,11,6,4,,,,7.5,,,,3,
nrw,2012-05-03,0,YouGov,"KStA, Sat.1 NRW",O,1038,20.04.–29.04.,31,36,11,5,4,,,,10,,,,3,
nrw,2012-05-04,0,Forschungsgruppe Wahlen,ZDF,T,1082,30.04.–03.05.,31,38,11,6,3,,,,8,,,,3,
nrw,2012-05-07,0,YouGov,BILD,O,1053,24.04.–04.05.,31,37,11,5,4,,,,9,,,,3,
nrw,2012-05-09,0,YouGov,"KStA, Sat.1 NRW",O,1063,27.04.–07.05.,30,37,12,6,3.5,,,,8.5,,,,3,
nrw,2012-05-11,0,INFO GmbH,Handels- blatt,T,1007,03.05.–05.05.,33,38,11,5,4,,,,8,,,,1,
nrw,2012-05-13,1,,,,,,26.3,39.1,11.3,8.6,2.5,,,,7.8,,,,2.8,pro NRW=1.5
nrw,2012-06-13,0,YouGov,"KStA, Sat.1 NRW",O,1061,01.06.–11.06.,29,38,12,7,3,,,,7,,,,,
nrw,2012-09-27,0,YouGov,"KStA, Sat.1 NRW",O,1020,04.09.–24.09.,30,39,13,5,4,,,,5,,,,4,
nrw,2012-12-16,0,Infratest dimap,WDR,T,1001,11.12.–14.12.,32,40,12,5,4,,,,4,,,,3,
nrw,2013-04-25,0,YouGov,Sat.1 NRW,O,1104,12.04.–22.04.,31,42,12,6,3,,,,2,,,,4,
nrw,2013-05-26,0,Infratest dimap,WDR,T,1001,21.05.–23.05.,35,39,14,4,3,,,,2,,,,3,
nrw,2013-09-07,0,Infratest dimap,WDR,T,1009,03.09.–05.09.,36,40,9,4,4,2,,,3,,,,2,
nrw,2013-09-19,0,YouGov,Sat.1 NRW,O,1051,05.09.–16.09.,35,38,11,4,4,,,,2,,,,,
nrw,2013-12-08,0,Infratest dimap,WDR,T,1000,03.12.–05.12.,38,37,8,4,5,3,,,3,,,,2,
nrw,2013-12-11,0,YouGov,Sat.1 NRW,O,1055,25.11.–01.12,34,38,10,4,5,,,,,,,,,
nrw,2014-05-11,0,Infratest dimap,WDR,T,1000,05.05.–08.05.,36,37,10,5,5,3,,,2,,,,2,
nrw,2014-05-20,0,YouGov,KStA,O,1006,,34,39,10,5,5,,,,2,,,,,
nrw,2014-09-02,0,Forsa,KStA,T,1506,20.08.–29.08.,32,39,10,5,4,4,,,3,,,,,
nrw,2014-11-14,0,Forsa,KStA,T,1082,03.11.–10.11.,33,36,10,4,5,6,,,2,,,,,
nrw,2014-12-07,0,Infratest dimap,WDR,T,1000,02.12.–04.12.,36,35,10,5,5,5,,,1,,,,3,
nrw,2014-12-18,0,YouGov,"KStA, Sat.1 NRW",O,1015,03.12.–10.12,35,34,12,4,4,7,,,2,,,,2,
nrw,2015-05-27,0,INSA,BILD,T,500,21.05.–22.05,38,34,12,6,6,2,,,1,,,,1,
nrw,2015-06-02,0,Forsa,"KStA, stern",T,1097,18.05.–28.05,32,36,11,9,4,3,,,,,,,5,
nrw,2015-06-21,0,Infratest dimap,WDR,T,1000,16.06.–18.06.,35,36,10,6,5,4,,,1,,,,3,
nrw,2015-09-06,0,Infratest dimap,WDR,T,1001,01.09.–03.09.,36,34,11,5,6,3,,,,,,,5,
nrw,2015-11-26,0,YouGov,Sat.1 NRW,O,1022,11.11.–19.11,30,34,11,5,5,9,,,1,,,,5,
nrw,2015-12-02,0,Forsa,"KStA, stern",T,1211,08.11.–27.11,29,39,10,7,5,4,,,2,,,,4,
nrw,2015-12-13,0,Infratest dimap,WDR,T,1000,08.12.–10.12.,35,34,10,6,5,5,,,,,,,5,
nrw,2016-02-21,0,Infratest dimap,WDR,T,1002,16.02.–18.02.,33,31,9,7,7,10,,,,,,,3,
nrw,2016-04-29,0,INSA,BILD,T,1097,21.04.–28.04,32,29,13,7.5,5.5,9,,,,,,,4,
nrw,2016-05-22,0,Infratest dimap,WDR,T,1002,17.05.–20.05.,31,31,10,8,6,12,,,,,,,2,
nrw,2016-09-11,0,Mentefactum,Rheinische Post,T,1004,30.08.–06.09.,27,31,11,8,5,13,,,,,,,3,
nrw,2016-09-15,0,YouGov,Sat.1 NRW,O,1022,31.08.–07.09.,28,34,10,9,5,11,,,,,,,,
nrw,2016-10-30,0,Infratest dimap,WDR,T,1002,25.10.–27.10.,32,32,12,7,5,9,,,,,,,3,
nrw,2017-01-21,0,Emnid,Bild am Sonntag,T,1070,19.12.–18.01.,30,32,10,8,7,10,,,,,,,3,
nrw,2017-01-27,0,YouGov,Sat.1 NRW,O,1072,13.01.–20.01.,31,31,11,7,5,12,,,1,,,,2,
nrw,2017-02-10,0,Forschungsgruppe Wahlen,ZDF,T,1116,06.02.–08.02.,32,36,7,8,5,9,,,,,,,3,
nrw,2017-02-19,0,Infratest dimap,WDR,T,1002,14.02.–16.02.,30,37,7,7,6,10,,,,,,,3,
nrw,2017-03-05,0,INSA,BILD,T,1199,22.02.–03.03,27,38,7,10,4,11,,,,,,,3,
nrw,2017-03-15,0,Forsa,"KStA, RTL, stern",T,1072,09.01.–20.01.,29,35,8,9,6,8,,,,,,,5,
nrw,2017-03-15,0,Forsa,"KStA, RTL, stern",T,1040,20.02.–10.03,26,40,6,11,5,7,,,,,,,5,
nrw,2017-03-19,0,Infratest dimap,WDR,T,1001,14.03.–16.03.,30,37,6,9,5,9,,,,,,,4,
nrw,2017-04-11,0,INSA,BILD,T,1000,30.03.–04.04,28,37,6,10,5,10,,,,,,,4,
nrw,2017-04-23,0,Infratest dimap,WDR,T,1003,18.04.–20.04.,34,34,6,10,5,8,,,,,,,3,
nrw,2017-04-25,0,YouGov,Sat.1 NRW,O,1051,12.04.–19.04.,27,36,6,7,8,11,,,2,,,,3,
nrw,2017-04-28,0,Forsa,"KStA, Express",T,1003,20.04.–25.04,29,35,6,12,6,7,,,,,,,5,
nrw,2017-05-04,0,Infratest dimap,ARD,T,1000,02.05.–03.05.,31,32,7,13,5,8,,,,,,,4,
nrw,2017-05-05,0,Forschungsgruppe Wahlen,ZDF,T,1032,02.05.–04.05.,32,32,7.5,12,6,6,,,,,,,4.5,
nrw,2017-05-09,0,INSA,BILD,T,1139,03.05.–08.05,30,33,7,13,5,7,,,,,,,5,
nrw,2017-05-11,0,Forschungsgruppe Wahlen,ZDF,T,2402,08.05.–11.05.,32,31,6.5,13.5,6,6.5,,,,,,,4.5,
nrw,2017-05-11,0,YouGov,Sat.1 NRW,O,1017,08.05.–10.05.,31,30,7,9,8,9,,,2,,,,4,
nrw,2017-05-14,1,,,,,,33,31.2,6.4,12.6,4.9,7.4,,,1,,,,3.7,
nrw,2017-09-03,0,Infratest dimap,WDR,T,1000,29.08.–31.08.,33,30,6,13,6,8,,,,,,,4,
nrw,2017-09-12,0,YouGov,Sat.1 NRW,O,1048,01.09.–08.09.,35,30,6,9,8,9,,,,,,,3,
nrw,2018-01-14,0,Infratest dimap,WDR,T,1002,09.01.–11.01.,34,28,9,10,7,9,,,,,,,3,
nrw,2018-02-25,0,Forsa,RTL/n-tv,T,1015,08.02.–22.02.,34,24,10,12,7,7,,,,,,,6,
nrw,2018-05-13,0,Infratest dimap,WDR,T,1002,07.05.–08.05.,35,22,12,9,7,12,,,,,,,3,
nrw,2018-09-19,0,YouGov,Sat.1 NRW,O,1049,06.09.–12.09.,31,24,10,10,7,13,,,,,,,5,
nrw,2018-10-07,0,Infratest dimap,WDR,T,1000,04.10.–06.10.,28,21,17,11,8,12,,,,,,,3,
nrw,2018-11-25,0,Mentefactum,"Rheinische Post, GA, AZV",T,1004,19.11.–21.11.,28,19,19,11,8,11,,,,,,,5,
nrw,2019-02-24,0,Infratest dimap,WDR,T,1001,19.02.–21.02.,30,23,17,12,6,9,,,,,,,3,
nrw,2019-08-17,0,Forsa,RTL/n-tv,T,1505,01.08.–16.08.,29,18,24,11,5,7,,,,,,,6,
nrw,2019-11-02,0,Mentefactum,Rheinische Post,T,1003,14.10.–21.10.,31,20,21,10,5,10,,,,,,,4,
nrw,2019-11-03,0,Infratest dimap,WDR,T,1001,24.10.–29.10.,32,20,23,8,6,7,,,,,,,4,
nrw,2020-04-10,0,Forsa,"KStA, Express",T,1084,06.04.–08.04.,39,20,15,8,6,6,,,,,,,6,
nrw,2020-04-19,0,Infratest dimap,WDR,T,1003,14.04.–16.04.,40,19,20,7,4,6,,,,,,,4,
nrw,2020-06-14,0,Infratest dimap,WDR,T,1001,08.06.–09.06.,37,20,20,7,4,7,,,,,,,5,
nrw,2020-09-02,0,Infratest dimap,WDR,T,1002,24.08.–29.08.,34,21,22,7,4,7,,,,,,,5,
nrw,2020-10-31,0,INSA,BILD,O,1008,22.10.–28.10.,33,23,19,8,5,8,,,,,,,4,
nrw,2021-01-31,0,Infratest dimap,WDR,T,1000,25.01.–28.01.,37,17,24,8,3,6,,,,,,,5,
nrw,2021-04-11,0,Infratest dimap,WDR,TOM,1197,06.04.–08.04.,28,18,26,11,3,8,,,,,,,6,
nrw,2021-05-11,0,INSA,BILD,O,2014,03.05.–10.05.,25,20,26,11,4.5,9,,,,,,,4.5,
nrw,2021-05-19,0,Forsa,RTL/n-tv,T,1058,10.05.–17.05.,25,19,26,12,4,7,,,,,,,7,
nrw,2021-10-12,0,INSA,BILD,O,1000,04.10.–11.10.,20,33,13,15,4,8,,,,,,,7,
nrw,2021-10-24,0,Infratest dimap,WDR,TOM,1172,18.10.–21.10.,22,31,17,13,3,7,,,,,,,7,
nrw,2021-12-15,0,Forsa,NRW-Tages- zeitungen,O,2009,26.11.–07.12.,27,27,17,12,4,7,,,,,,,6,
nrw,2022-01-30,0,Infratest dimap,WDR,TOM,1160,24.01.–27.01.,28,28,17,10,3,8,,,,,,,6,
nrw,2022-02-03,0,INSA,BILD,O,2000,24.01.–02.02.,26,28,14,12,4,8,,,,,,,8,
nrw,2022-02-09,0,Forsa,NRW-Tages- zeitungen,O,2006,26.01.–02.02.,29,27,18,9,4,7,,,,,,,6,
nrw,2022-02-20,0,INSA,BILD,TOM,1000,15.02.–17.02.,27,29,14,12,4,8,,,,,,,6,
nrw,2022-03-16,0,Forsa,NRW-Tages- zeitungen,O,2006,02.03.–09.03.,32,27,17,8,3,6,,,,,,,7,
nrw,2022-04-03,0,Infratest dimap,WDR,TOM,1182,29.03.–31.03.,31,30,15,8,4,7,,,,,,,5,
nrw,2022-04-05,0,INSA,BILD,O,1000,28.03.–04.04.,28,30,15,10,4,7,,,,,,,6,
nrw,2022-04-13,0,Forsa,NRW-Tages- zeitungen,TOM,1821,04.04.–11.04.,30,30,18,8,2,6,,,,,,,6,
nrw,2022-04-17,0,INSA,BamS,O,1000,11.04.–13.04.,29,31,14,10,4,7,,,,,,,5,
nrw,2022-04-24,0,Infratest dimap,WDR,TOM,1164,19.04.–21.04.,31,30,16,8,3,7,,,,,,,5,
nrw,2022-05-04,0,Forsa,NRW-Tages- zeitungen,O,2006,19.04.–26.04.,32,28,17,7,3,6,,,,,,,7,
nrw,2022-05-05,0,Infratest dimap,ARD,TOM,1537,02.05.–04.05.,30,28,16,8,3,8,,,,,,,7,
nrw,2022-05-06,0,Forschungsgruppe Wahlen,ZDF,T,1026,03.05.–05.05.,30,28,18,7,3,7,,,,,,,7,
nrw,2022-05-10,0,INSA,Bild,O,1000,02.05.–09.05.,31,29,16,8,3,7,,,,,,,6,
nrw,2022-05-12,0,Forschungsgruppe Wahlen,ZDF,T,2254,09.05.–12.05.,32,29,17,6,3,7,,,,,,,6,
nrw,2022-05-12,0,INSA,Bild,O,1000,09.05.–10.05.,32,28,16,8,3,7,,,,,,,6,
nrw,2022-05-12,0,YouGov,YouGov,O,1046,06.05.–12.05.,31,28,15,10,4,7,,,,,,,5,
nrw,2022-05-15,1,,,,,,35.7,26.7,18.2,5.9,2.1,5.4,,,,,,,6.1,
nrw,2022-05-17,0,Forsa,NRW-Tages- zeitungen,O,1008,16.05.–16.05.,36,25,21,5,2,5,,,,,,,6,
nrw,2022-08-25,0,INSA,BILD,O,1000,15.08.–22.08.,36,22,21,7,3,5,,,,,,,6,
nrw,2022-09-30,0,Forsa,NRW-Tages- zeitungen,O,1511,21.09.–26.09.,36,21,20,5,3,9,,,,,,,6,
nrw,2022-10-23,0,Infratest dimap,WDR,TOM,1185,17.10.–20.10.,32,23,22,5,,9,,,,,,,9,
nrw,2023-02-03,0,Forsa,Sat.1 NRW,T,1006,23.01.–31.01.,36,22,18,5,3,8,,,,,,,8,
nrw,2023-03-30,0,Forsa,FUNKE NRW,O,1005,27.03.–28.03.,38,20,17,5,4,8,,,,,,,8,
nrw,2023-05-03,0,INSA,BILD,O,1000,24.04.–02.05.,36,22,17,7,3,9,,,,,,,6,
nrw,2023-06-16,0,Forsa,NRW-Tages- zeitungen,O,1506,29.05.–07.06.,37,21,14,5,3,13,,,,,,,7,
nrw,2023-06-18,0,Infratest dimap,WDR,TOM,1159,12.06.–15.06.,32,22,16,6,3,15,,,,,,,6,
nrw,2023-11-05,0,Infratest dimap,WDR,TOM,1161,30.10.–02.11.,35,18,18,5,,14,,,,,,,10,
nrw,2024-03-27,0,Forsa,NRW-Tages- zeitungen,O,1502,05.03.–14.03.,37,16,16,4,2,13,4,,,,,,,Son=8
nrw,2024-04-28,0,Infratest dimap,WDR,TOM,1181,22.04.–25.04.,38,19,17,5,,11,3,,,,,,,Son=7
nrw,2024-08-05,0,Forsa,General-Anzeiger Bonn,T,1060,23.07.–01.08.,40,16,14,5,1,12,4,,,,,,,Son=8
nrw,2024-10-13,0,Infratest dimap,WDR,TOM,1167,08.10.–10.10.,40,18,14,3,,13,4,,,,,,,Son=8
nrw,2024-12-12,0,Forsa,NRW-Tages- zeitungen,O,1508,26.11.–04.12.,41,16,14,3,2,13,3,,,,,,,Son=8
nrw,2025-06-29,0,Infratest dimap,WDR,TOM,1165,23.06.–26.06.,39,16,15,3,7,14,3,,,,,,,Son=3
nrw,2025-07-09,0,Forsa,NRW-Tages- zeitungen,O,1507,25.06.–02.07.,38,17,13,3,7,16,2,,,,,,,Son=4
nrw,2025-08-22,0,INSA,NIUS*,O,1000,13.08.–19.08.,35,18,13,4,8,16,3,,,,,,,Son=3
nrw,2025-11-23,0,INSA,BILD,O,1000,11.11.–17.11.,36,19,12,5,7,16,,,,,,,5,
nrw,2026-02-01,0,Infratest dimap,WDR,TOM,1164,26.01.–29.01.,35,20,13,4,6,15,,,,,,,7,
nrw,2026-04-22,0,Forsa,NRW-Tages- zeitungen,O,1531,07.04.–14.04.,32,14,17,3,6,20,,,,,,,8,
nrw,2026-05-08,0,INSA,BILD,O,1000,30.04.–05.05.,34,18,15,4,9,17,,,,,,,3,
rheinland-pfalz,1997-12-11,0,Infratest dimap,,1.002 ??.1?.–??.12.,,,36,41,8,8,,,,,,,,,,
rheinland-pfalz,1998-03-19,0,Infratest dimap,,? ??.0?.–??.03.,,,33,46,6,8,,,,,,,,,,
rheinland-pfalz,1998-06-25,0,Infratest dimap,,1.002 ??.06.–??.06.,,,34,44,6,9,,,,,,,,,,
rheinland-pfalz,1998-12-10,0,Infratest dimap,,,,,36,43,7,8,,,,,,,,,,
rheinland-pfalz,1999-07-08,0,Infratest dimap,,1.003 ??.0?.–??.07.,,,44,37,7,7,,,,,,,,,,
rheinland-pfalz,1999-12-02,0,Infratest dimap,,? ??.1?.–??.1?.,,,43,36,6,8,,,,,,,,,7,
rheinland-pfalz,2000-03-23,0,Infratest dimap,,1.000 13.03.–19.03.,,,36,43,6,10,,,,,,,,,5,
rheinland-pfalz,2000-05-26,0,Psephos,,1.002 16.05.–20.05.,,,39,40,6,10,,,,,,,,,5,
rheinland-pfalz,2000-06-29,0,Infratest dimap,,1.000 19.06.–24.06.,,,40,41,6,10,,,,,,,,,3,
rheinland-pfalz,2000-08-15,0,Psephos,,1.002 03.08.–07.08.,,,36,42,6,10,,,,,,,,,,
rheinland-pfalz,2000-09-28,0,Infratest dimap,,1.000 18.09.–23.09.,,,43,40,5,7,,,,,,,,,5,
rheinland-pfalz,2000-10-27,0,Psephos,,1.006 ??.10.–??.10.,,,38,41,6,9,,,,,,,,,,
rheinland-pfalz,2000-11-30,0,Infratest dimap,,1.000 20.11.–25.11.,,,40,43,5,7,,,,,,,,,5,
rheinland-pfalz,2001-01-04,0,polis,,,,,39,42,5,7,,,,,,,,,7,
rheinland-pfalz,2001-02-01,0,Forsa,,,,,37,40,8,11,,,,,,,,,4,
rheinland-pfalz,2001-02-20,0,Psephos,,1.004 09.02.–12.02.,,,37,41,7,9,,,,2,,,,,1,REP=3
rheinland-pfalz,2001-03-01,0,Infratest dimap,,1.000 19.02.–24.02.,,,39,44,5,7,,,,,,,,,5,
rheinland-pfalz,2001-03-09,0,Forschungsgruppe Wahlen,,1.010 05.03.–08.03.,,,36,44,6,8,,,,,,,,,6,
rheinland-pfalz,2001-03-15,0,Infratest dimap,,1.000 09.03.–14.03.,,,35,43,6,9,,,,,,,,,3,REP/NPD=4
rheinland-pfalz,2001-03-25,1,,,,,,35.3,44.7,5.2,7.8,,,,2.5,,,,,2,REP=2.4
rheinland-pfalz,2001-05-16,0,Psephos,,1.003 04.05.–10.05.,,,35,46,5,9,,,,,,,,,5,
rheinland-pfalz,2001-05-31,0,Infratest dimap,,1.000 21.05.–26.05.,,,36,46,5,7,,,,,,,,,4,Rechte=2
rheinland-pfalz,2001-09-05,0,Psephos,,1.004 27.08.–30.08.,,,37,45,,8,,,,,,,,,,
rheinland-pfalz,2001-09-20,0,Infratest dimap,,1.000 10.09.–15.09.,,,38,46,5,8,,,,,,,,,3,
rheinland-pfalz,2001-11-15,0,Psephos,,1.002 05.11.–09.11.,,,36,45,5,9,,,,,,,,,2,Rechte=3
rheinland-pfalz,2001-12-20,0,Infratest dimap,,1.000 10.12.–15.12.,,,39,43,3,10,,,,,,,,,5,
rheinland-pfalz,2002-02-15,0,Psephos,,1.002 01.02.–05.02.,,,40,41,5,9,,,,,,,,,5,
rheinland-pfalz,2002-03-14,0,Infratest dimap,,1.000 04.03.–09.03.,,,39,42,4,10,,,,,,,,,5,
rheinland-pfalz,2002-05-15,0,Psephos,,1.004 06.05.–10.05.,,,38,40,6,10,,,,,,,,,,
rheinland-pfalz,2002-06-06,0,Infratest dimap,,1.000 27.05.–01.06.,,,38,41,5,12,,,,,,,,,4,
rheinland-pfalz,2002-08-12,0,Psephos,,1.003 01.08.–03.08.,,,39,42,4,10,,,,,,,,,,
rheinland-pfalz,2002-09-12,0,Infratest dimap,,1.000 02.09.–07.09.,,,35,45,3,13,,,,,,,,,4,
rheinland-pfalz,2002-11-20,0,Psephos,,1.005 12.11.–14.11.,,,42,40,7,7,,,,,,,,,4,
rheinland-pfalz,2002-12-19,0,Infratest dimap,,1.001 09.12.–14.12.,,,45,35,7,7,,,,,,,,,6,
rheinland-pfalz,2003-02-20,0,Psephos,,1.002 10.02.–13.02.,,,46,36,8,7,,,,,,,,,3,
rheinland-pfalz,2003-03-20,0,Infratest dimap,,1.000 10.03.–15.03.,,,47,33,8,7,,,,,,,,,5,
rheinland-pfalz,2003-05-22,0,Psephos,,1.005 14.05.–17.05.,,,45,37,8,7,,,,,,,,,3,
rheinland-pfalz,2003-06-26,0,Infratest dimap,,1.000 16.06.–21.06.,,,47,36,6,7,,,,,,,,,4,
rheinland-pfalz,2003-08-16,0,Psephos,,1.001 08.08.–11.08.,,,43,39,6,8,,,,,,,,,,
rheinland-pfalz,2003-10-02,0,Infratest dimap,,1.000 23.09.–27.09.,,,46,35,7,7,,,,,,,,,5,
rheinland-pfalz,2003-11-13,0,Psephos,,1.006 05.11.–07.11.,,,45,35,7,8,,,,,,,,,,
rheinland-pfalz,2003-12-11,0,Infratest dimap,,1.000 01.12.–06.12.,,,45,35,7,8,,,,,,,,,5,
rheinland-pfalz,2004-02-18,0,Psephos,,1.000 10.02.–13.02.,,,42,39,6,8,,,,,,,,,5,
rheinland-pfalz,2004-03-18,0,Infratest dimap,,1.000 08.03.–13.03.,,,48,32,7,8,,,,,,,,,5,
rheinland-pfalz,2004-05-19,0,Psephos,,1.003 11.05.–13.05.,,,43,37,6,8,,,,,,,,,3,Rechte=3
rheinland-pfalz,2004-06-03,0,Infratest dimap,,1.000 24.05.–29.05.,,,45,34,8,8,,,,,,,,,5,
rheinland-pfalz,2004-08-31,0,Psephos,,1.002 24.08.–27.08.,,,40,37,7,8,1,,,2,,,,,2,Rechte=3
rheinland-pfalz,2004-10-07,0,Infratest dimap,,1.000 ??.??–??.??.,,,37,36,9,10,,,,,,,,,3,Rechte=5
rheinland-pfalz,2004-11-11,0,Psephos,,1.003 03.11.–06.11.,,,39,39,6,9,,,,,,,,,7,
rheinland-pfalz,2004-12-16,0,Infratest dimap,,1.000 07.12.–12.12.,,,39,38,8,8,,,,,,,,,4,Rechte=3
rheinland-pfalz,2005-02-25,0,Psephos,,1.005 15.02.–17.02.,,,38,41,6,8,,,,,,,1,,4,REP=2
rheinland-pfalz,2005-03-17,0,Infratest dimap,,1.000 07.03.–13.03.,,,40,38,8,8,,,,,,,,,4,Rechte=2
rheinland-pfalz,2005-05-28,0,Psephos,,1.001 23.05.–26.05.,,,40,39,5,9,1,,,2,,,,,2,Rechte=2
rheinland-pfalz,2005-08-19,0,Psephos,,1.002 11.08.–15.08.,,,39,41,5,8,4,,,,,,,,3,
rheinland-pfalz,2005-09-08,0,Infratest dimap,,1.000 29.08.–04.09.,,,43,35,6,8,,,,,,,,,4,
rheinland-pfalz,2005-11-28,0,Psephos,,1.003 22.11.–24.11.,,,37,41,5,10,,,,,,,,,4,
rheinland-pfalz,2005-12-15,0,Infratest dimap,,1.000 08.12.–12.12.,,,37,39,6,10,,,,,,,,,4,
rheinland-pfalz,2006-01-25,0,Forsa,,1.002 17.01.–20.01.,,,37,37,7,11,,,,,,,,,4,
rheinland-pfalz,2006-02-02,0,Infratest dimap,,1.000 30.01.–01.02.,,,36,42,6,8,,,,,,,,,4,
rheinland-pfalz,2006-02-28,0,Psephos,,1.006 21.02.–23.02.,,,38,42,5,8,,,,1.5,,,,,2,REP=1.5
rheinland-pfalz,2006-03-02,0,Infratest dimap,,1.000 25.02.–28.02.,,,35,42,6,8,,,,,,,,,5,
rheinland-pfalz,2006-03-15,0,Forsa,,1.001 09.03.–10.03.,,,34,39,8,10,,,,,,,,,5,
rheinland-pfalz,2006-03-16,0,Infratest dimap,,1.000 13.03.–15.03.,,,35,43,6,9,,,,,,,,,4,
rheinland-pfalz,2006-03-17,0,Forschungsgruppe Wahlen,,~ 1.000 13.03.–16.03.,,,36,43,6,8,,,,,,,,,4,
rheinland-pfalz,2006-03-21,0,Emnid,,500 07.03.–18.03.,,,35,43,7,9,,,,,,,,,3,
rheinland-pfalz,2006-03-26,1,,,,,,32.8,45.6,4.6,8,,,,1.6,,,,,3.1,REP=1.7
rheinland-pfalz,2006-05-18,0,Infratest dimap,,1.000 15.05.–16.05.,,,31,43,5,11,2,,,,,,,,5,Rechte=3
rheinland-pfalz,2006-07-13,0,Infratest dimap,,1.000 10.07.–11.07.,,,31,46,6,9,3,,,,,,,,3,Rechte=2
rheinland-pfalz,2006-08-17,0,Forsa,,1.001 09.08.–15.08.,,,26,46,6,10,5,,,,,,,,7,
rheinland-pfalz,2006-09-20,0,Psephos,,1.004 11.09.–14.09.,,,31,46,5,9,,,,,,,,,3,Rechte=2
rheinland-pfalz,2006-12-14,0,Infratest dimap,,1.000 08.12.–11.12.,,,31,43,7,11,2,,,,,,2,,2,DVU=2
rheinland-pfalz,2006-12-20,0,Psephos,,1.002 11.12.–16.12.,,,31,45,5,10,,,,,,,,,7,
rheinland-pfalz,2007-03-13,0,Psephos,,1.001 05.03.–09.03.,,,31,46,6,8,,,,,,,,,6,
rheinland-pfalz,2007-03-22,0,Forsa,,1.006 20.02.–20.03.,,,29,45,6,9,4,,,,,,,,7,
rheinland-pfalz,2007-04-26,0,Forsa,,,,,31,43,6,9,4,,,,,,,,7,
rheinland-pfalz,2007-04-26,0,Infratest dimap,,1.000 20.04.–23.04.,,,33,43,7,8,3,,,,,,,,6,
rheinland-pfalz,2007-05-18,0,Psephos,,1.006 07.05.–11.05.,,,32,44,6,10,,,,2,,,,,3,
rheinland-pfalz,2007-07-26,0,Infratest dimap,,1.000 20.07.–23.07.,,,36,43,6,6,5,,,,,,,,4,
rheinland-pfalz,2007-08-30,0,Forsa,,1.061 06.08.–28.08.,,,34,40,5,8,6,,,,,,,,7,
rheinland-pfalz,2007-09-20,0,Psephos,,1.003 11.09.–15.09.,,,33,43,5,9,,,,,,,,,7,Rechte=3
rheinland-pfalz,2007-12-13,0,Infratest dimap,,1.000 05.12.–10.12.,,,37,42,6,8,4,,,,,,,,3,
rheinland-pfalz,2007-12-18,0,Psephos,,1.003 08.12.–13.12.,,,33,42,4.5,10,5.5,,,,,,,,5,
rheinland-pfalz,2008-03-13,0,Infratest dimap,,1.000 11.03.–12.03.,,,37,39,7,8,7,,,,,,,,2,
rheinland-pfalz,2008-03-13,0,Psephos,,1.001 01.03.–07.03.,,,34,40,6,10,5,,,,,,,,,
rheinland-pfalz,2008-04-10,0,Infratest dimap,,1.000 08.04.–09.04.,,,37,37,7,9,6,,,,,,,,4,
rheinland-pfalz,2008-06-19,0,Psephos,,1.004 09.06.–12.06.,,,36,37,6,11,7,,,,,,,,3,
rheinland-pfalz,2008-09-04,0,Infratest dimap,,1.000 29.08.–02.09.,,,38,36,6,10,6,,,,,,,,4,
rheinland-pfalz,2008-09-10,0,Psephos,,1.439 02.09.–09.09.,,,35,38,5,11,7,,,,,,,,4,
rheinland-pfalz,2008-09-18,0,Infratest dimap,,1.000 15.09.–16.09.,,,38,38,6,9,5,,,,,,,,4,
rheinland-pfalz,2008-11-24,0,polis+sinus,,1.512 29.10.–15.11.,,,35,39,7,11,4,,,,,,,,4,
rheinland-pfalz,2008-12-11,0,Infratest dimap,,1.000 04.12.–08.12.,,,35,36,8,12,5,,,,,,,,4,
rheinland-pfalz,2008-12-17,0,Psephos,,1.003 04.12.–10.12.,,,34,41,6,11,5,,,1.5,,,,,0.5,Rechte=1
rheinland-pfalz,2009-03-20,0,Psephos,,1.003 11.03.–17.03.,,,32,38,8,13,4,,,1,,,,,1,Rechte=3
rheinland-pfalz,2009-05-28,0,Infratest dimap,,1.000 22.05.–25.05.,,,36,36,7,12,5,,,,,,,,4,
rheinland-pfalz,2009-06-24,0,Psephos,,1.000 16.06.–20.06.,,,31,38,7,13,5,,,2,,,,,2,Rechte=2
rheinland-pfalz,2009-09-16,0,Psephos,,1.003 09.09.–14.09.,,,33,36,7,14,6,,,1,,,,,1,Rechte=2
rheinland-pfalz,2009-09-17,0,Infratest dimap,,1.000 11.09.–14.09.,,,35,33,7,13,7,,,,,,,,5,
rheinland-pfalz,2009-12-10,0,Infratest dimap,,1.000 04.12.–07.12.,,,38,32,9,10,6,,,,,,,,5,
rheinland-pfalz,2009-12-17,0,Psephos,,1.003 08.12.–11.12.,,,36,36,7,11,4,,,,,,,,6,
rheinland-pfalz,2010-03-18,0,Psephos,,1.005 09.03.–13.03.,,,34,39,7,10,5,,,,,,,,5,
rheinland-pfalz,2010-04-22,0,Infratest dimap,,1.000 16.04.–19.04.,,,37,35,11,8,5,,,,,,,,4,
rheinland-pfalz,2010-06-22,0,Psephos,,1.007 11.06.–17.06.,,,33,41,7,8,5,,,1,,,,,2,Rechte=3
rheinland-pfalz,2010-09-16,0,Psephos,,1.002 06.09.–10.09.,,,34,42,8,6,5,,,,,,,,5,
rheinland-pfalz,2010-09-23,0,Infratest dimap,,1.000 17.09.–20.09.,,,34,36,16,4,5,,,,,,,,5,
rheinland-pfalz,2010-12-09,0,Infratest dimap,,1.000 03.12.–06.12.,,,35,35,16,5,5,,,,,,,,4,
rheinland-pfalz,2010-12-14,0,Psephos,,1.001 06.12.–11.12.,,,35,41,10,5,5,,,,,,,,,
rheinland-pfalz,2010-12-19,0,Emnid,,1.002 01.12.–15.12.,,,37,39,11,4,4,,,,,,,,5,
rheinland-pfalz,2011-01-27,0,Infratest dimap,,1.001 21.01.–24.01.,,,37,37,13,5,5,,,,,,,,3,
rheinland-pfalz,2011-02-04,0,Forschungsgruppe Wahlen,,1.060 31.01.–02.02.,,,35,37,13,5,4,,,,,,,,6,
rheinland-pfalz,2011-02-06,0,Emnid,,1.001 31.01.–03.02.,,,36,38,13,4,5,,,,,,,,4,
rheinland-pfalz,2011-02-13,0,Emnid,,1.002 04.02.–10.02.,,,34,40,13,4,5,,,,,,,,4,
rheinland-pfalz,2011-02-17,0,Infratest dimap,,1.000 11.02.–14.02.,,,36,38,12,5,4,,,,,,,,5,
rheinland-pfalz,2011-02-20,0,Emnid,,1.001 11.02.–17.02.,,,35,38,12,5,5,,,,,,,,5,
rheinland-pfalz,2011-02-27,0,Emnid,,1.001 18.02.–24.02.,,,36,38,12,5,5,,,,,,,,4,
rheinland-pfalz,2011-03-04,0,Emnid,,1.000 24.02.–01.03.,,,34,40,11,5,5,,,,,,,,5,
rheinland-pfalz,2011-03-10,0,Infratest dimap,,1.000 04.03.–07.03.,,,36,38,10,7,5,,,,,,,,4,
rheinland-pfalz,2011-03-12,0,Emnid,,1.000 04.03.–10.03.,,,34,39,10,6,5,,,,,,,,6,
rheinland-pfalz,2011-03-15,0,Psephos,,1.003 08.03.–11.03.,,,35,40,10,5,4,,,1,,,,,3,Rechte=2
rheinland-pfalz,2011-03-17,0,Infratest dimap,,1.250 14.03.–17.03.,,,36,36,13,5,4,,,,,,,,6,
rheinland-pfalz,2011-03-18,0,Forschungsgruppe Wahlen,,1.300 15.03.–17.03.,,,35,37,13,5,4,,,,,,,,6,
rheinland-pfalz,2011-03-20,0,Emnid,,1.000 11.03.–17.03.,,,34,37,14,6,4,,,,,,,,5,
rheinland-pfalz,2011-03-25,0,Emnid,,1.000 18.03.–24.03.,,,35,38,13,5,4,,,,,,,,5,
rheinland-pfalz,2011-03-27,1,,,,,,35.2,35.7,15.4,4.2,3,,,2.3,1.6,,,,2.5,
rheinland-pfalz,2011-06-22,0,Psephos,Rheinpfalz,T,1004,14.06.–17.06.,38,34,15,3,3,,,,,,,,7,
rheinland-pfalz,2011-09-22,0,Infratest dimap,SWR,T,1000,19.09.–20.09.,34,39,16,2,3,,,,3,,,,3,
rheinland-pfalz,2011-09-30,0,GESS Phone & Field,Rheinpfalz,T,1004,16.09.–22.09.,34,38,17,2,2,,,,3,,,,,
rheinland-pfalz,2011-12-08,0,Infratest dimap,SWR,T,1000,02.12.–05.12.,37,37,15,3,2,,,,4,,,,2,
rheinland-pfalz,2011-12-15,0,GESS Phone & Field,Rheinpfalz,T,1003,01.12.–09.12.,35,37,16,3,2,,,,4,,,,,
rheinland-pfalz,2012-03-20,0,GESS Phone & Field,Rheinpfalz,T,1003,12.03.–17.03.,36,36,15,3,2,,,,4,,,,,
rheinland-pfalz,2012-03-29,0,Infratest dimap,SWR,T,1000,23.03.–27.03.,37,36,15,2,3,,,,5,,,,2,
rheinland-pfalz,2012-05-10,0,Infratest dimap,"SWR, Allge- meine Zeitung",T,1000,04.05.–07.05.,36,36,14,3,3,,,,6,,,,2,
rheinland-pfalz,2012-06-27,0,GESS Phone & Field,Rheinpfalz,T,1005,15.06.–22.06.,35,37,14,4,2,,,1,5,,,,2,
rheinland-pfalz,2012-07-26,0,Infratest dimap,SWR,T,1003,23.07.–24.07.,37,31,16,3,3,,,,5,,,,5,
rheinland-pfalz,2012-08-30,0,Infratest dimap,SWR,T,1000,24.08.–27.08.,39,32,15,3,2,,,,5,,,,4,
rheinland-pfalz,2012-10-11,0,Infratest dimap,SWR,T,1000,08.10.–09.10.,40,36,12,3,2,,,,3,,,,4,
rheinland-pfalz,2012-10-17,0,GESS Phone & Field,Rheinpfalz,T,1004,08.10.–13.10.,36,36,13,3,2,,,,3,,,,,
rheinland-pfalz,2013-01-16,0,GESS Phone & Field,Rheinpfalz,T,2007,07.01.–12.01.,40,35,11,3,2,,,,4,,,,5,
rheinland-pfalz,2013-01-17,0,Infratest dimap,SWR,T,1000,11.01.–14.01.,43,33,13,2,3,,,,3,,,,3,
rheinland-pfalz,2013-04-25,0,Infratest dimap,SWR,T,1000,18.04.–21.04.,43,34,12,2,2,2,,,2,,,,3,
rheinland-pfalz,2013-05-16,0,GESS Phone & Field,Rheinpfalz,T,1003,03.05.–13.05.,39,35,12,3,3,1,,2,3,,,,2,
rheinland-pfalz,2013-09-05,0,Infratest dimap,SWR,T,1000,29.08.–02.09.,43,34,10,3,2,3,,,3,,,,2,
rheinland-pfalz,2013-12-11,0,GESS Phone & Field,Rheinpfalz,T,1005,29.11.–06.12.,43,32,9,4,4,2,,2,2,,,,2,
rheinland-pfalz,2013-12-12,0,Infratest dimap,SWR,T,1000,09.12.–10.12.,40,35,9,4,4,4,,,,,,,4,
rheinland-pfalz,2014-04-03,0,Infratest dimap,SWR,T,1000,28.03.–31.03.,41,33,11,3,4,3,,,,,,,5,
rheinland-pfalz,2014-05-08,0,Infratest dimap,SWR,T,1001,02.05.–05.05.,41,31,11,3,4,4,,,,,,,6,
rheinland-pfalz,2014-06-24,0,GESS Phone & Field,Rheinpfalz,T,1002,13.06.–21.06.,41,32,10,3,4,4,,2,,,,,4,
rheinland-pfalz,2014-09-25,0,Infratest dimap,SWR,T,1000,19.09.–22.09.,43,31,10,2,4,6,,,,,,,4,
rheinland-pfalz,2014-11-13,0,Infratest dimap,SWR,T,1000,07.11.–10.11.,43,31,11,2,4,5,,,,,,,4,
rheinland-pfalz,2014-12-17,0,GESS Phone & Field,Rheinpfalz,T,1002,05.12.–15.12.,43,30,10,3,4,5,,1,1,,,,3,
rheinland-pfalz,2015-02-19,0,Infratest dimap,SWR,T,1000,11.02.–15.02.,42,32,11,3,3,5,,,,,,,4,
rheinland-pfalz,2015-06-26,0,GESS Phone & Field,Rheinpfalz,T,1003,12.06.–22.06.,40,33,11,4,3,4,,2,,,,,3,
rheinland-pfalz,2015-07-23,0,Infratest dimap,SWR,T,1001,17.07.–21.07.,42,33,10,4,3,3,,,,,,,5,
rheinland-pfalz,2015-09-24,0,Infratest dimap,SWR,T,1005,17.09.–21.09.,41,31,10,5,5,4,,,,,,,4,
rheinland-pfalz,2015-11-06,0,Forschungsgruppe Wahlen,ZDF,T,1093,02.11.–04.11.,41,30,8,4,5,6,,,,,,,6,
rheinland-pfalz,2015-11-19,0,GESS Phone & Field,Rheinpfalz,T,1002,06.11.–16.11.,40,33,9,5,3,5,,2,,,,,3,
rheinland-pfalz,2015-11-25,0,INSA,BILD,T,1003,17.11.–24.11.,38.5,31,11,4.5,3.5,7,,2.5,,,,,2,
rheinland-pfalz,2015-12-10,0,Infratest dimap,SWR,T,1000,03.12.–07.12.,39,31,9,5,5,7,,,,,,,4,
rheinland-pfalz,2016-01-14,0,Infratest dimap,SWR,T,1001,06.01.–11.01.,37,31,9,5,5,8,,,,,,,5,
rheinland-pfalz,2016-01-22,0,Forschungsgruppe Wahlen,ZDF,T,1034,19.01.–21.01.,38,31,7,5,5,9,,,,,,,5,
rheinland-pfalz,2016-02-05,0,INSA,BILD,T,1000,26.01.–01.02.,36,32,10,6,3,8,,,,,,,5,
rheinland-pfalz,2016-02-11,0,Infratest dimap,SWR,T,1000,04.02.–09.02.,37,31,8,6,4,9,,,,,,,5,
rheinland-pfalz,2016-02-22,0,INSA,BILD,T,1032,19.02.–20.02.,35,33,9,7,4,8.5,,,,,,,3.5,
rheinland-pfalz,2016-02-25,0,GESS Phone & Field,Rheinpfalz,T,1002,12.02.–20.02.,37,33,8,5,3,9,,2,,,,,3,
rheinland-pfalz,2016-02-28,0,INSA,BILD,T,1001,25.02.–27.02.,35,32.5,10,6,4,8.5,,,,,,,4,
rheinland-pfalz,2016-03-01,0,Infratest dimap,SWR,T,1000,24.02.–27.02.,36,32,8,6,4,9,,,,,,,5,
rheinland-pfalz,2016-03-03,0,Infratest dimap,ARD,T,1004,01.03.–02.03.,36,34,7,5,4,9,,,,,,,5,
rheinland-pfalz,2016-03-04,0,Forschungsgruppe Wahlen,ZDF,T,1011,29.02.–03.03.,35,34,6,6,4,10,,,,,,,5,
rheinland-pfalz,2016-03-07,0,INSA,BILD,T,1000,01.03.–05.03.,35,35,7,5,3,9,,,,,,,6,
rheinland-pfalz,2016-03-09,0,Forsa,RTL,T,1002,02.03.–08.03.,35,35,6,6,4,9,,,,,,,5,
rheinland-pfalz,2016-03-10,0,Forschungsgruppe Wahlen,ZDF,T,1693,07.03.–10.03.,35,36,5.5,7,3,9,,,,,,,4.5,
rheinland-pfalz,2016-03-10,0,YouGov,YouGov,O,1003,02.03.–09.03.,36,35,6,6,4,11,,,,,,,2,
rheinland-pfalz,2016-03-13,1,,,,,,31.8,36.2,5.3,6.2,2.8,12.6,,2.2,0.8,,,,2,
rheinland-pfalz,2016-06-22,0,GESS Phone & Field,Rheinpfalz,T,1004,13.06.–20.06.,31,36,6,6,3,12,,3,,,,,3,
rheinland-pfalz,2016-07-14,0,Infratest dimap,SWR,T,1004,08.07.–12.07.,33,33,7,8,4,10,,,,,,,5,
rheinland-pfalz,2016-12-15,0,Infratest dimap,SWR,T,1000,08.12.–12.12.,36,32,9,5,4,10,,,,,,,4,
rheinland-pfalz,2016-12-23,0,GESS Phone & Field,Rheinpfalz,T,1002,09.12.–19.12.,36,34,5,5,3,11,,2,,,,,4,
rheinland-pfalz,2017-03-09,0,Infratest dimap,SWR,T,1001,02.03.–06.03.,35,40,6,6,3,7,,,,,,,3,
rheinland-pfalz,2017-06-22,0,Infratest dimap,SWR,T,1000,14.06.–19.06.,37,32,7,7,5,8,,,,,,,4,
rheinland-pfalz,2017-07-19,0,GESS Phone & Field,Rheinpfalz,T,1002,06.07.–17.07.,37,33,7,6,3,8,,2,,,,,4,
rheinland-pfalz,2017-09-14,0,Infratest dimap,SWR,T,1001,07.09.–11.09.,36,36,6,6,4,8,,,,,,,4,
rheinland-pfalz,2017-12-14,0,Infratest dimap,SWR,T,1003,08.12.–12.12.,37,38,7,6,3,6,,,,,,,3,
rheinland-pfalz,2018-01-10,0,INSA,BILD,TOM,1517,02.01.–08.01.,34,33,7,7,5,10,,,,,,,4,
rheinland-pfalz,2018-03-08,0,Infratest dimap,SWR,T,1001,05.03.–07.03.,33,37,8,7,3,8,,,,,,,4,
rheinland-pfalz,2018-06-21,0,Infratest dimap,SWR,T,1004,14.06.–18.06.,31,29,11,7,5,13,,,,,,,4,
rheinland-pfalz,2018-10-18,0,Infratest dimap,SWR,T,1003,11.10.–15.10.,28,24,18,8,5,13,,,,,,,4,
rheinland-pfalz,2018-12-13,0,Infratest dimap,SWR,T,1001,10.12.–11.12.,31,24,16,7,4,13,,,,,,,5,
rheinland-pfalz,2019-02-11,0,Forsa,RTL/n-tv,T,1005,01.02.–08.02.,31,26,14,8,5,10,,,,,,,6,
rheinland-pfalz,2019-03-21,0,Infratest dimap,SWR,T,1000,14.03.–18.03.,31,24,14,10,6,11,,,,,,,4,
rheinland-pfalz,2019-09-12,0,Infratest dimap,SWR,T,1001,05.09.–09.09.,28,23,21,8,4,11,,,,,,,5,
rheinland-pfalz,2019-09-18,0,INSA,BILD,TOM,1012,09.09.–16.09.,28,22,20,8,4,12,,3,,,,,3,
rheinland-pfalz,2019-12-12,0,Infratest dimap,SWR,T,1002,05.12.–10.12.,30,26,16,7,4,13,,,,,,,4,
rheinland-pfalz,2020-03-05,0,Infratest dimap,SWR,T,1001,27.02.–03.03.,27,26,18,7,6,11,,,,,,,5,
rheinland-pfalz,2020-04-15,0,INSA,BILD,TOM,1045,16.03.–30.03.,30,24,19,5,5,12,,,,,,,5,
rheinland-pfalz,2020-04-23,0,Infratest dimap,SWR,T,1003,20.04.–21.04.,38,27,13,6,4,8,,,,,,,4,
rheinland-pfalz,2020-09-10,0,Infratest dimap,SWR,T,1005,04.09.–08.09.,34,26,17,6,4,9,,,,,,,4,
rheinland-pfalz,2020-10-21,0,INSA,BILD,TOM,1013,13.10.–20.10.,33,27,14,5,5,10,,3,,,,,3,
rheinland-pfalz,2020-12-10,0,Infratest dimap,SWR,T,1002,04.12.–08.12.,34,28,15,5,3,9,,,,,,,6,
rheinland-pfalz,2021-01-14,0,Infratest dimap,SWR,T,1001,08.01.–12.01.,33,28,15,6,3,8,,,,,,,7,
rheinland-pfalz,2021-01-23,0,INSA,BILD,TOM,1006,13.01.–19.01.,33,30,14,6,3,9,,3,,,,,2,
rheinland-pfalz,2021-02-05,0,Forschungsgruppe Wahlen,ZDF,T,1022,01.02.–04.02.,33,31,13,5,4,7,,,,,,,7,
rheinland-pfalz,2021-02-23,0,INSA,BILD,TOM,1304,15.02.–22.02.,33,31,12,6,3,9,,3,,,,,3,
rheinland-pfalz,2021-02-25,0,Infratest dimap,SWR,T,1000,19.02.–23.02.,31,30,12,7,3,9,,4,,,,,4,
rheinland-pfalz,2021-03-04,0,Infratest dimap,ARD,TOM,1186,01.03.–03.03.,28,30,12,9,3,9,,5,,,,,4,
rheinland-pfalz,2021-03-05,0,Forschungsgruppe Wahlen,ZDF,T,998,01.03.–04.03.,29,33,11,7,3,9,,4,,,,,4,
rheinland-pfalz,2021-03-09,0,INSA,BILD,TOM,1501,01.03.–08.03.,30,30,12,6,3,10,,4,,,,,5,
rheinland-pfalz,2021-03-11,0,Forschungsgruppe Wahlen,ZDF,T,1735,08.03.–11.03.,29,33,10,6.5,3,9,,5,,,,,4.5,
rheinland-pfalz,2021-03-12,0,INSA,BILD,TOM,1354,11.03.–12.03.,29,32,10,7,3,10,,4,,,,,5,
rheinland-pfalz,2021-03-14,1,,,,,,27.7,35.7,9.3,5.5,2.5,8.3,,5.4,,,,,5.7,
rheinland-pfalz,2021-07-15,0,Infratest dimap,SWR,TOM,1153,09.07.–13.07.,24,38,9,6,3,8,,6,,,,,6,
rheinland-pfalz,2021-09-09,0,Infratest dimap,SWR,TOM,1160,02.09.–07.09.,23,40,9,6,3,8,,5,,,,,6,
rheinland-pfalz,2021-11-25,0,Infratest dimap,SWR,TOM,1172,19.11.–23.11.,21,34,12,11,,8,,6,,,,,8,
rheinland-pfalz,2022-03-10,0,Infratest dimap,SWR,TOM,1158,04.03.–08.03.,26,34,11,9,,7,,5,,,,,8,
rheinland-pfalz,2022-09-29,0,Infratest dimap,SWR,TOM,1183,26.09.–27.09.,27,27,14,8,,12,,4,,,,,8,
rheinland-pfalz,2022-11-25,0,INSA,BILD,O,1000,07.11.–14.11.,28,28,13,5,2,13,,5,,,,,6,
rheinland-pfalz,2022-12-15,0,Infratest dimap,SWR,TOM,1166,09.12.–13.12.,29,28,15,5,,11,,5,,,,,7,
rheinland-pfalz,2023-03-30,0,Infratest dimap,SWR,TOM,1180,27.03.–28.03.,29,28,14,5,,12,,5,,,,,7,
rheinland-pfalz,2023-05-23,0,INSA,BILD,O,1000,08.05.–15.05.,27,28,11,6,2,14,,5,,,,,7,
rheinland-pfalz,2023-07-20,0,Infratest dimap,SWR,TOM,1156,13.07.–18.07.,31,25,11,5,,16,,6,,,,,6,
rheinland-pfalz,2023-11-02,0,Infratest dimap,SWR,TOM,1048,25.10.–30.10.,31,22,12,5,,17,,5,,,,,8,
rheinland-pfalz,2024-02-22,0,Infratest dimap,SWR,TOM,1157,15.02.–20.02.,31,22,10,4,,15,4,7,,,,,7,
rheinland-pfalz,2024-07-11,0,Infratest dimap,SWR,TOM,1165,04.07.–09.07.,31,21,10,5,,12,5,7,,,,,9,
rheinland-pfalz,2024-12-12,0,Infratest dimap,SWR,TOM,1175,05.12.–10.12.,32,24,11,4,,14,4,4,,,,,7,
rheinland-pfalz,2025-04-02,0,INSA,BILD,O,1000,25.03.–01.04.,28,21,9,2,9,19,5,3,,,,,4,
rheinland-pfalz,2025-06-05,0,Infratest dimap,SWR,TOM,1140,27.05.–03.06.,30,23,11,3,5,17,,4,,,,,7,
rheinland-pfalz,2025-10-04,0,INSA,BILD,O,1000,16.09.–23.09.,27,22,9,4,6,23,4,3,,,,,2,
rheinland-pfalz,2025-10-09,0,Infratest dimap,SWR,TOM,1158,01.10.–07.10.,29,23,10,,6,19,,4,,,,,9,
rheinland-pfalz,2026-01-22,0,Infratest dimap,SWR,TOM,1151,14.01.–20.01.,29,26,10,,6,18,,4,,,,,7,
rheinland-pfalz,2026-02-26,0,Infratest dimap,SWR,TOM,1158,19.02.–24.02.,28,27,9,,5,19,,5,,,,,7,
rheinland-pfalz,2026-03-12,0,Infratest dimap,ARD,TOM,1534,09.03.–11.03.,29,28,8,,5,19,,4.5,,,,,6.5,
rheinland-pfalz,2026-03-13,0,Forschungsgruppe Wahlen,ZDF,TSM,1121,10.03.–12.03.,28,26,9,,5,19,,5,,,,,8,
rheinland-pfalz,2026-03-18,0,INSA,BILD,O,1000,10.03.–17.03.,28,27,9,,5,20,,5,,,,,6,
rheinland-pfalz,2026-03-19,0,Forschungsgruppe Wahlen,ZDF,TSM,1139,18.03.–19.03.,29,27,9,,5,19,,4.5,,,,,6.5,
rheinland-pfalz,2026-03-22,1,,,,,,31,25.9,7.9,2.1,4.4,19.5,,4.2,,,,,5,
rheinland-pfalz,2026-08-20,0,Infratest dimap,SWR,TOM,1158,13.08.–18.08.,28,19,11,3,5,24,,3,,,,,7,
saarland,1999-01-30,0,Emnid,CDU-LV Saar,,,,41,46,7,2,,,,,,,,,,REP=2
saarland,1999-04-09,0,Emnid,CDU-LV Saar,1.000 25.03.–29.03.,,,42,45,6,3,,,,,,,,,4,
saarland,1999-06-25,0,Infratest dimap,SR,1.000 17.06.–21.06.,,,46,42,4,3,,,,,,,,,5,
saarland,1999-07-19,0,Infratest dimap,SR,1.000 14.07.–18.07.,,,46,43,4.5,2,,,,,,,,,4.5,
saarland,1999-08-18,0,Infratest dimap,SR,1.000,,,45,43,5,3,,,,,,,,,4,
saarland,1999-08-31,0,Forschungsgruppe Wahlen,SPD-LV Saarland,1.017,,,45,46,4,4,,,,,,,,,1,
saarland,1999-09-05,1,,,,,,45.5,44.4,3.2,2.6,0.8,,,,,,,,3.5,
saarland,2000-08-28,0,Emnid,?,? 14.08.–23.08.,,,46,43,4,4,,,,,,,,,,REP/DVU/NPD=2
saarland,2000-09-05,0,Infratest dimap,"Saarbrücker Zeitung, SR",1.000 25.08.–30.08.,,,48,43,3,3,,,,,,,,,,
saarland,2001-09-05,0,Infratest dimap,"Saarbrücker Zeitung, SR",1.000 24.08.–30.08.,,,49,40,4,3,,,,,,,,,4,
saarland,2002-06-25,0,Infratest dimap,"Saarbrücker Zeitung, SR",1.000 14.06.–19.06.,,,49,38,4,6,,,,,,,,,3,
saarland,2002-09-10,0,Infratest dimap,"Saarbrücker Zeitung, SR",1.000 05.09.–08.09.,,,48,39,4,5,,,,,,,,,4,
saarland,2002-11-29,0,dimap,Staatskanzlei,1.000,,,54,33,4,3,,,,,,,,,6,
saarland,2003-10-02,0,Infratest dimap,"Saarbrücker Zeitung, SR",1.000 24.09.–28.09.,,,54,33,6,3,,,,,,,,,4,
saarland,2003-11-14,0,SaarZoom,SaarZoom,500 13.10.–23.10.,,,56,33,5,1,1,,,,,,,,4,
saarland,2004-03-02,0,SaarZoom,SaarZoom,600 05.02.–15.02.,,,56.7,29.9,4.9,3,2.6,,,,,,,,3,
saarland,2004-05-28,0,Infratest dimap,"Saarbrücker Zeitung, SR",1.000 21.05.–28.05.,,,54,33,5,3,,,,,,,,,5,
saarland,2004-06-21,0,SaarZoom,SaarZoom,600 01.06.–14.06.,,,54.2,31.6,4.4,4.3,1.7,,,,,,,,3.9,
saarland,2004-08-17,0,Forsa,Stern,1.001 10.08.–13.08.,,,54,29,6,4,,,,,,,,,7,
saarland,2004-08-20,0,Forschungsgruppe Wahlen,ZDF,1.001 17.08-19.08.,,,50,31,6,3,,,,,,,,,10,
saarland,2004-08-26,0,Infratest dimap,"Saarbrücker Zeitung, SR",1.000 23.08-25.08.,,,51,30,7,5,,,,,,,,,7,
saarland,2004-09-05,1,,,,,,47.5,30.8,5.6,5.2,2.3,,,,,,4,,1.6,FAMILIE=3
saarland,2005-02-09,0,Infratest,SPD-LV Saarland,1.000 27.01-01.02.,,,44,36,7,5,,,,,,,3,,5,
saarland,2005-07-21,0,Infratest dimap,"Saarbrücker Zeitung, SR",1.000 14.07.–17.07.,,,43,23,6,5,19,,,,,,,,4,
saarland,2006-09-26,0,Infratest,SPD-LV Saarland,1.000 29.08.–10.09.,,,38,31,5,8,13,,,,,,,,5,
saarland,2006-11-16,0,Infratest dimap,"Saarbrücker Zeitung, SR",1.000 09.11.–14.11.,,,39,34,6,7,10,,,,,,,,4,
saarland,2007-05-20,0,Emnid,Bild am Sonntag,504 30.04.–16.05.,,,40,26,8,8,13,,,,,,,,5,
saarland,2007-09-27,0,Infratest dimap,"Saarbrücker Zeitung, SR",1.000 September,,,41,26,6,5,18,,,,,,,,4,
saarland,2008-03-02,0,Emnid,Bild am Sonntag,~500 13.02.–27.02.,,,40,25,7,6,19,,,,,,,,,
saarland,2008-09-03,0,Forsa,stern,1.001 25.08.–29.08.,,,37,23,5,7,24,,,,,,,,4,
saarland,2008-09-16,0,Emnid,Cicero,1.002 26.08.–02.09.,,,40,23,5,6,22,,,,,,,,4,
saarland,2008-09-17,0,dimap,CDU-LV Saar,1.003 11.09.–16.09.,,,42,22,6,6,20,,,,,,,,4,
saarland,2008-10-28,0,Infratest dimap,"Saarbrücker Zeitung, SR",1.000 23.10.–26.10.,,,38,25,5,6,23,,,,,,,,3,
saarland,2009-04-16,0,Emnid,Staatskanzlei,1.000 02.03.–10.03.,,,38,23,5,8,22,,,,,,,,4,
saarland,2009-04-22,0,Infratest dimap,"Saarbrücker Zeitung, SR",1.000 20.04.–21.04.,,,36,27,7,9,18,,,,,,,,3,
saarland,2009-08-20,0,Infratest dimap,SR,1.000 18.08.–20.08.,,,38,26,6,9,15,,,,,,,,3,FAMILIE=3
saarland,2009-08-21,0,Forschungsgruppe Wahlen,ZDF,1.000 17.08.–20.08.,,,36,26,6,9,16,,,,,,,,7,
saarland,2009-08-30,1,,,,,,34.5,24.5,5.9,9.2,21.3,,,,,,1.5,,1.1,FAMILIE=2
saarland,2009-12-15,0,Infratest dimap,SR,T,1000,10.12.–13.12.,32,29,7,9,19,,,,,,,,4,
saarland,2010-11-04,0,Infratest dimap,SR,T,1001,01.11.–03.11.,32,34,9,4,17,,,,,,,,4,
saarland,2011-11-16,0,Infratest dimap,SR,T,1000,11.11.–15.11.,32,35,8,5,12,,,,4,,,,4,
saarland,2012-01-26,0,Forschungsgruppe Wahlen,ZDF,T,1039,23.01.–25.01.,34,38,6,2,13,,,,5,,,,2,
saarland,2012-01-27,0,Emnid,Sat.1 LS HE/RP/SL,T,1000,24.01.–25.01.,36,36,5,2,15,,,,4,,,,2,
saarland,2012-02-23,0,Infratest dimap,SR,T,1001,21.02.–22.02.,35,36,4,2,15,,,,5,,,,3,
saarland,2012-03-09,0,Forsa,Forum,T,1002,20.02.–29.02.,35,37,4,1,14,,,,5,,,,4,
saarland,2012-03-15,0,Infratest dimap,ARD,T,1000,13.03.–15.03.,33,33,5,3,16,,,,6,,,,4,
saarland,2012-03-16,0,Forschungsgruppe Wahlen,ZDF,T,1053,13.03.–15.03.,34,34,5,2,15,,,,6,,,,4,
saarland,2012-03-25,1,,,,,,35.2,30.6,5,1.2,16.1,,,,7.4,,1.2,,1.5,FAMILIE=1.7
saarland,2013-05-07,0,Infratest dimap,SR,T,1001,03.05.–06.05.,39,36,6,2,10,3,,,2,,,,2,
saarland,2014-05-14,0,Infratest dimap,SR,T,1000,08.05.–13.05.,37,34,5,,13,5,,,2,,,,4,
saarland,2015-03-31,0,Infratest dimap,SR,T,1000,26.03.–30.03.,40,33,6,2,10,4,,,1,,,,4,
saarland,2016-05-11,0,Infratest dimap,SR,T,1001,03.05.–09.05.,34,29,7,4,12,11,,,,,,,3,
saarland,2016-11-15,0,Forsa,Forum,T,1004,31.10.–08.11.,37,26,6,3,15,9,,,,,,,4,
saarland,2017-01-13,0,INSA,BILD,1.005 09.01.–12.01.,,,35,24,6,5,16,10,,,,,,,4,
saarland,2017-01-26,0,Infratest dimap,SR,T,1002,19.01.–23.01.,38,26,5,4,14,9,,,,,,,4,
saarland,2017-03-07,0,INSA,BILD,T,1025,02.03.–06.03.,36,33,4,4,12,7,,,,,,,4,
saarland,2017-03-09,0,Forsa,Forum,T,1001,01.03.–08.03.,34,33,5,4,13,6,,,,,,,5,
saarland,2017-03-16,0,Infratest dimap,ARD,T,1001,13.03.–15.03.,35,34,4.5,3,13,6.5,,,,,,,4,
saarland,2017-03-17,0,Forschungsgruppe Wahlen,ZDF,T,1054,14.03.–16.03.,37,32,4,4,12,7,,,,,,,4,
saarland,2017-03-22,0,-->INSA-->,BILD,T,1002,17.03.–22.03.,35,33,4,5,13,6,,,,,,,4,
saarland,2017-03-22,0,INSA,BILD,T,1002,17.03.–22.03.,35,33,4,5,13,6,,,,,,,4,
saarland,2017-03-23,0,Forschungsgruppe Wahlen,ZDF,T,1132,22.03.–23.03.,37,32,4.5,4,12.5,6,,,,,,,4,
saarland,2017-03-26,1,,,,,,40.7,29.6,4,3.3,12.8,6.2,,,0.7,,,,2.6,
saarland,2018-06-21,0,Infratest dimap,SR,T,1000,14.06.–19.06.,35,26,6,4,12,15,,,,,,,2,
saarland,2019-05-08,0,Infratest dimap,SR,T,1000,29.04.–06.05.,37,25,11,4,12,8,,,,,,,3,
saarland,2019-12-10,0,INSA,BILD,T,1000,19.11.–02.12.,36,24,15,4,11,7,,,,,,,3,
saarland,2020-11-11,0,Infratest dimap,SR,T,1000,02.11.–07.11.,40,22,12,3,11,8,,,,,,,4,
saarland,2021-05-11,0,INSA,BILD,TOM,1052,03.05.–10.05.,31,21,15,7,14,6,,,,,,,6,
saarland,2021-07-21,0,INSA,BILD,TOM,1048,05.07.–19.07.,36,27,9,7,7,6,,,,,,,8,
saarland,2021-11-24,0,Infratest dimap,SR,TOM,1165,16.11.–20.11.,28,33,8,8,6,9,,,,,,,8,
saarland,2022-01-28,0,INSA,BILD,TOM,1002,17.01.–24.01.,30,35,8,6,7,7,,,,,,,7,
saarland,2022-02-16,0,Infratest dimap,SR,TOM,1175,08.02.–12.02.,29,38,6,6,5,8,,,,,,,8,
saarland,2022-03-17,0,Infratest dimap,ARD,TOM,1421,14.03.–16.03.,31,37,5,5,4,6,,,,,,,9,bunt.saar=3
saarland,2022-03-18,0,Forschungsgruppe Wahlen,ZDF,T,1024,15.03.–17.03.,30,39,6,5,4,6,,,,,,,10,
saarland,2022-03-19,0,INSA,BamS,TOM,1000,14.03.–17.03.,31,39,5,5,4,6,,,,,,,10,
saarland,2022-03-24,0,Forschungsgruppe Wahlen,ZDF,T,2375,21.03.–24.03.,28,41,5.5,5,4,6.5,,,,,,,10,
saarland,2022-03-27,1,,,,,,28.5,43.5,4.995,4.8,2.6,5.7,,,,,,,9.9,
saarland,2023-03-23,0,Infratest dimap,SR,TOM,1176,15.03.–20.03.,28,38,8,5,3,10,,,,,,,8,
saarland,2024-09-26,0,Infratest dimap,SR,TOM,1558,19.09.–23.09.,31,29,5,,,14,10,,,,,,11,
saarland,2025-04-02,0,Infratest dimap,SR,TOM,1132,25.03.–28.03.,27,30,6,3,8,17,4,,,,,,5,
saarland,2025-12-03,0,Infratest dimap,SR,TOM,1150,20.11.–26.11.,25,27,7,,7,23,3,,,,,,8,
sachsen,1990-10-14,1,,,,,,53.8,19.1,5.6,5.3,10.2,,,,,,,,6,
sachsen,1994-09-11,1,,,,,,58.1,16.6,4.1,1.7,16.5,,,,,,,,2.9,
sachsen,1999-01-13,0,Emnid,Sächsische Staatsregierung,Dez.,,,43,26,4,2,19,,,,,,,,3,Rechte=3
sachsen,1999-04-15,0,Infratest Burke,oldie.fm,≈ 900 März,,,51,24,4,1,18,,,,,,,,,
sachsen,1999-05-27,0,Infratest Burke,oldie.fm,≈ 900 April/Mai,,,52,17,3,2,22,,,,,,,,4,
sachsen,1999-06-03,0,Emnid,Sächsische Staatsregierung,1.028 April,,,49,21,4,2,19,,,,,,,,2,Rechte=3
sachsen,1999-08-12,0,Infratest dimap,MDR,,,,54,16,3,2,20,,,,,,,,5,
sachsen,1999-08-18,0,Infratest Burke,oldie.fm,≈ 900 Juli/August,,,57,20,2,1,17,,,,,,,,3,
sachsen,1999-09-08,0,Infratest dimap,MDR,,,,57,16,3,1,18,,,,,,,,5,
sachsen,1999-09-19,1,,,,,,56.9,10.7,2.6,1.1,22.2,,,,,,,,6.5,
sachsen,1999-09-30,0,Emnid,Sächsische Staatsregierung,1.132 Juli-Aug.,,,53,18,3,2,19,,,,,,,,2,Rechte=3
sachsen,2000-08-25,0,Emnid,Sächsische Staatsregierung,Juli,,,49,20,2,3,21,,,,,,,,4,Rechte=1
sachsen,2001-01-24,0,Emnid,Sächsische Staatsregierung,1.083 Dez.,,,47,22,3,3,20,,,,,,,,3,Rechte=2
sachsen,2001-08-03,0,Emnid,Sächsische Staatsregierung,1.023 Juni,,,46,22,2,4,20,,,,,,,,4,Rechte=2
sachsen,2002-01-14,0,Emnid,Sächsische Staatsregierung,1.009 Nov.–Dez.,,,43,18,3,5,25,,,,,,,,4,Rechte=2
sachsen,2002-03-07,0,IfM Leipzig,Sächsische Zeitung,,,,52,19,2,4,21,,,,,,,,2,
sachsen,2002-12-30,0,IfM Leipzig,Sächsische Zeitung,800,,,57,13,4,1,20,,,,,,,,5,
sachsen,2003-01-16,0,Emnid,Sächsische Staatsregierung,1.056 Dez.,,,57,13,3,2,21,,,,,,,,2,Rechte=2
sachsen,2003-08-19,0,Emnid,Sächsische Staatsregierung,1.010 Juni-Juli,,,53,14,4,2,22,,,,,,,,2,Rechte=3
sachsen,2003-12-30,0,IfM Leipzig,Sächsische Zeitung,814,,,59,13,4,4,18,,,,,,,,2,
sachsen,2004-01-20,0,Emnid,Sächsische Staatsregierung,1.100 25.11.–20.12.,,,57,12,2,2,22,,,,,,,,2,Rechte=3
sachsen,2004-05-09,0,IfM Leipzig,SPD Sachsen,1.042 05.05.–06.05.,,,56,17,5,3,17,,,,,,,,2,
sachsen,2004-05-19,0,IfM Leipzig,Sächsische Zeitung,825,,,55,17,5,3,18,,,,,,,,2,
sachsen,2004-07-17,0,IfM Leipzig,Leipziger Volkszeitung,808,,,54,13,5,3,21,,,,,,,,4,
sachsen,2004-07-26,0,Emnid,Sächsische Staatsregierung,1.078 04.06.–08.07.,,,50,10,5,4,23,,,,,,,,6,Rechte=2
sachsen,2004-07-30,0,IfM Leipzig,Leipziger Volkszeitung,808,,,48,12,5,4,27,,,,,,,,4,
sachsen,2004-08-05,0,Infratest dimap,MDR,1.000 30.07.–03.08.,,,44,12,6,4.5,25,,,,,,,,3.5,Rechte=5
sachsen,2004-08-15,0,IfM Leipzig,Leipziger Volkszeitung,810 KW 33,,,45,10,6,6,25,,,,,,2,,6,
sachsen,2004-08-21,0,IfM Leipzig,Sächsische Zeitung,KW 34,,,48,10,6,5,22,,,,,,3.5,,5.5,
sachsen,2004-08-24,0,Forsa,Stern,1.007 16.08.–20.08.,,,48,11,5,4,24,,,,,,4,,4,
sachsen,2004-08-31,0,IfM Leipzig,Leipziger Volkszeitung,1.006,,,46,12,7,5,21,,,,,,3,,6,
sachsen,2004-09-07,0,Forsa,Stern,1.002 31.08.–04.09.,,,46,12,6,4,24,,,,,,4,,4,
sachsen,2004-09-08,0,Infratest dimap,MDR,1.000 02.09.–06.09.,,,44,12,6,5,23,,,,,,7,,3,
sachsen,2004-09-10,0,Forsch’gr. Wahlen,ZDF,1.035 06.09.–09.09.,,,47,11,6,4,19,,,,,,9,,4,
sachsen,2004-09-10,0,IfM Leipzig,Leipziger Volkszeitung,803 07.09.–09.09.,,,44,14,7,6,19,,,,,,7,,3,
sachsen,2004-09-19,1,,,,,,41.1,9.8,5.1,5.9,23.6,,,,,,9.2,,5.3,
sachsen,2005-02-21,0,Emnid,Sächsische Staatsregierung,1.053 03.01.–31.01.,,,42,12,4,5,22,,,,,,9,,6,
sachsen,2005-07-12,0,IfM Leipzig,SPD LT-Fraktion,1.018 12.05.–19.05.,,,45,12,6,7,22,,,,,,4,,4,
sachsen,2005-10-11,0,Emnid,Sächsische Staatsregierung,1.003 16.08.–24.08.,,,42,13,4,5,28,,,,,,5,,3,
sachsen,2005-12-27,0,IfM Leipzig,Sächsische Zeitung,835 19.12.–20.12.,,,43,15,5,6,25,,,,,,4,,2,
sachsen,2006-02-14,0,Emnid,Sächsische Staatsregierung,1.000 09.01.–13.01.,,,47,12,5,5,22,,,,,,5,,4,
sachsen,2006-07-18,0,Emnid,Sächsische Staatsregierung,1.056 29.05.–24.06.,,,43,11,4,7,25,,,,,,6,,4,
sachsen,2006-08-24,0,IfM Leipzig,Sächsische Zeitung,803 21.08.–22.08.,,,45,13,5,9,23,,,,,,,,2,Rechte=3
sachsen,2006-11-24,0,dimap,FDP LT-Fraktion,2.007 26.10.–08.11.,,,37,14,7,9,22,,,,,,7,,4,
sachsen,2006-12-27,0,IfM Leipzig,Sächsische Zeitung,805 18.12.–20.12.,,,42,13,5,7,23,,,,,,,,4,Rechte=6
sachsen,2007-03-28,0,IfM Leipzig,SPD- LT-Fraktion,>1.000 Anf. März,,,41,18,6,6,21,,,,,,5,,3,
sachsen,2007-07-12,0,Forsa,n-tv,,,,41,8,6,6,26,,,,,,8,,5,
sachsen,2007-07-20,0,IfM Leipzig,SPD- LT-Fraktion,1.012 13.07.–14.07.,,,40,15,6,7,24,,,,,,6,,2,
sachsen,2007-08-22,0,IfM Leipzig,Sächsische Zeitung,800 15.08.–18.08.,,,37,10,6,6,29,,,,,,,,5,Rechte=7
sachsen,2007-08-30,0,IfM Leipzig,Leipziger Volkszeitung,1.008 20.08.–22.08.,,,38,11,5,7,28,,,,,,6,,5,
sachsen,2007-09-06,0,Forsa,n-tv,1.130 20.08.–04.09.,,,39,8,5,7,27,,,,,,9,,5,
sachsen,2007-09-12,0,Infratest dimap,MDR,1.000 10.09.–11.09.,,,40,12,5,7,25,,,,,,6,,5,
sachsen,2007-11-26,0,dimap,FDP-LT- Fraktion,996 06.11.–16.11.,,,39,16,6,8,22,,,,,,5,,4,
sachsen,2007-12-18,0,aproxima ***,Sächsische Staatsregierung,1.016 01.09.–07.10.,,,40,20,7,7,20,,,,,,4,,2,
sachsen,2008-01-29,0,Emnid,Sächsische Staatsregierung,750 18.01.–19.01.,,,41,15,5,7,21,,,,,,5,,6,
sachsen,2008-03-02,0,Emnid,Bild am Sonntag,~500 13.02.–27.02.,,,41,16,5,7,22,,,,,,4,,,
sachsen,2008-03-17,0,Emnid,DIE LINKE- LT-Fraktion,1.000 25.02.–08.03.,,,40,16,5,7,23,,,,,,4,,,
sachsen,2008-05-21,0,IfM Leipzig,Leipziger Volkszeitung,1.003 09.05.–14.05.,,,44,20,5,5,20,,,,,,5,,1,
sachsen,2008-05-28,0,Infratest dimap,MDR,1.000 22.05.–26.05.,,,35,16,4,9,29,,,,,,3,,4,
sachsen,2008-10-07,0,aproxima ***,Sächsische Staatsregierung,1.011 28.06.–22.08.,,,42,19.5,7,6.8,21,,,,,,2.8,,0.9,
sachsen,2008-11-14,0,IfM Leipzig,SPD-LT- Fraktion,1.003 10.11.–12.11.,,,39,16,6,9,19,,,,,,6,,5,
sachsen,2008-12-02,0,dimap,FDP-LT- Fraktion,2.000 31.10.–10.11.,,,42,18,6,9,20,,,,,,3,,2,
sachsen,2009-03-24,0,IfM Leipzig,SPD-LT- Fraktion,1.007 10.03.–12.03.,,,42,18,6,9,17,,,,,,5,,3,
sachsen,2009-03-24,0,aproxima,Sächsische Staatsregierung,1.011 06.01.–13.02./ 13.11.–20.12.,,,49,15,5,5,21,,,,,,4,,1,
sachsen,2009-04-21,0,IfM Leipzig,"MDR, Leipziger Volkszeitung",1.000 06.04.–08.04.,,,43,18,6,9,17,,,,,,4,,3,
sachsen,2009-05-05,0,dimap,FDP-LT- Fraktion,2.004 20.04.–29.04.,,,42,13,6,11,18,,,,,,5,,5,
sachsen,2009-05-14,0,Infratest dimap,MDR,1.000 08.05.–12.05.,,,40,15,7,10,19,,,,,,5,,4,
sachsen,2009-06-25,0,Infratest dimap,MDR,1.000 19.06.–23.06.,,,40,13,6,12,20,,,,,,5,,4,
sachsen,2009-07-16,0,IfM Leipzig,"MDR, Leipziger Volkszeitung",1.000 06.07.–09.07.,,,42,14,7,11,17,,,,,,5,,4,FS=1
sachsen,2009-08-12,0,Infratest dimap,"MDR, Sächsische Zeitung",1.000 07.08.–11.08.,,,39,15,6,12,19,,,,,,5,,4,
sachsen,2009-08-20,0,Infratest dimap,ARD,1.000 18.08.–20.08.,,,38,13,6,11.5,21,,,,,,4.5,,6,
sachsen,2009-08-21,0,Forschungsgruppe Wahlen,ZDF,1.000 17.08.–20.08.,,,42,11,6,11,20,,,,,,6,,4,
sachsen,2009-08-22,0,IfM Leipzig,"MDR, Leipziger Volkszeitung",1.000 10.08.–17.08.,,,41,14,6,10,20,,,,,,5,,3,FS=1
sachsen,2009-08-30,1,,,,,,40.2,10.4,6.4,10,20.6,,,,1.9,,5.6,,1.5,TP=2.1;FS=1.4
sachsen,2010-06-14,0,IfM Leipzig,"SZ, LVZ, FP",T,802,09.06.–10.06.,40,16,12,6,20,,,,,,3,,3,
sachsen,2010-08-24,0,aproxima,Sächsische Staatsregierung,F,1000,09.04.–09.07.,42,16,7,5,23,,,,,,4,,3,
sachsen,2011-06-28,0,aproxima,Sächsische Staatsregierung,F,1000,04.04.–29.05.,42,15,8,6,21,,,,,,3,,5,
sachsen,2011-08-24,0,dimap,FDP-LT- Fraktion,T,2003,04.07.–17.07.,43,12,11,6,19,,,,,,5,,4,
sachsen,2011-10-16,0,IfM Leipzig,Leipziger Volkszeitung,T,1001,04.10.–07.10.,44,12,11,2,17,,,,8,,3,,,
sachsen,2012-03-15,0,Emnid,Sächsische Staatsregierung,F,1040,16.01.–12.02.,43,14,10,2,18,,,,9,,2,,1,
sachsen,2012-09-05,0,dimap,FDP-LT- Fraktion,T,2002,10.08.–24.08.,44,16,8,5,15,,,,4,,2,,6,
sachsen,2012-09-08,0,Infratest,SPD-LT- Fraktion,T,1000,27.06.–01.07.,41,16,7,4,19,,,,7,,3,,3,
sachsen,2013-04-09,0,Emnid,Sächsische Staatsregierung,F,1025,01.02.–06.03.,43,16,7,5,19,,,,4,,4,,2,
sachsen,2013-08-20,0,Infratest dimap,MDR,T,1000,09.08.–15.08.,45,14,11,5,14,,,,3,,3,,3,
sachsen,2014-01-02,0,uniQma,Leipziger Volkszeitung,T,800,11.12.–14.12.,49,17,6,2,15,6,,,2,,1,,2,
sachsen,2014-03-08,0,INSA,Sächsische Zeitung (Quelle),T,1003,26.02.–03.03.,43,15,5,2,22,7,,2,,,1,,3,
sachsen,2014-03-29,0,dimap,FDP-LT- Fraktion,T,2001,24.02.–11.03.,45,15,6,4,17,6,,,,,4,,,
sachsen,2014-04-30,0,Infratest dimap,MDR,T,1000,24.04.–28.04.,43,16,6,4,18,6,,,,,4,,3,
sachsen,2014-06-13,0,uniQma,Leipziger Volkszeitung,T,800,02.06.–06.06.,45,13,6,3,16,7,,2,2,,3,,3,
sachsen,2014-06-20,0,Forsa,SPD-LV Sachsen,T,1002,15.05.–10.06.,42,15,6,3,18,8,,,,,3,,5,
sachsen,2014-07-10,0,Infratest dimap,MDR,T,1000,03.07.–07.07.,42,13,7,4,21,7,,,,,3,,3,
sachsen,2014-08-08,0,INSA,BILD,T,500,23.07.–01.08.,40,14,6,5,19,6,,,,,4,,6,
sachsen,2014-08-09,0,IM Field,Sächsische Zeitung,T,1003008008,,43,14,7,3,20,5,,,,,3,,5,
sachsen,2014-08-18,0,uniQma,Leipziger Volkszeitung,T,800,06.08.–10.08.,42,13,6,3,18,6,,2,1,,4,,5,
sachsen,2014-08-21,0,Forschungsgruppe Wahlen,ZDF,T,1072,18.08.–20.08.,39,15,6,3,20,7,,,,,5,,5,
sachsen,2014-08-21,0,Infratest dimap,ARD,T,1002,19.08.–21.08.,40,14,6.5,3.5,19,7,,,,,5,,5,
sachsen,2014-08-28,0,Forschungsgruppe Wahlen,ZDF,T,1013,27.08.–28.08.,40.5,15,5.5,3,19,7,,,,,5,,5,
sachsen,2014-08-31,1,,,,,,39.4,12.4,5.7,3.8,18.9,9.7,,,1.1,,4.9,,4.1,
sachsen,2015-09-16,0,Infratest dimap,MDR,T,1001,09.09.–14.09.,38,13,7,3,17,13,,,,,5,,4,
sachsen,2016-10-05,0,INSA,BILD,T,1003,19.09.–23.09.,37.5,13,6,2,16,21.5,,,,,1.5,,2.5,
sachsen,2016-11-22,0,Infratest dimap,MDR,T,1002,15.11.–19.11.,34,12,7,,16,25,,,,,,,6,
sachsen,2017-06-22,0,Infratest dimap,MDR,T,1000,12.06.–17.06.,41,10,4,5,15,21,,,,,,,4,
sachsen,2017-10-31,0,IM Field,Sächsische Zeitung,T,1005,23.10.–26.10.,31,14,4,7,17,21,,,,,,,5,
sachsen,2017-12-07,0,IM Field,Sächsische Zeitung,T,1000,16.11.–02.12.,33,12,4,7,18,23,,,,,,,3,
sachsen,2018-06-12,0,INSA,BILD,TOM,1009,04.06.–11.06.,32,9,6,6,19,24,,,,,,,4,
sachsen,2018-08-28,0,Infratest dimap,MDR,T,1000,20.08.–25.08.,30,11,6,5,18,25,,,,,,,5,
sachsen,2018-08-31,0,INSA,BILD,TOM,1040,27.08.–30.08.,28,11,7,7,18,25,,2,,,,,2,
sachsen,2018-09-07,0,uniQma,Leipziger Volkszeitung,T,703,20.08.–28.08.,28.9,11.4,6.8,5.6,18.6,23.9,,,,,,,4.1,Blaue=0.4
sachsen,2018-11-23,0,IM Field,Sächsische Zeitung,T,1002,02.11.–14.11.,29,11,8,6,17,24,,,,,,,5,
sachsen,2018-12-20,0,INSA,BILD,TOM,1000,10.12.–17.12.,29,10,9,6,18,25,,,,,,,3,
sachsen,2019-03-22,0,FB Czaplicki,Leipziger Volkszeitung,T,703,04.03.–13.03.,27,11,16,5,17,18,,2,,,,,4,
sachsen,2019-04-05,0,INSA,CDU-LV,TOM,1028,07.03.–18.03.,28,9,9,6,17,25,,,,,,,6,
sachsen,2019-04-26,0,INSA,BILD,TOM,1000,17.04.–24.04.,28,10,9,6,16,26,,3,,,,,2,
sachsen,2019-06-13,0,INSA,BILD,TOM,1057,04.06.–11.06.,24,7,16,6,16,25,,4,,,,,2,
sachsen,2019-06-15,0,FB Czaplicki,Leipziger Volkszeitung,T,703,29.05.–04.06.,24,8,14,6,15,24,,4,,,,,5,
sachsen,2019-07-02,0,Infratest dimap,MDR,T,1000,24.06.–29.06.,26,9,12,5,15,26,,3,,,,,4,
sachsen,2019-08-06,0,INSA,BILD,TOM,1011,22.07.–31.07.,28,8,12,5,16,25,,,,,,,6,
sachsen,2019-08-20,0,FB Czaplicki,Leipziger Volkszeitung,T,700,08.08.–15.08.,28,8,13,5,16,26,,3,,,,,1,
sachsen,2019-08-22,0,Infratest dimap,ARD,T,1002,19.08.–21.08.,30,7,11,5,16,24,,4,,,,,3,
sachsen,2019-08-23,0,Forschungsgruppe Wahlen,ZDF,T,1068,19.08.–22.08.,31,9,10,5,14,25,,3,,,,,3,
sachsen,2019-08-27,0,INSA,BILD,TOM,1018,19.08.–26.08.,29,8,11,5,15,25,,4,,,,,3,
sachsen,2019-08-29,0,Forschungsgruppe Wahlen,ZDF,T,1657,26.08.–29.08.,32,8.5,11,5,14,24.5,,,,,,,5,
sachsen,2019-09-01,1,,,,,,32.1,7.7,8.6,4.5,10.4,27.5,,3.4,,,,,4.9,
sachsen,2020-07-08,0,INSA,LVZ,TOM,1020,29.06.–02.07.,36,7,10,4,11,26,,,,,,,6,
sachsen,2021-01-04,0,INSA,LVZ,TOM,1008,01.12.–15.12.,34,7,10,5,11,26,,,,,,,7,
sachsen,2021-05-25,0,INSA,BILD,TOM,1000,18.05.–25.05.,24,6,13,12,11,26,,,,,,,8,
sachsen,2021-08-16,0,INSA,BILD,TOM,1001,02.08.–09.08.,34,8,7,8,13,25,,,,,,,5,
sachsen,2021-08-20,0,Infratest dimap,MDR,TOM,1179,13.08.–18.08.,35,11,7,6,10,21,,4,,,,,6,
sachsen,2021-09-17,0,INSA,LVZ,TOM,1000,06.09.–13.09.,31,11,7,8,11,26,,,,,,,6,
sachsen,2022-02-24,0,Infratest dimap,MDR,TOM,1178,17.02.–22.02.,27,13,8,7,10,24,,3,,,,,8,
sachsen,2022-04-07,0,INSA,BILD,O,1000,01.04.–06.04.,25,12,9,7,9,28,,3,,,,,7,
sachsen,2023-08-31,0,INSA,"LVZ, SZ Freie Presse",TOM,1500,11.08.–22.08.,29,7,6,5,9,35,,,,,,,9,
sachsen,2024-01-11,0,Forsa,"RTL, ntv",O,1507,07.01.–10.01.,30,7,8,3,6,34,4,3,,,,,5,
sachsen,2024-01-25,0,Infratest dimap,MDR,TOM,1177,18.01.–23.01.,30,7,7,,4,35,8,,,,,,9,
sachsen,2024-03-19,0,INSA,BILD,O,1000,11.03.–18.03.,30,6,5,2,5,34,11,3,,,,,4,
sachsen,2024-06-19,0,INSA,"LVZ,SZ, FP",TOM,1500,10.06.–17.06.,30,5,5,2,4,32,15,,,,,,7,
sachsen,2024-06-20,0,Infratest dimap,MDR,TOM,1157,12.06.–18.06.,29,7,7,,3,30,15,,,,,,9,
sachsen,2024-08-09,0,Forschungsgruppe Wahlen,ZDF,TSM,1003,05.08.–08.08.,34,6,6,,4,30,11,,,,,,9,
sachsen,2024-08-16,0,INSA,"LVZ,SZ, FP",O,1500,05.08.–12.08.,29,5,5,2,5,32,15,4,,,,,3,
sachsen,2024-08-20,0,Forsa,"Stern, RTL",O,1041,07.08.–14.08.,33,6,6,,3,30,13,,,,,,9,
sachsen,2024-08-22,0,Infratest dimap,ARD,TOM,1566,19.08.–21.08.,31,7,6,,4,30,14,,,,,,8,
sachsen,2024-08-23,0,Forschungsgruppe Wahlen,ZDF,TSM,1028,19.08.–22.08.,33,7,6,,4,30,11,,,,,,9,
sachsen,2024-08-24,0,INSA,BamS,O,1000,19.08.–23.08.,30,6,5,,4,32,15,3,,,,,5,
sachsen,2024-08-29,0,Forschungsgruppe Wahlen,ZDF,TSM,1973,26.08.–29.08.,33,6,6,,4,30,12,,,,,,9,
sachsen,2024-08-30,0,Forsa,RTL,TOM,1012,27.08.–29.08.,33,7,6,,3,31,12,,,,,,8,
sachsen,2024-09-01,1,,,,,,31.9,7.3,5.1,0.9,4.5,30.6,11.8,2.3,,,,,5.6,
sachsen,2025-06-07,0,INSA,NIUS*,O,1000,28.05.–04.06.,26,6,5,,9,35,11,,,,,,8,
sachsen,2026-05-21,0,INSA,NIUS*,O,1000,13.05.–20.05.,21,6,6,,9,42,7,,,,,,9,
sachsen-anhalt,1998-01-29,0,Infratest dimap,MDR,1.000 19.01.–25.01.,,,33,38,7,3,16,,,,,,,,3,
sachsen-anhalt,1998-03-12,0,Infratest dimap,MDR,1.000,,,25,45,5,4,16,,,,,,,,5,
sachsen-anhalt,1998-03-18,0,Forsa,Die Woche,1.000 11.03.–16.03.,,,24,44,4,3,19,,,,,,,,2,REP=4
sachsen-anhalt,1998-04-02,0,Forsa,Die Woche,,,,24,44,4,3,20,,,,,,,,2,REP=3
sachsen-anhalt,1998-04-03,0,Forschungsgruppe Wahlen,ZDF,1.034 31.03.–02.04.,,,25,44,4,4,17,,,,,,,,6,
sachsen-anhalt,1998-04-09,0,Infratest dimap,MDR,,,,25,47,4,3,16,,,,,,,,5,
sachsen-anhalt,1998-04-20,0,Forsa,ProSieben,,,,22,41,3,4,19,,,,,,,,5,DVU=6
sachsen-anhalt,1998-04-20,0,Polis,FOCUS,,,,22,44,5,4,19,,,,,,,,3,DVU/REP=6
sachsen-anhalt,1998-04-23,0,Infratest dimap,MDR,,,,26,42,3,5,17,,,,,,,,1,DVU=6
sachsen-anhalt,1998-04-26,1,,,,,,22,35.9,3.2,4.2,19.6,,,,,,,,2.1,DVU=12.9
sachsen-anhalt,2001-08-28,0,Uni Halle,SPD,,,,33,37.4,3,7.5,18.3,,,,,,,,0.8,
sachsen-anhalt,2001-12-18,0,Infratest dimap,MDR,1.000 11.12.–16.12.,,,35,31,2,5,20,,,,,,,,2,SCHILL=3;DVU=2
sachsen-anhalt,2002-01-17,0,Uni Halle,SPD,,,,40.6,29.3,2.1,6.7,19.3,,,,,,,,0.2,SCHILL=1.8
sachsen-anhalt,2002-01-24,0,Forsa,Die Woche,,,,37,25,2,7,25,,,,,,,,2,SCHILL=2
sachsen-anhalt,2002-02-25,0,IfM Leipzig,Mitteldeutsche Zeitung,,,,39,31,2,6,19,,,,,,,,1,SCHILL=2
sachsen-anhalt,2002-02-28,0,Infratest dimap,MDR,1.000 21.02.–26.02.,,,35,30,2,7,20,,,,,,,,2,SCHILL=4
sachsen-anhalt,2002-03-15,0,Forschungsgruppe Wahlen,Magdeburger Volksstimme,,,,36,28,3,7,19,,,,,,,,3,SCHILL=4
sachsen-anhalt,2002-03-28,0,Emnid,n-tv,,,,33,24,2,8,26,,,,,,,,2,SCHILL=5
sachsen-anhalt,2002-04-11,0,Infratest dimap,MDR,1.000 05.04.–09.04.,,,32,25,2,9,23,,,,,,,,4,SCHILL=5
sachsen-anhalt,2002-04-19,0,Forsa,Magdeburger Volksstimme,,,,34,24,2,10,22,,,,,,,,2,SCHILL=6
sachsen-anhalt,2002-04-21,1,,,,,,37.3,20,2,13.3,20.4,,,,,,,,2.5,SCHILL=4.5
sachsen-anhalt,2002-11-06,0,IWD,Magdeburger Volksstimme,,,,31,39.2,4.6,7.8,14.8,,,,,,,,2.6,
sachsen-anhalt,2003-05-07,0,IWD,Mitteldeutsche Zeitung,750 01.04.–09.04.,,,46.2,27.9,4.8,3.8,9,,,,,,,,8.3,
sachsen-anhalt,2003-11-04,0,IWD,Magdeburger Volksstimme,750 13.10.–14.10.,,,43.2,21.1,3.8,6.8,13.9,,,,,,,,11.2,
sachsen-anhalt,2004-03-05,0,IfM Leipzig,Mitteldeutsche Zeitung,1.009 01.03.–02.03.,,,48,21,6,4,19,,,,,,,,2,
sachsen-anhalt,2004-05-04,0,IWD,Wirtschafts- spiegel,750 April,,,33.4,28.6,6.6,7,23,,,,,,,,1.4,
sachsen-anhalt,2004-11-02,0,IWD,Wirtschafts- spiegel,754 Oktober,,,23.8,26.2,7,7,25.1,,,,,,,,7.2,Rechte=3.7
sachsen-anhalt,2005-01-24,0,Infratest dimap,MDR,1.000 14.01.–19.01.,,,37,28,4,6,20,,,,,,,,5,
sachsen-anhalt,2005-04-18,0,dimap,MDR,1.008,,,47,23,3,5,18,,,,,,,,4,
sachsen-anhalt,2005-05-02,0,IWD,Wirtschafts- spiegel,750 08.04.–18.04.,,,37,26,4,5,21,,,,,,,,7,
sachsen-anhalt,2005-09-05,0,IWD,Wirtschafts- spiegel,750 09.08.–15.08.,,,26.6,28.1,3.3,6,30,,,,,,,,4,Rechte=2
sachsen-anhalt,2005-11-25,0,dimap,MDR,2.500,,,33,25,4,9,25,,,,,,,,4,
sachsen-anhalt,2005-12-15,0,Infratest dimap,MDR,1.000 09.12.–13.12.,,,31,30,2,6,27,,,,,,,,4,
sachsen-anhalt,2006-02-02,0,Infratest dimap,MDR,1.000 30.01.–01.02.,,,33,29,3,6,23,,,,,,2,,2,DVU=2
sachsen-anhalt,2006-02-28,0,IWD,Wirtschafts- spiegel,750 25.01.–30.01.,,,38.1,26.9,3.4,6.4,19.2,,,,,,,,3.9,Rechte=2.1
sachsen-anhalt,2006-03-02,0,Infratest dimap,MDR,1.000 27.02.–01.03.,,,36,27,4,6,22,,,,,,,,5,
sachsen-anhalt,2006-03-14,0,IfM Leipzig,Mitteldeutsche Zeitung,1.003 10.03.–13.03.,,,38,25,3,6,23,,,,,,,,3,DVU=1;REP=1
sachsen-anhalt,2006-03-16,0,Infratest dimap,MDR,1.000 13.03.–15.03.,,,36,26,4,6,23,,,,,,,,1.5,DVU=3.5
sachsen-anhalt,2006-03-17,0,Forschungsgruppe Wahlen,ZDF,~ 1.000 13.03.–16.03.,,,37,23,4,6,23,,,,,,,,3,DVU=4
sachsen-anhalt,2006-03-21,0,Emnid,N24,500 07.03.–18.03.,,,36,25,4,6,22,,,,,,,,3,DVU=4
sachsen-anhalt,2006-03-26,1,,,,,,36.2,21.4,3.6,6.7,24.1,,,,,,,,5.1,DVU=3
sachsen-anhalt,2006-11-11,0,IWD,Wirtschafts- spiegel,750 07.10.–13.10.,,,31.2,28.2,4.5,5.6,19.8,,,,,,,,6.2,Rechte=4.5
sachsen-anhalt,2007-04-13,0,Infratest dimap,MDR,1.000 10.04.–12.04.,,,35,24,4,7,25,,,,,,,,2,Rechte=3
sachsen-anhalt,2009-05-14,0,Infratest dimap,MDR,1.000 08.05.–12.05.,,,33,24,6,7,25,,,,,,2,,3,
sachsen-anhalt,2010-03-17,0,Infratest dimap,MDR,1.000 11.03.–15.03.,,,34,20,5,8,29,,,,,,,,4,
sachsen-anhalt,2010-08-25,0,Emnid,DIE LINKE LV ST,1.000 04.08.–14.08.,,,30,22,7,5,27,,,,,,,,9,
sachsen-anhalt,2010-09-23,0,Infratest dimap,MDR,1.001 16.09.–20.09.,,,30,21,9,5,30,,,,,,,,5,
sachsen-anhalt,2011-01-20,0,Infratest dimap,MDR,1.000 14.01.–18.01.,,,32,22,8,4,28,,,,,,3,,3,
sachsen-anhalt,2011-02-17,0,Infratest dimap,MDR,1.000 11.02.–15.02.,,,32,23,7,5,26,,,,,,4,,3,
sachsen-anhalt,2011-02-20,0,Emnid,Focus,1.000 11.02.–17.02.,,,31,22,7,5,27,,,,,,5,,3,
sachsen-anhalt,2011-03-10,0,Infratest dimap,ARD,1.001 08.03.–10.03.,,,33,24,5.5,4.5,25,,,,,,5,,3,
sachsen-anhalt,2011-03-11,0,Forschungsgruppe Wahlen,ZDF,1.680 08.03.–10.03.,,,32,24,5,5,24,,,,,,5,,5,
sachsen-anhalt,2011-03-20,1,,,,,,32.5,21.5,7.1,3.8,23.7,,,2.8,,,4.6,,0.9,TSP=1.6;PIR=1.4
sachsen-anhalt,2013-08-20,0,Infratest dimap,MDR,T,1000,09.08.–14.08.,39,21,7,2,22,,,,,,,,6,PIR=3
sachsen-anhalt,2015-07-01,0,GMS,GMS,T,1008,19.06.–26.06.,35,21,6,4,21,6,,,,,3,,4,
sachsen-anhalt,2015-09-14,0,Infratest dimap,MDR,T,1001,08.09.–12.09.,34,21,7,,26,5,,,,,3,,4,
sachsen-anhalt,2015-12-05,0,INSA,BILD,T,1004,25.11.–03.12.,35,15.5,6,3,23,13.5,,,,,,,4,
sachsen-anhalt,2016-01-14,0,Forschungsgruppe Wahlen,ZDF,T,1003,11.01.–13.01.,33,19,5,3,19,15,,,,,,,6,
sachsen-anhalt,2016-02-17,0,Infratest dimap,MDR,T,1001,10.02.–13.02.,32,18,5,4,20,17,,,,,,,4,
sachsen-anhalt,2016-02-22,0,INSA,BILD,T,1000,19.02.–20.02.,30,16,5,4,21,17,,,,,,,7,
sachsen-anhalt,2016-02-28,0,INSA,BILD,T,1001,25.02.–27.02.,29.5,17,5,5,20,17,,,,,,,6.5,
sachsen-anhalt,2016-03-03,0,Infratest dimap,ARD,T,1001,29.02.–02.03.,31,15,5.5,4.5,21,19,,,,,,,4,
sachsen-anhalt,2016-03-04,0,Forschungsgruppe Wahlen,ZDF,T,1027,29.02.–03.03.,32,15,5,4,20,17,,,,,,,7,
sachsen-anhalt,2016-03-05,0,uniQma,Leipziger Volkszeitung,T,1008,19.02.–29.02.,30,18,5,4,19,17,,4,,,1,,,Son=2
sachsen-anhalt,2016-03-07,0,INSA,BILD,T,1000,01.03.–05.03.,29,15.5,6,4,20,19,,,,,,,6.5,
sachsen-anhalt,2016-03-09,0,Forsa,RTL,T,1001,02.03.–08.03.,30,17,5,5,20,18,,,,,,,5,
sachsen-anhalt,2016-03-10,0,Forschungsgruppe Wahlen,ZDF,T,1096,07.03.–10.03.,32,14,5,4.5,21,18,,,,,,,5.5,
sachsen-anhalt,2016-03-13,1,,,,,,29.8,10.6,5.2,4.9,16.3,24.3,,2.2,,,1.9,,4.9,
sachsen-anhalt,2016-11-22,0,Infratest dimap,MDR,T,1000,15.11.–19.11.,33,15,5,,18,22,,,,,,,7,
sachsen-anhalt,2017-06-22,0,Infratest dimap,MDR,T,1000,12.06.–17.06.,40,13,6,5,20,13,,,,,,,3,
sachsen-anhalt,2018-05-22,0,CONOSCOPE,LzpB ST,T,1100,30.01.–08.03.,35,16,5,6,20,15,,,,,,,3,
sachsen-anhalt,2018-08-28,0,Infratest dimap,MDR,T,1000,21.08.–25.08.,28,14,6,8,19,21,,,,,,,4,
sachsen-anhalt,2020-03-20,0,INSA,BILD,TOM,1005,02.03.–16.03.,25,11,11,4,18,25,,,,,,,6,
sachsen-anhalt,2020-06-05,0,Infratest dimap,MDR,T,1003,28.05.–03.06.,34,13,8,4,16,19,,,,,,,6,
sachsen-anhalt,2020-07-29,0,GMS,GMS,T,1003,15.07.–29.07.,33,12,10,4,16,19,,1,,,,,4,NPD/Rechte=1
sachsen-anhalt,2020-12-02,0,INSA,BILD,TOM,1079,23.11.–30.11.,29,10,10,4,17,23,,,,,,,7,
sachsen-anhalt,2021-01-27,0,INSA,BILD,TOM,1084,19.01.–25.01.,30,10,9,5,16,23,,,,,,,7,
sachsen-anhalt,2021-04-23,0,Infratest dimap,MDR,TOM,1202,16.04.–21.04.,27,12,11,8,12,20,,,,,,,10,
sachsen-anhalt,2021-04-29,0,INSA,BILD,TOM,1042,20.04.–27.04.,26,10,12,6,13,24,,,,,,,9,
sachsen-anhalt,2021-05-26,0,INSA,BILD,TOM,1000,17.05.–23.05.,25,10,11,8,13,26,,,,,,,7,
sachsen-anhalt,2021-05-27,0,Infratest dimap,ARD,TOM,1249,25.05.–26.05.,28,11,9,8,10,24,,3,,,,,7,
sachsen-anhalt,2021-05-28,0,Forschungsgruppe Wahlen,ZDF,T,1008,25.05.–27.05.,29,10,9,8,11,23,,3,,,,,7,
sachsen-anhalt,2021-06-03,0,Forschungsgruppe Wahlen,ZDF,T,1017,02.06.–03.06.,30,10,9,6.5,11.5,23,,3,,,,,7,
sachsen-anhalt,2021-06-04,0,INSA,BILD,TOM,1132,01.06.–04.06.,27,10,8,7,12,26,,3,,,,,7,
sachsen-anhalt,2021-06-06,1,,,,,,37.1,8.4,5.9,6.4,11,20.8,,,,,,,7.2,
sachsen-anhalt,2022-02-24,0,Infratest dimap,MDR,TOM,1161,17.02.–22.02.,33,16,6,5,11,20,,,,,,,9,
sachsen-anhalt,2023-03-21,0,INSA,BILD,O,1000,06.03.–13.03.,35,8,7,6,11,26,,,,,,,7,
sachsen-anhalt,2023-06-27,0,INSA,BILD,O,1000,21.06.–26.06.,31,9,6,6,9,29,,,,,,,10,
sachsen-anhalt,2023-10-24,0,INSA,BILD,O,1000,16.10.–23.10.,32,8,5,4,9,33,,,,,,,9,
sachsen-anhalt,2024-04-18,0,INSA,BILD,O,1000,10.04.–17.04.,32,8,5,4,5,29,10,,,,,,7,
sachsen-anhalt,2024-06-13,0,INSA,BILD,O,1000,03.06.–11.06.,31,7,4,4,5,30,13,,,,,,6,
sachsen-anhalt,2024-07-05,0,INSA,BILD,O,1000,24.06.–02.07.,29,8,4,4,4,29,16,,,,,,6,
sachsen-anhalt,2024-11-05,0,INSA,BILD,O,1000,21.10.–28.10.,32,7,3,4,3,30,16,,,,,,5,
sachsen-anhalt,2025-01-16,0,INSA,BILD,O,1000,08.01.–13.01.,32,8,3,4,4,31,14,,,,,,4,
sachsen-anhalt,2025-06-19,0,INSA,NIUS*,O,1000,10.06.–17.06.,34,7,3,2,11,30,8,,,,,,5,
sachsen-anhalt,2025-09-04,0,Infratest dimap,"MDR, MZ, Volksstimme",TOM,1167,28.08.–02.09.,27,7,3,,13,39,6,,,,,,5,
sachsen-anhalt,2025-10-15,0,INSA,NIUS*,O,1000,07.10.–14.10.,26,6,3,3,11,40,6,,,,,,5,
sachsen-anhalt,2026-01-27,0,INSA,NIUS*,O,1000,20.01.–27.01.,26,8,3,2,11,39,6,,,,,,5,
sachsen-anhalt,2026-03-25,0,INSA,NIUS*,O,1000,17.03.–24.03.,25,6,4,3,13,38,5,,,,,,6,
sachsen-anhalt,2026-05-07,0,Infratest dimap,"MDR, MZ, Volksstimme",TOM,1164,29.04.–05.05.,26,7,4,,12,41,4,,,,,,6,
sachsen-anhalt,2026-05-13,0,INSA,NIUS*,O,1000,05.05.–12.05.,24,6,4,3,13,42,4,,,,,,4,
sachsen-anhalt,2026-07-03,0,INSA,NIUS*,O,1000,23.06.–30.06.,23,6,4,4,13,41,5,,,,,,4,
sachsen-anhalt,2026-07-23,0,INSA,FOCUS online,O,1000,14.07.–21.07.,24,5,4,4,14,41,4,,,,,,4,
sachsen-anhalt,2026-07-30,0,Infratest dimap,"MDR, WDR, MZ, Volksstimme",TOM,1149,23.07.–28.07.,24,7,5,,13,41,4,,,,,,6,
sachsen-anhalt,2026-08-10,0,INSA,BILD,O,1000,31.07.–06.08.,22,6,4,4,13,42,5,,,,,,4,
sachsen-anhalt,2026-08-12,0,pollytix,Campact,TOM,2604,03.08.–08.08.,23,7,5,2,13,43,4,,,,,,3,
sachsen-anhalt,2026-08-26,0,Infratest dimap,ARD,TOM,1511,24.08.–25.08.,22,8,6,3,11,42,4,,,,,,4,
sachsen-anhalt,2026-08-28,0,Forschungsgruppe Wahlen,ZDF,TSM,1053,25.08.–27.08.,23,9,6,3,13,40,3,,,,,,3,
sachsen-anhalt,2026-09-02,0,INSA,NIUS*,O,1000,26.08.–01.09.,22,7,5,3,12,43,4,,,,,,4,
sachsen-anhalt,2026-09-03,0,Forschungsgruppe Wahlen,ZDF,TSM,1044,01.09.–03.09.,23,8.5,6,3,11.5,41,4,,,,,,3,
sachsen-anhalt,2026-09-06,1,,,,,,17.2,9.3,8.9,2.6,8.6,43.8,5.3,1.2,,,,,3.2,
schleswig-holstein,1992-04-05,1,,,,,,33.8,46.2,4.97,5.6,,,,,,1.9,,,1.2,DVU=6.3
schleswig-holstein,1993-12-01,0,Infas,NDR,,,,30,41,12,,,,,,,,,,,
schleswig-holstein,1996-02-26,0,Infas,NDR,,,,35,44,9,5,,,,,,1.5,,,,DVU=3.5
schleswig-holstein,1996-03-24,1,,,,,,37.2,39.8,8.1,5.7,,,,,,2.5,,,0.4,DVU=4.3;WSH=1.9
schleswig-holstein,1999-01-14,0,Infratest Burke,R.SH,,,,36,46,5,5,,,,,,,,,8,
schleswig-holstein,1999-03-05,0,Infratest Burke,R.SH,,,,41,42,5,4,,,,,,,,,8,
schleswig-holstein,1999-09-17,0,Infratest Burke,R.SH,T,508,16.08.–05.09.,45,42,4,4,,,,,,,,,,
schleswig-holstein,1999-11-05,0,Infratest Burke,R.SH,,,,47,37,5,4,,,,,,,,,7,
schleswig-holstein,1999-12-15,0,Infratest dimap,NDR,T,1000,03.12.–09.12.,42,41,5,5,,,,,,3,,,4,
schleswig-holstein,1999-12-18,0,Infratest Burke,R.SH,T,1000,,43,40,,,,,,,,,,,,
schleswig-holstein,2000-01-12,0,Forsa,"Lübecker Nachrichten, Die Woche",T,1000001001,,41,43,4,5,,,,,,3,,,4,
schleswig-holstein,2000-01-12,0,Infratest dimap,NDR,T,10000101,,41,42,6,6,,,,,,2,,,3,
schleswig-holstein,2000-01-20,0,Infratest dimap,ARD,T,1001,,35,45,5,7,,,,,,,,,8,
schleswig-holstein,2000-01-26,0,Forsa,RTL,T,1008,20.01.–24.01.,39,43,5,6,,,,,,3,,,4,
schleswig-holstein,2000-01-28,0,Infratest Burke,R.SH,T,,,37,44,5,6,,,,,,3,,,5,
schleswig-holstein,2000-02-02,0,Forsa,"Lübecker Nachrichten, Die Woche",T,1000,27.01.–31.01.,40,42,4,6,,,,,,3,,,5,
schleswig-holstein,2000-02-02,0,Infratest dimap,NDR,T,1000,24.01.–30.01.,34,45,5,8,,,,,,4,,,4,
schleswig-holstein,2000-02-04,0,Forschungsgruppe Wahlen,ZDF,T,1003,31.01.–02.02.,34,44,8,8,,,,,,4,,,2,
schleswig-holstein,2000-02-16,0,Forsa,"Lübecker Nachrichten, Die Woche",T,1000,,37,44,5,6,,,,,,3,,,5,
schleswig-holstein,2000-02-16,0,Infratest dimap,NDR,T,1000,,33,45,4.5,9.5,,,,,,4,,,4,
schleswig-holstein,2000-02-18,0,Infratest Burke,R.SH,T,,,,46,,,,,,,,4,,,,
schleswig-holstein,2000-02-25,0,Forsa,RTL,,,,36,44,5,6,,,,,,4,,,5,
schleswig-holstein,2000-02-27,1,,,,,,35.2,43.1,6.2,7.6,1.4,,,,,4.1,1,,1.3,
schleswig-holstein,2001-05-02,0,dimap,FDP,T,1005,,35,41,6,10,,,,,,4,,,4,
schleswig-holstein,2003-12-17,0,dimap,FDP,,,,48,29,9,6,,,,,,4,,,4,
schleswig-holstein,2004-02-22,0,Forsa,Lübecker Nachrichten,,,,44,33,8,8,,,,,,4,,,3,
schleswig-holstein,2004-05-28,0,dimap,CDU-LV,T,1005,07.05.–12.05,48,31,9,6,,,,,,4,,,2,
schleswig-holstein,2004-08-22,0,Forsa,Lübecker Nachrichten,,,,40,32,9,8,,,,,,5,,,6,
schleswig-holstein,2004-08-26,0,Infratest dimap,NDR,T,1000,18.08.–23.08,42,31,11,7,,,,,,4,,,5,
schleswig-holstein,2004-11-05,0,Infratest dimap,ARD,T,1000,01.11.–03.11,39,38,10,6,,,,,,3,,,4,
schleswig-holstein,2004-12-15,0,Infratest dimap,NDR,T,1000,08.12.–13.12,39,38,8,7,,,,,,3,,,5,
schleswig-holstein,2004-12-23,0,Forsa,Lübecker Nachrichten,T,752,17.12.–21.12,37,39,7,7,,,,,,4,,,6,
schleswig-holstein,2005-01-21,0,Infratest dimap,NDR,T,1000,14.01.–18.01,37,40,8,7,,,,,,3,,,5,
schleswig-holstein,2005-02-08,0,Forsa,Lübecker Nachrichten,T,1059,01.02.–04.02,37,40,7,7,,,,,,3,,,6,
schleswig-holstein,2005-02-10,0,Infratest dimap,NDR,T,1000,07.02.–09.02.,36,41,7.5,7,,,,,,3,2.5,,3,
schleswig-holstein,2005-02-11,0,Forschungsgruppe Wahlen,ZDF,T,1106,08.02.–10.02.,37,40,7,7,,,,,,4,3,,2,
schleswig-holstein,2005-02-15,0,Universität Kiel,Uni Kiel,T,750,17.01.–11.02.,37.3,39.4,10.6,7,1.2,,,,,3.3,1.2,,,
schleswig-holstein,2005-02-16,0,Forsa,n-tv,T,1002,,37,40,6,7,,,,,,4,,,6,
schleswig-holstein,2005-02-20,1,,,,,,40.2,38.7,6.2,6.6,0.8,,,,,3.6,1.9,,2,
schleswig-holstein,2005-03-24,0,Forsa,Lübecker Nachrichten,T,,,51,31,5,5,,,,,,3,,,5,
schleswig-holstein,2005-08-05,0,Infratest dimap,NDR,T,1000,28.07.–03.08.,47,30,7,7,4,,,,,3,,,2,
schleswig-holstein,2006-06-13,0,dimap,Flensburger Tageblatt,T,1000,,41,33,9,8,,,,,,3,,,6,
schleswig-holstein,2007-02-02,0,Emnid,CDU-LV/ -LT-Fraktion,T,1002,03.11.–14.11.,38,30,11,11,3,,,,,3,,,4,
schleswig-holstein,2007-03-31,0,IfM Leipzig,sh:z,T,1000,26.03.–29.03.,38,36,10,7,2,,,,,3,,,4,
schleswig-holstein,2007-06-06,0,dimap,FDP-LT- Fraktion,T,1000,29.05.–03.06.,39,33,10,9,3,,,,,3,,,3,
schleswig-holstein,2007-08-23,0,Forsa,n-tv,T,1070,30.07.–22.08.,40,32,9,8,3,,,,,4,,,4,
schleswig-holstein,2007-09-22,0,Psephos,Lübecker Nachrichten,T,607,19.09.–20.09.,39,35,8,7,4,,,,,4,,,3,
schleswig-holstein,2007-11-19,0,dimap,Centrum für polit. Studien,T,1000,01.11.–07.11.,40,34,9,8,4,,,,,3,,,2,
schleswig-holstein,2007-12-06,0,Emnid,CDU-LV/ -LT-Fraktion,T,1005,08.11.–19.11.,39,31,9,10,4,,,,,3,,,,Rechte=4
schleswig-holstein,2008-12-11,0,dimap,Centrum für polit. Studien,T,1005,03.12.–07.12.,40,31,10,9,4,,,,,3,,,3,
schleswig-holstein,2009-02-26,0,dimap,Centrum für polit. Studien,T,1008,20.02.–24.02.,38,29,9,14,3,,,,,3,,,4,
schleswig-holstein,2009-05-15,0,Infratest dimap,NDR,T,1000,08.05.–13.05.,37,27,11,15,4,,,,,3,,,3,
schleswig-holstein,2009-07-17,0,Forsa,Lübecker Nachrichten,681 16.07.,,,38,27,8,14,5,,,,,4,,,4,
schleswig-holstein,2009-07-18,0,Infratest dimap,NDR,T,1007,16.07.–17.07.,36,24,14,15,5,,,,,3,,,3,
schleswig-holstein,2009-07-18,0,Psephos,Hamburger Abendblatt,T,672,16.07.–17.07.,39,25,11,14,4,,,,,4,,,3,
schleswig-holstein,2009-07-24,0,IfM Leipzig,sh:z,T,8042307,,32,23,15,17,5,,,,,4,,,4,
schleswig-holstein,2009-09-04,0,Infratest dimap,NDR,T,1003,31.08.–02.09.,33,24,14,16,7,,,,,3,,,3,
schleswig-holstein,2009-09-11,0,Infratest dimap,NDR,T,1002,07.09.–09.09.,33,24,12,15,8,,,,,4,,,4,
schleswig-holstein,2009-09-16,0,Infratest dimap,ARD,T,1000,14.09.–16.09.,33,25,13,14,6,,,,,5,,,4,
schleswig-holstein,2009-09-18,0,Forschungsgruppe Wahlen,ZDF,T,1000,14.09.–17.09.,32,27,12,14,7,,,,,4,,,4,
schleswig-holstein,2009-09-19,0,Forsa,Lübecker Nachrichten,T,752,16.09.–18.09.,31,26,11,16,6,,,,,5,,,5,
schleswig-holstein,2009-09-21,0,GMS,Sat.1 Nord- deutschland,T,1006,18.09.–20.09.,31,28,13,14,6,,,,,4,,,4,
schleswig-holstein,2009-09-27,1,,,,,,31.5,25.4,12.4,14.9,6,,,,1.8,4.3,0.9,,2.6,
schleswig-holstein,2010-04-03,0,IfM Leipzig,sh:z,T,823,29.03.–31.03.,31,22,20,12,6,,,,,4,,,5,
schleswig-holstein,2010-09-01,0,Infratest dimap,NDR,T,1001,30.08.–31.08.,32,32,19,5,4,,,,,4,,,4,
schleswig-holstein,2010-09-02,0,Forsa,Lübecker Nachrichten,T,751,31.08.–01.09.,31,31,18,7,5,,,,,5,,,3,
schleswig-holstein,2011-05-17,0,Infratest dimap,NDR,T,1000,13.05.–16.05.,33,31,22,4,2,,,,1,4,,,3,
schleswig-holstein,2011-08-17,0,Forsa,Lübecker Nachrichten,T,7521508,,30,32,19,4,4,,,,,4,,,7,
schleswig-holstein,2011-09-28,0,Infratest dimap,NDR,T,1000,26.09.–27.09.,30,34,21,3,2,,,,4,3,,,3,
schleswig-holstein,2011-11-18,0,Forsa,sh:z,T,1002,15.11.–17.11.,33,32,17,3,3,,,,6,3,,,3,
schleswig-holstein,2012-01-20,0,Emnid,FDP- Bundesverband,T,1000,17.01.–19.01.,34,32,15,4,3,,,,7,3,,,2,
schleswig-holstein,2012-02-17,0,Infratest dimap,NDR,T,1000,13.02.–16.02.,33,33,16,3,3,,,,5,3,,,4,
schleswig-holstein,2012-03-05,0,Forsa,CDU- Landesverband,T,0,,35,35,13,2,3,,,,5,4,,,,
schleswig-holstein,2012-03-16,0,dimap,FDP- Bundesverband,T,1003,09.03.–13.03.,34,33,15,4,3,,,,5,4,,,,
schleswig-holstein,2012-03-29,0,Infratest dimap,NDR,T,1000,22.03.–27.03.,34,32,15,4,4,,,,5,4,,,2,
schleswig-holstein,2012-04-12,0,Infratest dimap,NDR,T,1000,10.04.–11.04.,32,32,12,4,3,,,,11,4,,,2,
schleswig-holstein,2012-04-19,0,Infratest dimap,NDR,T,1000,12.04.–17.04.,31,32,13,5,2,,,,10,4,,,3,
schleswig-holstein,2012-04-26,0,Infratest dimap,ARD,T,1001,24.04.–26.04.,30,32,13,6,2.5,,,,9,4.5,,,3,
schleswig-holstein,2012-04-27,0,Forschungsgruppe Wahlen,ZDF,T,1003,23.04.–26.04.,31,31,12.5,7,2.5,,,,9,4,,,3,
schleswig-holstein,2012-05-02,0,GMS,Sat.1 Nord- deutschland,T,1002,28.04.–01.05.,32,33,12,6,2,,,,8,4,,,3,
schleswig-holstein,2012-05-06,1,,,,,,30.8,30.4,13.2,8.2,2.3,,,,8.2,4.6,,,2.4,
schleswig-holstein,2013-05-07,0,Infratest dimap,NDR,T,1003,02.05.–05.05.,34,31,15,6,3,,,,3,4,,,4,
schleswig-holstein,2014-10-31,0,Infratest dimap,NDR,T,1002,27.10.–29.10.,34,29,15,3,5,7,,,2,3,,,2,
schleswig-holstein,2016-04-16,0,Forsa,Lübecker und Kieler Nachrichten,T,1001,06.04.–12.04.,28,28,16,9,3,9,,,1,4,,,2,
schleswig-holstein,2016-10-19,0,INSA,BILD,T,1000,06.10.–14.10.,26,31,13,12,4,6,,,1,4,,,3,
schleswig-holstein,2016-12-09,0,Infratest dimap,NDR,T,1001,02.12.–06.12.,34,26,15,9,5,6,,,,3,,,2,
schleswig-holstein,2017-03-16,0,Infratest dimap,NDR,T,1000,09.03.–14.03.,27,33,14,9,4,7,,,,3,,,3,
schleswig-holstein,2017-04-06,0,Infratest dimap,NDR,T,1002,30.03.–04.04.,30,33,12,9,4,7,,,,3,,,2,
schleswig-holstein,2017-04-20,0,Infratest dimap,NDR,T,1002,18.04.–19.04.,31,33,12,9,4,5,,,,3,,,3,
schleswig-holstein,2017-04-27,0,Forschungsgruppe Wahlen,ZDF,T,1001,24.04.–26.04.,32,30,12,9,5,6,,,,3,,,3,
schleswig-holstein,2017-04-27,0,Infratest dimap,ARD,T,1003,25.04.–26.04.,32,31,12,8.5,4.5,6,,,,3,,,3,
schleswig-holstein,2017-04-29,0,INSA,BILD,T,1004,26.04.–28.04.,33,29,12,10,5,5,,,,4,,,2,
schleswig-holstein,2017-05-04,0,Forschungsgruppe Wahlen,ZDF,T,1814,02.05.–04.05.,32,29,12,11,4.5,6,,,,3,,,2.5,
schleswig-holstein,2017-05-07,1,,,,,,32,27.3,12.9,11.5,3.8,5.9,,,1.2,3.3,,,2.3,
schleswig-holstein,2018-04-20,0,Infratest dimap,NDR,T,1002,12.04.–18.04.,34,22,18,8,6,6,,,,3,,,3,
schleswig-holstein,2019-02-08,0,INSA,BILD,TOM,1002,28.01.–04.02.,30,20,22,9,5,7,,1,,3,,,3,
schleswig-holstein,2020-01-28,0,INSA,BILD,TOM,1000,13.01.–20.01.,28,20,26,9,3,7,,,,3,,,4,
schleswig-holstein,2020-11-25,0,INSA,BILD,TOM,1002,16.11.–23.11.,33,20,24,8,3,6,,,,3,,,3,
schleswig-holstein,2021-05-19,0,INSA,BILD,TOM,1000,10.05.–17.05.,25,21,27,11,3,6,,2,,3,,,2,
schleswig-holstein,2021-05-28,0,Infratest dimap,NDR,TOM,1220,21.05.–26.05.,28,15,27,11,4,6,,,,3,,,6,
schleswig-holstein,2021-11-24,0,INSA,BILD,O,1001,15.11.–22.11.,21,28,18,14,4,7,,2,,3,,,3,
schleswig-holstein,2022-01-20,0,Infratest dimap,NDR,TOM,1167,13.01.–18.01.,28,23,20,10,3,7,,,,4,,,5,
schleswig-holstein,2022-02-02,0,INSA,BILD,O,1003,24.01.–31.01.,25,28,15,12,4,7,,3,,3,,,3,
schleswig-holstein,2022-03-10,0,Infratest dimap,NDR,TOM,1168,03.03.–08.03.,33,20,20,9,3,6,,,,4,,,5,
schleswig-holstein,2022-03-29,0,INSA,BILD,O,1008,21.03.–28.03.,28,27,16,11,3,6,,2,,4,,,3,
schleswig-holstein,2022-03-31,0,Infratest dimap,NDR,TOM,1158,24.03.–29.03.,36,20,18,8,,6,,,,4,,,8,
schleswig-holstein,2022-04-21,0,Infratest dimap,NDR,TOM,1172,13.04.–19.04.,38,20,16,9,,6,,,,4,,,7,
schleswig-holstein,2022-04-28,0,Infratest dimap,ARD,TOM,1530,25.04.–27.04.,38,19,16,9,,5,,,,5,,,8,
schleswig-holstein,2022-04-29,0,Forschungsgruppe Wahlen,ZDF,T,1011,25.04.–28.04.,38,19,17,7,3,6,,,,5,,,5,
schleswig-holstein,2022-05-03,0,INSA,BILD,O,1000,25.04.–02.05.,36,20,16,9,3,6,,,,5,,,5,
schleswig-holstein,2022-05-05,0,Forschungsgruppe Wahlen,ZDF,T,1704,02.05.–05.05.,38,18,18,8,,6,,,,6,,,6,
schleswig-holstein,2022-05-08,1,,,,,,43.4,16,18.3,6.4,1.7,4.4,,,0.3,5.7,,,3.8,
schleswig-holstein,2023-04-25,0,INSA,BILD,O,1000,17.04.–24.04.,39,16,17,8,2,7,,,,7,,,4,
schleswig-holstein,2023-04-27,0,Infratest dimap,NDR,TOM,1160,20.04.–25.04.,38,15,17,8,,8,,,,7,,,7,
schleswig-holstein,2023-11-15,0,INSA,BILD,O,1000,06.11.–13.11.,40,15,16,6,,12,,,,6,,,5,
schleswig-holstein,2025-01-22,0,INSA,BILD,O,1000,13.01.–20.01.,39,16,13,4,,14,3,2,,6,,,,Son=3
schleswig-holstein,2026-04-16,0,Infratest dimap,NDR,TOM,1155,08.04.–13.04.,33,12,19,4,6,15,,,,5,,,6,
schleswig-holstein,2026-07-14,0,INSA,BILD,O,1000,07.07.–14.07.,27,15,17,6,7,18,,,,6,,,4,
thueringen,1999-08-06,0,Infratest dimap,MDR,T,100020707,,44,26,2,2,19,,,,,,,,2,Rechte=5
thueringen,1999-09-01,0,Infratest dimap,MDR,T,100000,,45,22,3,2,21,,,,,,,,1,Rechte=6
thueringen,1999-09-12,1,,,,,,51,18.5,1.9,1.1,21.4,,,,,,,,3,DVU=3.1
thueringen,2001-07-10,0,IfM Leipzig,Freies Wort,T,,,46,23,2,1,23,,,,,,,,5,
thueringen,2001-10-27,0,IfM Leipzig,Freies Wort,T,,,39,32,3,2,21,,,,,,,,3,
thueringen,2001-11-03,0,apropro!,Thüringer Allgemeine,T,,,34,30,2,6,27,,,,,,,,1,
thueringen,2001-12-21,0,IfM Leipzig,Freies Wort,T,,,41,30,2,4,21,,,,,,,,2,
thueringen,2002-04-20,0,IfM Leipzig,Freies Wort,T,,,42,27,3,6,20,,,,,,,,2,
thueringen,2002-04-22,0,apropro!,BILD*,T,,,42,27,3,6,20,,,,,,,,2,
thueringen,2002-07-09,0,IfM Leipzig,Freies Wort,T,,,43,29,2,6,19,,,,,,,,,
thueringen,2002-10-22,0,IfM Leipzig,Freies Wort,T,,,39,41,4.5,2,11.5,,,,,,,,2,
thueringen,2003-01-24,0,IfM Leipzig,Freies Wort,T,,,48,26,6,3,15,,,,,,,,3,
thueringen,2003-03-08,0,apropro!,Thüringer Allgemeine,T,,,41,26,7,6,19,,,,,,,,1,
thueringen,2003-04-08,0,IfM Leipzig,Freies Wort,T,,,41,31,5,4,16,,,,,,,,3,
thueringen,2003-06-20,0,Projekt Contor,B’90/GRÜNE Thüringen,T,50203,,45,25,7,5,17,,,,,,,,1,
thueringen,2003-07-05,0,apropro!,Thüringer Allgemeine,T,,,38,31,8,4,18,,,,,,,,1,
thueringen,2003-07-18,0,IfM Leipzig,Freies Wort,T,,,45,28,5,4,15,,,,,,,,3,
thueringen,2003-10-16,0,IfM Leipzig,Freies Wort,T,811,,55,22,3,3,15,,,,,,,,2,
thueringen,2003-11-08,0,apropro!,Thüringer Allgemeine,T,,,45,23,8,4,19,,,,,,,,1,
thueringen,2003-12-06,0,apropro!,Thüringer Allgemeine,T,,,43,24,6,5,22,,,,,,,,,
thueringen,2004-02-28,0,IfM Leipzig,Freies Wort,T,,,50,19,7,4,18,,,,,,,,2,
thueringen,2004-03-09,0,aproxima,Thüringer Allgemeine,T,1042,,42,23,7,6,22,,,,,,,,,
thueringen,2004-03-25,0,Infratest dimap,MDR,T,1000,18.03.–23.03.,48,21,4,3,20,,,,,,,,4,
thueringen,2004-03-27,0,aproxima,Südthüringer Zeitung,T,1020,17.03.–23.03.,45,24,7,3,21,,,,,,,,,
thueringen,2004-04-30,0,aproxima,Südthüringer Zeitung,T,1014,,45,23,7,3,20,,,,,,,,2,
thueringen,2004-06-01,0,aproxima,Thüringer Allgemeine,T,1000,25.05.–29.05.,42,24,7,3,21,,,,,,,,3,
thueringen,2004-06-02,0,Forsa,"Stern, RTL",T,1002,26.05.–28.05.,43,20,6,3,23,,,,,,,,5,
thueringen,2004-06-02,0,Infratest dimap,MDR,T,1000,25.05.–29.05.,45,21,4,4,21,,,,,,,,5,
thueringen,2004-06-03,0,IfM Leipzig,Freies Wort,T,811,,49,20,4,3,21,,,,,,,,3,
thueringen,2004-06-04,0,Forsch’gr. Wahlen,ZDF,T,1001,01.06.–03.06.,44,22,5,5,21,,,,,,,,3,
thueringen,2004-06-04,0,Infratest dimap,MDR,T,1000,29.05.–03.06.,45,20,4.5,4,22,,,,,,,,4.5,
thueringen,2004-06-13,1,,,,,,43,14.5,4.5,3.6,26.1,,,,,,,,8.3,
thueringen,2005-01-24,0,IfM Leipzig,Freies Wort,T,806,,39,23,4,4,22,,,,,,,,4,Rechte=4
thueringen,2005-06-06,0,IfM Leipzig,Freies Wort,T,80328053005,,45,20,4,5,21,,,,,,,,5,
thueringen,2005-07-19,0,Uni Jena,Thüringer Staatskanzlei,~1.000 Anfang Juli,,,40,15,4,5,31,,,,,,,,2,Rechte=3
thueringen,2006-01-03,0,IfM Leipzig,Freies Wort,T,806,12.12.–15.12.,36,27,3,5,26,,,,,,,,3,
thueringen,2006-03-07,0,IfM Leipzig,Freies Wort,T,802,07.02.–08.02.,34,29,3,4,24,,,,,,,,6,
thueringen,2006-08-28,0,IfM Leipzig,Freies Wort,T,810,16.08.–17.08.,33,30,4,3,26,,,,,,,,4,
thueringen,2006-12-15,0,IfM Leipzig,Freies Wort,T,802,,34,27,5,4,25,,,,,,2,,3,
thueringen,2007-02-23,0,IfM Leipzig,Freies Wort,T,,,30,28,6,5,26,,,,,,,,5,
thueringen,2007-05-20,0,Emnid,Bild am Sonntag,T,516,30.04.–16.05.,32,23,6,6,27,,,,,,,,6,
thueringen,2007-05-24,0,IfM Leipzig,Freies Wort,T,801,12.05.–15.05.,34,26,5,5,25,,,,,,,,3,Rechte=2
thueringen,2007-07-17,0,dimap,MDR,T,1003,09.07.–13.07.,40,24,4,4,25,,,,,,,,3,
thueringen,2007-08-29,0,IfM Leipzig,Freies Wort,T,801,21.08.–22.08.,36,25,3,3,29,,,,,,,,2,Rechte=2
thueringen,2007-12-17,0,IfM Leipzig,Freies Wort,T,803,10.12.–12.12.,35,25,5,4,25,,,,,,,,4,Rechte=2
thueringen,2008-02-28,0,Infratest dimap,Thüringer Staatskanzlei,T,10002007,,35,23,5,5,26,,,,,,,,,Rechte=3
thueringen,2008-03-02,0,Emnid,Bild am Sonntag,T,500,13.02.–27.02.,36,24,4,5,25,,,,,,,,,
thueringen,2008-04-15,0,IfM Leipzig,Freies Wort,T,804,08.04.–10.04.,33,21,6,5,29,,,,,,,,6,
thueringen,2008-05-08,0,Infratest dimap,MDR,T,1000,05.05.–07.05.,33,23,5,5,29,,,,,,,,5,
thueringen,2008-07-30,0,dimap,Thüringer Staatskanzlei,T,1001,26.06.–10.07.,31,20,5,6,31,,,,,,,,3,Rechte=4
thueringen,2008-09-10,0,Forsa,Thüringer Allgemeine,T,863,25.08.–09.09.,37,15,4,5,32,,,,,,4,,3,
thueringen,2008-11-05,0,IfM Leipzig,Freies Wort,T,805,21.10.–23.10.,33,18,5,6,30,,,,,,,,4,Rechte=3
thueringen,2009-01-22,0,Forsa,Tolles Thüringen,T,751,12.01.–16.01.,39,16,5,5,28,,,,,,,,3,Rechte=4
thueringen,2009-03-10,0,GESS,Centrum für polit. Studien,T,1004,04.03.–07.03.,39,18,4,8,25,,,,,,,,6,
thueringen,2009-03-25,0,Infratest dimap,MDR,T,1000,18.03.–22.03.,36,20,5,8,25,,,,,,,,6,
thueringen,2009-05-14,0,Infratest dimap,MDR,T,1000,08.05.–12.05.,39,20,5,6,25,,,,,,2,,3,
thueringen,2009-05-19,0,Forsa,Stern,T,1005,04.05.–15.05.,40,18,4,6,26,,,,,,3,,3,
thueringen,2009-05-25,0,IfM Leipzig,Freies Wort,T,801,11.05.–13.05.,36,23,5,8,23,,,,,,,,2,Rechte=3
thueringen,2009-06-25,0,Infratest dimap,MDR,T,1000,19.06.–23.06.,36,18,6,9,24,,,,,,,,4,Rechte=3
thueringen,2009-07-29,0,Forsa,Stern,T,1004,13.07.–24.07.,40,16,6,6,24,,,,,,3,,5,
thueringen,2009-08-12,0,Infratest dimap,MDR,T,1000,07.08.–11.08.,34,20,6,9,24,,,,,,3,,4,
thueringen,2009-08-20,0,Infratest dimap,ARD,T,1000,18.08.–20.08.,34,19,6,8,24,,,,,,4,,5,
thueringen,2009-08-21,0,Forschungsgruppe Wahlen,ZDF,T,1000,17.08.–20.08.,35,18,5,10,25,,,,,,,,7,
thueringen,2009-08-22,0,IfM Leipzig,Freies Wort,T,805,10.08.–13.08.,37,20,5,9,23,,,,,,,,3,Rechte=3
thueringen,2009-08-25,0,TU Ilmenau,TU Ilmenau,T,369,10.08.–22.08.,41,15,10,8,23,,,,,,,,3,
thueringen,2009-08-30,1,,,,,,31.2,18.5,6.2,7.6,27.4,,,3.9,,,4.3,,0.9,
thueringen,2010-05-05,0,Infratest dimap,MDR,T,1000,28.04.–02.05.,32,21,6,5,29,,,,,,,,7,
thueringen,2011-08-13,0,IfM Leipzig,Osterländer Volkszeitung,T,1005,03.08.–08.08.,33,20,11,4,25,,,,,,,,7,
thueringen,2012-05-08,0,"YouGov, INSA",Thüringer Allg. (Quelle),O,2990404,,28,21,6,2,23,,,,,,,,,PIR=9
thueringen,2012-05-18,0,Infratest dimap,MDR,T,1000,10.05.–15.05.,35,24,6,2,23,,,,,,,,,PIR=6;=4
thueringen,2012-07-20,0,aproxima,aproxima,T,15000707,,28,19,,,13,,,,,,,,,PIR=4
thueringen,2013-07-05,0,Infratest dimap,MDR,T,1000,27.06.–30.06.,41,20,8,3,21,,,,,,,,,PIR=3;=4
thueringen,2013-08-20,0,Infratest dimap,MDR,T,1002,09.08.–15.08.,43,20,7,2,20,,,,,,,,8,
thueringen,2013-11-05,0,Emnid,Emnid,T,1000,09.10.–23.10.,39,17,5,1,26,7,,,,,2,,3,
thueringen,2013-11-09,0,INSA,Thüringer Allgemeine,T,1000,05.11.–08.11.,36,,6,2,27,6,,,,,,,,
thueringen,2013-12-27,0,INSA,BILD,T,1002,19.11.–25.11.,35,18,7,2,27,5,,,,,,,,
thueringen,2014-01-28,0,aproxima,Thüringische Landeszeitung,T,505,17.01.–21.01.,27,22,11,3,28,3,,2,,,1,,1,PIR=2
thueringen,2014-02-20,0,INSA,BILD,T,100000,,35,20,5,3,25,5,,2,,,,,5,
thueringen,2014-03-14,0,Infratest dimap,MDR,T,1000,06.03.–10.03.,38,17,6,2,28,5,,,,,,,4,
thueringen,2014-05-14,0,Infratest dimap,MDR,T,1001,07.05.–11.05.,36,19,5,2,28,4,,,,,3,,3,
thueringen,2014-07-05,0,INSA,Thüringische Landeszeitung,T,2009,05.06.–01.07.,33,18,6,3,25,7,,2,,,,,4,PIR=2
thueringen,2014-07-15,0,Infratest dimap,MDR,T,1000,09.07.–13.07.,36,19,6,2,27,4,,,,,2,,4,
thueringen,2014-08-08,0,INSA,BILD,T,500,23.07.–01.08.,34,19,6,4,26,5,,,,,,,6,
thueringen,2014-09-04,0,Forschungsgruppe Wahlen,ZDF,T,1002,01.09.–03.09.,36,16,6,,26,8,,,,,,,8,
thueringen,2014-09-04,0,Infratest dimap,MDR,T,1001,02.09.–04.09.,34,16,5,3,28,7,,,,,4,,3,
thueringen,2014-09-11,0,Forschungsgruppe Wahlen,ZDF,T,949,10.09.–11.09.,36,16,5.5,,26,8,,,,,,,8.5,
thueringen,2014-09-14,1,,,,,,33.5,12.4,5.7,2.5,28.2,10.6,,1.7,,,3.6,,0.9,PIR=1
thueringen,2015-02-03,0,INSA,Thüringische Landeszeitung,T,1000,26.01.–02.02.,40,11,6,,29,10,,,,,,,4,
thueringen,2015-04-01,0,INSA,Thüringische Landeszeitung,T,1004,23.03.–27.03.,38,11,7,3,28,7,,,,,,,6,
thueringen,2015-06-05,0,Infratest dimap,MDR,T,1002,28.05.–01.06.,34,14,7,2,27,8,,,,,3,,5,
thueringen,2015-07-08,0,INSA,Thüringische Landeszeitung,T,1006,01.07.–06.07.,38,11,6,2,30,8,,,,,2,,3,
thueringen,2015-09-17,0,Infratest dimap,MDR,T,1000,09.09.–14.09.,35,13,7,,27,9,,,,,4,,5,
thueringen,2015-10-16,0,INSA,Thüringische Landeszeitung,T,1017,07.10.–12.10.,35.5,15.5,6.5,,24.5,12,,,,,,,6,
thueringen,2016-01-15,0,INSA,Thüringische Landeszeitung,T,1002,04.01.–11.01.,33.5,14.5,7,,27,13.5,,,,,,,4.5,
thueringen,2016-04-20,0,INSA,Thüringische Landeszeitung,T,1000,04.04.–12.04.,31,13,8.5,4,26.5,15,,,,,,,2,
thueringen,2016-06-17,0,Infratest dimap,MDR,T,1701,10.06.–15.06.,32,11,7,,25,19,,,,,,,6,
thueringen,2016-06-22,0,INSA,Thüringische Landeszeitung,T,1001,17.06.–21.06.,31.5,11.5,7,3.5,26,17.5,,,,,,,3,
thueringen,2016-11-22,0,Infratest dimap,MDR,T,1000,15.11.–19.11.,32,12,6,3,23,21,,,,,,,3,
thueringen,2016-12-02,0,INSA,Thüringische Landeszeitung,T,1002,15.11.–25.11.,31,13,6,4,23,20,,,,,,,3,
thueringen,2017-04-14,0,INSA,BILD,T,1005,05.04.–11.04.,33,15,5,4,22,19,,,,,,,2,
thueringen,2017-06-22,0,Infratest dimap,MDR,T,1000,12.06.–17.06.,37,10,5,4,27,13,,,,,,,4,
thueringen,2017-08-04,0,INSA,"TA, OTZ, TLZ",T,1007,24.07.–28.07.,37,11,4,5,22,18,,,,,,,3,
thueringen,2017-10-23,0,INSA,"TA, OTZ, TLZ",T,1002,09.10.–13.10.,31,13,4,7,20,20,,,,,,,5,
thueringen,2018-02-23,0,INSA,BILD,T,1267,09.02.–19.02.,32,10,7,5,24,18,,,,,,,4,
thueringen,2018-06-02,0,INSA,BILD,?,1028,29.05.–01.06.,31,10,6,5,26,18,,,,,,,4,
thueringen,2018-08-28,0,Infratest dimap,MDR,T,1001,20.08.–25.08.,30,10,6,5,22,23,,,,,,,4,
thueringen,2018-11-09,0,INSA,"TA, OTZ, TLZ",T,1000,22.10.–07.11.,23,12,12,6,22,22,,,,,,,3,
thueringen,2019-03-26,0,INSA,BILD,TOM,1008,19.03.–25.03.,27,10,8,5,24,20,,,,,,,6,
thueringen,2019-03-26,0,Infratest dimap,MDR,T,1005,19.03.–23.03.,28,11,8,5,24,20,,,,,,,4,
thueringen,2019-04-25,0,INSA,"TA, OTZ, TLZ",TOM,1001,11.04.–22.04.,27,10,7,6,25,19,,,,,,,6,
thueringen,2019-05-30,0,INSA,"TA, OTZ, TLZ",TOM,1029,21.05.–24.05.,26,11,8,5,25,20,,,,,,,5,
thueringen,2019-06-27,0,INSA,"TA, OTZ, TLZ",TOM,1005,18.06.–24.06.,26,10,10,5,24,20,,,,,,,5,
thueringen,2019-07-30,0,Infratest dimap,MDR,T,1001,24.07.–29.07.,21,8,11,5,25,24,,,,,,,6,
thueringen,2019-08-22,0,INSA,"TA, OTZ, TLZ",TOM,1009,12.08.–19.08.,24,9,11,4,26,21,,2,,,,,3,
thueringen,2019-09-16,0,Infratest dimap,MDR,T,1001,10.09.–14.09.,22,7,8,5,28,25,,,,,,,5,
thueringen,2019-09-26,0,INSA,"TA, OTZ, TLZ",TOM,1010,16.09.–23.09.,23,9,9,4,29,24,,,,,,,2,
thueringen,2019-10-17,0,Forschungsgruppe Wahlen,ZDF,T,1004,14.10.–16.10.,26,9,8,5,27,20,,,,,,,5,
thueringen,2019-10-17,0,Infratest dimap,ARD,T,1011,14.10.–16.10.,24,8,7,4,29,24,,,,,,,4,
thueringen,2019-10-24,0,Forschungsgruppe Wahlen,ZDF,T,1177,23.10.–24.10.,26,9,7,5,28,21,,,,,,,4,
thueringen,2019-10-24,0,INSA,"TA, OTZ, TLZ",TOM,1010,14.10.–21.10.,24,9,8,5,28,24,,,,,,,2,
thueringen,2019-10-27,1,,,,,,21.7,8.2,5.2,5,,23.4,,,,,,,5.4,
thueringen,2020-01-28,0,Infratest dimap,MDR,T,1000,21.01.–25.01.,19,8,6,6,32,24,,,,,,,5,
thueringen,2020-02-06,0,INSA,"TA, OTZ, TLZ",TOM,1006,05.02.–06.02.,19,6,6,7,34,23,,,,,,,5,
thueringen,2020-02-07,0,Forsa,"RTL, ntv",T,10030602,,12,9,7,4,37,24,,,,,,,7,
thueringen,2020-02-10,0,Infratest dimap,MDR,T,1007,07.02.–10.02.,13,10,5,4,39,24,,,,,,,5,
thueringen,2020-02-14,0,INSA,"TA, OTZ, TLZ",TOM,1014,10.02.–13.02.,14,7,6,4,40,25,,,,,,,4,
thueringen,2020-03-12,0,INSA,"TA, OTZ, TLZ",TOM,1034,05.03.–09.03.,15,8,6,4,38,25,,,,,,,4,
thueringen,2020-04-02,0,INSA,"TA, OTZ, TLZ",TOM,1018,25.03.–31.03.,18,7,7,4,37,23,,,,,,,4,
thueringen,2020-05-21,0,INSA,"TA, OTZ, TLZ",TOM,1010,14.05.–19.05.,21,8,7,5,34,22,,,,,,,3,
thueringen,2020-06-25,0,INSA,"TA, OTZ, TLZ",TOM,1016,15.06.–22.06.,22,9,6,3,35,22,,,,,,,3,
thueringen,2020-07-30,0,INSA,"TA, OTZ, TLZ",TOM,1072,20.07.–27.07.,22,9,6,4,35,21,,,,,,,3,
thueringen,2020-08-06,0,Infratest dimap,MDR,T,1000,30.07.–04.08.,24,10,6,4,32,20,,,,,,,4,
thueringen,2020-09-04,0,INSA,"TA, OTZ, TLZ",TOM,1012,24.08.–02.09.,22,9,5,4,33,22,,,,,,,5,
thueringen,2020-10-15,0,INSA,"TA, OTZ, TLZ",TOM,1004,05.10.–12.10.,22,8,7,4,33,22,,,,,,,4,
thueringen,2020-11-06,0,INSA,"TA, OTZ, TLZ",TOM,1032,02.11.–05.11.,22,9,6,5,33,22,,,,,,,3,
thueringen,2021-02-04,0,INSA,"TA, OTZ, TLZ",TOM,1000,27.01.–02.02.,22,7,8,6,31,23,,,,,,,3,
thueringen,2021-03-02,0,Infratest dimap,MDR,T,1000,25.02.–01.03.,22,10,5,6,29,23,,,,,,,5,
thueringen,2021-03-18,0,INSA,"TA, OTZ, TLZ",TOM,1036,08.03.–16.03.,19,9,8,6,30,23,,,,,,,5,
thueringen,2021-06-17,0,INSA,"TA, OTZ, TLZ",TOM,1006,07.06.–14.06.,22,9,6,7,26,23,,,,,,,7,
thueringen,2021-07-16,0,INSA,"TA, OTZ, TLZ",TOM,1006,09.07.–15.07.,21,9,7,8,27,22,,,,,,,6,
thueringen,2021-07-27,0,Infratest dimap,MDR,TOM,1162,20.07.–23.07.,21,11,6,6,27,22,,,,,,,7,
thueringen,2021-10-04,0,INSA,"TA, OTZ, TLZ",TOM,1074,29.09.–04.10.,15,21,7,8,20,24,,,,,,,5,
thueringen,2021-12-02,0,INSA,"TA, OTZ, TLZ",TOM,1000,24.11.–30.11.,15,18,7,7,24,23,,,,,,,6,
thueringen,2022-02-24,0,Infratest dimap,MDR,TOM,1158,17.02.–22.02.,19,15,5,7,23,24,,,,,,,7,
thueringen,2022-03-09,0,INSA,"TA, OTZ, TLZ",TOM,1000,01.03.–01.03.,19,16,6,6,25,23,,,,,,,5,
thueringen,2022-04-16,0,INSA,"TA, OTZ, TLZ",TOM,1027,04.04.–11.04.,20,16,7,5,24,22,,,,,,,6,
thueringen,2022-07-13,0,INSA,"TA, OTZ, TLZ",O,1019,04.07.–11.07.,20,13,8,5,24,24,,,,,,,6,
thueringen,2022-08-04,0,Infratest dimap,MDR,TOM,1172,28.07.–02.08.,22,11,7,5,22,25,,,,,,,8,
thueringen,2022-09-21,0,INSA,"TA, OTZ, TLZ",O,1081,07.09.–15.09.,20,11,8,5,23,26,,,,,,,7,
thueringen,2022-11-10,0,INSA,"TA, OTZ, TLZ",O,1108,01.11.–08.11.,21,11,7,5,23,25,,,,,,,5,BfTh=3
thueringen,2023-02-01,0,INSA,"TA, OTZ, TLZ",O,1000,20.01.–27.01.,22,10,6,5,25,26,,,,,,,4,BfTh=2
thueringen,2023-04-26,0,INSA,"TA, OTZ, TLZ",O,1000,17.04.–24.04.,21,11,6,5,22,28,,,,,,,7,
thueringen,2023-07-05,0,Infratest dimap,MDR,TOM,1193,28.06.–03.07.,21,10,5,4,20,34,,,,,,,6,
thueringen,2023-07-13,0,INSA,"TA, OTZ, TLZ",O,1000,03.07.–10.07.,20,10,5,4,22,32,,,,,,,7,
thueringen,2023-09-16,0,INSA,"TA, OTZ, TLZ",O,1000,07.09.–13.09.,21,10,6,4,22,32,,,,,,,5,
thueringen,2023-11-09,0,INSA,"TA, OTZ, TLZ",TOM,1000,30.10.–07.11.,22,9,4,4,20,34,,,,,,,7,
thueringen,2024-01-11,0,Forsa,"RTL, ntv",O,1253,06.01.–10.01.,20,9,5,3,17,36,4,,,,,,6,
thueringen,2024-01-17,0,INSA,"TA, OTZ, TLZ",O,1000,08.01.–15.01.,20,6,5,3,15,31,17,,,,,,3,
thueringen,2024-03-19,0,INSA,"TA, OTZ, TLZ",O,1000,11.03.–18.03.,21,6,5,2,18,31,13,,,,,,3,WU=1
thueringen,2024-03-19,0,Infratest dimap,MDR,TOM,1182,14.03.–18.03.,20,9,5,,16,29,15,,,,,,6,
thueringen,2024-05-01,0,INSA,"TA, OTZ, TLZ",O,1000,22.04.–29.04.,20,7,5,2,16,30,16,,,,,,4,
thueringen,2024-06-18,0,Infratest dimap,MDR,TOM,1172,13.06.–16.06.,23,7,4,,11,28,21,,,,,,6,
thueringen,2024-06-26,0,INSA,"TA, OTZ, TLZ",O,1000,17.06.–24.06.,22,7,4,2,14,29,20,,,,,,2,
thueringen,2024-08-09,0,Forschungsgruppe Wahlen,ZDF,TSM,1015,05.08.–08.08.,21,7,3,,15,30,19,,,,,,5,
thueringen,2024-08-13,0,INSA,"TA, OTZ, TLZ",O,1000,05.08.–12.08.,21,6,3,3,16,30,19,,,,,,2,
thueringen,2024-08-20,0,Forsa,"Stern, RTL",O,1011,07.08.–14.08.,21,7,4,,13,30,18,,,,,,7,
thueringen,2024-08-22,0,Infratest dimap,ARD,TOM,1551,19.08.–21.08.,23,7,3,,13,30,17,,,,,,7,
thueringen,2024-08-23,0,Forschungsgruppe Wahlen,ZDF,TSM,1071,19.08.–22.08.,23,6,4,,14,30,17,,,,,,6,
thueringen,2024-08-24,0,INSA,BamS,TOM,1000,19.08.–23.08.,21,6,3,3,14,30,20,,,,,,3,
thueringen,2024-08-29,0,Forschungsgruppe Wahlen,ZDF,TSM,1859,26.08.–29.08.,23,6,4,,13,29,18,,,,,,7,
thueringen,2024-08-30,0,Forsa,RTL,TOM,1005,27.08.–29.08.,22,7,4,,14,30,17,,,,,,6,
thueringen,2024-09-01,1,,,,,,23.6,6.1,3.2,1.1,13.1,32.8,15.8,,,,,,4.3,
thueringen,2024-11-07,0,INSA,"TA, OTZ, TLZ",O,1000,28.10.–04.11.,25,6,,,13,34,14,,,,,,8,
thueringen,2024-12-11,0,INSA,"TA, OTZ, TLZ",O,1000,02.12.–09.12.,25,7,4,,12,34,14,,,,,,4,
thueringen,2025-02-04,0,INSA,"TA, OTZ, TLZ",O,1000,27.01.–03.02.,25,7,4,,11,35,13,,,,,,5,
thueringen,2025-05-08,0,INSA,"TA, OTZ, TLZ",O,1000,29.04.–06.05.,24,8,3,,14,35,11,,,,,,5,
thueringen,2025-09-11,0,INSA,"TA, OTZ, TLZ",O,1000,02.09.–09.09.,25,7,3,,14,37,9,,,,,,5,
thueringen,2025-12-11,0,INSA,"TA, OTZ, TLZ",O,1000,02.12.–09.12.,24,6,3,,14,39,7,,,,,,7,
thueringen,2026-02-06,0,INSA,"TA, OTZ, TLZ",O,1000,27.01.–02.02.,24,7,3,,14,38,7,,,,,,7,
thueringen,2026-04-10,0,INSA,"TA, OTZ, TLZ",O,1000,27.03.–07.04.,24,6,3,,14,39,7,,,,,,7,
thueringen,2026-07-02,0,INSA,"TA, OTZ, TLZ",O,1000,23.06.–30.06.,22,6,4,,16,40,7,,,,,,5,
